x,y,z,pressure
0.0016070943331335,0.0016497570171375,-6.422222222222223e-05,37.23227173661985
0.0015670943331335,0.0016337570171375,-6.322222222222223e-05,42.17116419421971
0.0015310943331335,0.0018437570171375,-6.222222222222222e-05,10.507367510182666
0.0012900943331335,0.0019737570171375,-6.222222222222222e-05,10.676949034624474
0.0018730943331335,0.0015617570171375,-6.122222222222222e-05,10.0
0.0015150943331335,0.0018677570171375,-6.122222222222222e-05,10.527912405798824
0.0013110943331335,0.0019957570171375,-6.122222222222222e-05,10.655955550259865
0.0011360943331335,0.0020977570171375,-6.122222222222222e-05,27.334755396239096
0.0018510943331335,0.0015887570171375,-6.022222222222223e-05,10.045391174478933
0.0015980943331335,0.0017027570171375,-6.022222222222223e-05,28.704931380057012
0.0014990943331335,0.0018727570171375,-6.022222222222223e-05,10.53960029731072
0.0014620943331335,0.0016537570171375,-5.922222222222223e-05,11.599763087407606
0.0012440943331335,0.0019657570171375,-5.922222222222223e-05,11.406913396260432
0.0016240943331335,0.0017287570171375,-5.8222222222222224e-05,28.08663555041162
0.0016370943331335,0.0017857570171375,-5.8222222222222224e-05,10.405003399904649
0.0012260943331335,0.0019717570171375,-5.8222222222222224e-05,11.499212409624331
0.0012260943331335,0.0020417570171375,-5.8222222222222224e-05,13.03781338074556
0.0011180943331335,0.0020497570171375,-5.722222222222223e-05,39.311004678817746
0.0012280943331335,0.0019987570171375,-5.622222222222222e-05,11.783240206910321
0.0012170943331335,0.0020347570171375,-5.622222222222222e-05,13.170057341221778
0.0012030943331335,0.0019627570171375,-5.422222222222223e-05,11.694992559241344
0.0010240943331335,0.0020007570171375,-5.422222222222223e-05,21.052632787455032
0.0010260943331335,0.0020887570171375,-5.422222222222223e-05,19.81585729741953
0.0013600943331335,0.0019727570171375,-5.322222222222223e-05,10.634475216773653
0.0012940943331335,0.0020157570171375,-5.322222222222223e-05,10.67468713770618
0.0015500943331335,0.0015567570171375,-5.222222222222223e-05,32.80854513465287
0.0015640943331335,0.0016957570171375,-5.222222222222223e-05,25.96663354109289
0.0014980943331335,0.0017207570171375,-5.222222222222223e-05,13.67520308998238
0.0015330943331335,0.0017897570171375,-5.222222222222223e-05,18.09377906050538
0.0015700943331335,0.0016927570171375,-5.1222222222222223e-05,26.49222717350943
0.0015510943331335,0.0017057570171375,-5.1222222222222223e-05,23.420629488403417
0.0015310943331335,0.0018227570171375,-5.022222222222223e-05,19.2355979265695
0.0015340943331335,0.0020447570171375,-5.022222222222223e-05,47.955336999204604
0.0010490943331335,0.0020677570171375,-5.022222222222223e-05,21.860008952439344
0.0010180943331335,0.0020887570171375,-5.022222222222223e-05,19.663391180663893
0.0011080943331335,0.0019647570171375,-4.922222222222223e-05,47.905041630578225
0.0009860943331335,0.0020407570171375,-4.822222222222223e-05,17.832486737282597
0.0009830943331335,0.0021417570171375,-4.822222222222223e-05,13.849837134686974
0.0014480943331335,0.0016277570171375,-4.722222222222223e-05,10.800074977539584
0.0014740943331335,0.0019977570171375,-4.722222222222223e-05,48.359988270394815
0.0009410943331335,0.0021087570171375,-4.722222222222223e-05,10.679242864027131
0.0015570943331335,0.0016617570171375,-4.6222222222222224e-05,25.816519544656312
0.0010170943331335,0.0019777570171375,-4.6222222222222224e-05,20.97251617729916
0.0009930943331335,0.0020167570171375,-4.6222222222222224e-05,21.00312894893246
0.0015760943331335,0.0015337570171375,-4.522222222222223e-05,14.940189303572664
0.0015700943331335,0.0016907570171375,-4.522222222222223e-05,26.552526620956865
0.0013840943331335,0.0017547570171375,-4.522222222222223e-05,50.17348652986037
0.0015680943331335,0.0017677570171375,-4.522222222222223e-05,19.60324543563226
0.0016150943331335,0.0015367570171375,-4.422222222222223e-05,14.913423476267667
0.0015090943331335,0.0017327570171375,-4.322222222222223e-05,14.970918594275428
0.0012680943331335,0.0019227570171375,-4.322222222222223e-05,11.23858197736385
0.0011840943331335,0.0021097570171375,-4.322222222222223e-05,14.298182638138638
0.0014480943331335,0.0016067570171375,-4.222222222222223e-05,10.087709483056774
0.0015230943331335,0.0017037570171375,-4.222222222222223e-05,20.9392542028082
0.0015920943331335,0.0018517570171375,-4.222222222222223e-05,24.469301856071347
0.0012880943331335,0.0019457570171375,-4.222222222222223e-05,11.55490393748744
0.0015810943331335,0.0019627570171375,-4.222222222222223e-05,17.087300394548052
0.0011740943331335,0.0020917570171375,-4.222222222222223e-05,14.435565396451624
0.0014960943331335,0.0015877570171375,-4.1222222222222224e-05,17.798981464376105
0.0016050943331335,0.0016297570171375,-4.1222222222222224e-05,39.48516934749431
0.0015270943331335,0.0019217570171375,-4.1222222222222224e-05,12.703054980708417
0.0011570943331335,0.0019967570171375,-4.1222222222222224e-05,16.92456000760266
0.0016430943331335,0.0015917570171375,-4.022222222222223e-05,20.35130649044166
0.0011600943331335,0.0017127570171375,-4.022222222222223e-05,10.080051075190612
0.0011180943331335,0.0018177570171375,-4.022222222222223e-05,10.427255237386314
0.0015960943331335,0.0018377570171375,-4.022222222222223e-05,25.01798569854147
0.0012630943331335,0.0020087570171375,-4.022222222222223e-05,11.582000501547977
0.0008800943331335,0.0020097570171375,-4.022222222222223e-05,10.114296873506412
0.0011860943331335,0.0020577570171375,-4.022222222222223e-05,13.9244567487606
0.0010870943331335,0.0017797570171375,-3.922222222222223e-05,10.087378285691189
0.0012370943331335,0.0019007570171375,-3.922222222222223e-05,11.530149579536955
0.0013850943331335,0.0019497570171375,-3.922222222222223e-05,10.620034452502164
0.0009100943331335,0.0019507570171375,-3.922222222222223e-05,10.1099515017094
0.0010410943331335,0.0019857570171375,-3.922222222222223e-05,19.97396557595113
0.0012640943331335,0.0019947570171375,-3.922222222222223e-05,11.551944289555767
0.0017380943331335,0.0020497570171375,-3.922222222222223e-05,21.724980632908544
0.0011180943331335,0.0017247570171375,-3.822222222222223e-05,10.0812373380408
0.0016770943331335,0.0017457570171375,-3.822222222222223e-05,30.489590947958987
0.0016050943331335,0.0018027570171375,-3.822222222222223e-05,26.119815102112963
0.0015270943331335,0.0018997570171375,-3.822222222222223e-05,11.562128847236233
0.0012130943331335,0.0021017570171375,-3.822222222222223e-05,12.844749653434992
0.0013460943331335,0.0016767570171375,-3.722222222222223e-05,50.7691453486766
0.0015800943331335,0.0018557570171375,-3.722222222222223e-05,24.04864500845819
0.0012220943331335,0.0019007570171375,-3.722222222222223e-05,11.65387938927281
0.0017400943331335,0.0019517570171375,-3.722222222222223e-05,17.144214495166626
0.0012190943331335,0.0020727570171375,-3.722222222222223e-05,12.67064263992509
0.0015310943331335,0.0016517570171375,-3.622222222222223e-05,25.353470020426755
0.0014820943331335,0.0016947570171375,-3.622222222222223e-05,22.493650352582303
0.0016240943331335,0.0017477570171375,-3.622222222222223e-05,28.312552373264218
0.0015700943331335,0.0018787570171375,-3.622222222222223e-05,22.571574789096235
0.0009390943331335,0.0019087570171375,-3.622222222222223e-05,10.105911178945284
0.0012580943331335,0.0019227570171375,-3.622222222222223e-05,11.358399065215094
0.0016280943331335,0.0020307570171375,-3.622222222222223e-05,18.381658269679527
0.0017530943331335,0.0022867570171375,-3.622222222222223e-05,46.387951657664
0.0015510943331335,0.0015387570171375,-3.522222222222223e-05,31.766072914398805
0.0014140943331335,0.0015657570171375,-3.522222222222223e-05,10.05866576347442
0.0012880943331335,0.0017487570171375,-3.522222222222223e-05,50.1137234910533
0.0015130943331335,0.0017947570171375,-3.522222222222223e-05,17.1351106202943
0.0016410943331335,0.0018207570171375,-3.522222222222223e-05,10.958996128747382
0.0013070943331335,0.0019647570171375,-3.522222222222223e-05,11.648762355021594
0.0016110943331335,0.0020777570171375,-3.522222222222223e-05,18.83698715425835
0.0012570943331335,0.0021167570171375,-3.522222222222223e-05,12.378563495675149
0.0012640943331335,0.0021227570171375,-3.522222222222223e-05,12.378473357720303
0.0008660943331335,0.0016297570171375,-3.422222222222223e-05,10.0
0.0016060943331335,0.0017457570171375,-3.422222222222223e-05,27.734192603803763
0.0012530943331335,0.0021067570171375,-3.422222222222223e-05,12.35944422892685
0.0014150943331335,0.0014387570171375,-3.3222222222222226e-05,14.435483890625697
0.0016100943331335,0.0019137570171375,-3.3222222222222226e-05,21.52695788132316
0.0012690943331335,0.0021407570171375,-3.3222222222222226e-05,12.568194735678068
0.0016830943331335,0.0016107570171375,-3.222222222222223e-05,23.08979399013252
0.0015180943331335,0.0017497570171375,-3.222222222222223e-05,15.432063162229623
0.0012690943331335,0.0018427570171375,-3.222222222222223e-05,11.553455340674448
0.0014730943331335,0.0018487570171375,-3.222222222222223e-05,11.215497052319146
0.0011180943331335,0.0018807570171375,-3.222222222222223e-05,11.105013317907607
0.0009800943331335,0.0018827570171375,-3.222222222222223e-05,10.10177800542935
0.0010490943331335,0.0019507570171375,-3.222222222222223e-05,18.087049649370126
0.0012190943331335,0.0020667570171375,-3.222222222222223e-05,12.608107347109977
0.0009820943331335,0.0020947570171375,-3.222222222222223e-05,19.374369475571942
0.0016830943331335,0.0015027570171375,-3.1222222222222225e-05,14.1676762402532
0.0016990943331335,0.0015567570171375,-3.1222222222222225e-05,20.396097321188734
0.0016870943331335,0.0016167570171375,-3.1222222222222225e-05,25.256324853064374
0.0014540943331335,0.0016647570171375,-3.1222222222222225e-05,13.00244338316484
0.0014470943331335,0.0017757570171375,-3.1222222222222225e-05,17.108469312982933
0.0011960943331335,0.0019267570171375,-3.1222222222222225e-05,12.203250023952032
0.0017440943331335,0.0020747570171375,-3.1222222222222225e-05,21.76027188805343
0.0010370943331335,0.0018227570171375,-3.0222222222222228e-05,10.092495604073395
0.0009970943331335,0.0018587570171375,-3.0222222222222228e-05,10.098567174102763
0.0016820943331335,0.0018937570171375,-3.0222222222222228e-05,17.301050911631652
0.0013390943331335,0.0020677570171375,-3.0222222222222228e-05,13.44807567733864
0.0014870943331335,0.0016047570171375,-2.9222222222222227e-05,20.907277096825506
0.0008760943331335,0.0018427570171375,-2.9222222222222227e-05,10.688658812807846
0.0011580943331335,0.0019817570171375,-2.9222222222222227e-05,16.883651813020002
0.0011080943331335,0.0019837570171375,-2.9222222222222227e-05,43.496950218096835
0.0017310943331335,0.0019957570171375,-2.9222222222222227e-05,17.271125226614227
0.0010600943331335,0.0020507570171375,-2.9222222222222227e-05,19.651865372626226
0.0012260943331335,0.0021277570171375,-2.9222222222222227e-05,12.450399938843297
0.0013040943331335,0.0022467570171375,-2.9222222222222227e-05,38.47987388
0.0015170943331335,0.0014457570171375,-2.8222222222222227e-05,10.041084864777535
0.0016400943331335,0.0017627570171375,-2.8222222222222227e-05,28.443220365443146
0.0015670943331335,0.0018747570171375,-2.8222222222222227e-05,22.3888192000426
0.0010780943331335,0.0019187570171375,-2.8222222222222227e-05,15.347300018074538
0.0012120943331335,0.0020237570171375,-2.8222222222222227e-05,12.227719326209295
0.0016790943331335,0.0015487570171375,-2.7222222222222223e-05,19.908771799784315
0.0011530943331335,0.0016067570171375,-2.7222222222222223e-05,12.419523823892279
0.0012210943331335,0.0018927570171375,-2.7222222222222223e-05,12.253805108985395
0.0010940943331335,0.0019297570171375,-2.7222222222222223e-05,15.940186411117704
0.0010470943331335,0.0019497570171375,-2.7222222222222223e-05,17.258522587898156
0.0010350943331335,0.0019537570171375,-2.7222222222222223e-05,16.48625220324276
0.0010120943331335,0.0020217570171375,-2.7222222222222223e-05,19.504332939907695
0.0012910943331335,0.0020507570171375,-2.7222222222222223e-05,10.713452748602693
0.0016960943331335,0.0015637570171375,-2.622222222222223e-05,19.895714637864348
0.0015410943331335,0.0015927570171375,-2.622222222222223e-05,25.642144411753733
0.0008230943331335,0.0017467570171375,-2.622222222222223e-05,32.47868629707031
0.0016150943331335,0.0017937570171375,-2.622222222222223e-05,26.565696146984212
0.0016620943331335,0.0019517570171375,-2.622222222222223e-05,17.544353395951298
0.0011650943331335,0.0020587570171375,-2.622222222222223e-05,17.002833495197237
0.0017520943331335,0.0020887570171375,-2.622222222222223e-05,21.577874632469605
0.0008660943331335,0.0021097570171375,-2.622222222222223e-05,10.120689837682468
0.0015230943331335,0.0014247570171375,-2.522222222222223e-05,10.03837102349907
0.0008980943331335,0.0016257570171375,-2.522222222222223e-05,10.01158457743768
0.0016700943331335,0.0016717570171375,-2.522222222222223e-05,22.399538348140577
0.0015130943331335,0.0017577570171375,-2.522222222222223e-05,15.4808793334437
0.0015510943331335,0.0017607570171375,-2.522222222222223e-05,17.04169083797145
0.0016910943331335,0.0017797570171375,-2.522222222222223e-05,25.314602865422447
0.0011100943331335,0.0019937570171375,-2.522222222222223e-05,42.935829613340495
0.0013870943331335,0.0014697570171375,-2.4222222222222228e-05,14.637060864277545
0.0016260943331335,0.0015577570171375,-2.4222222222222228e-05,19.080078712633075
0.0011850943331335,0.0015987570171375,-2.4222222222222228e-05,12.347604079626947
0.0012120943331335,0.0019417570171375,-2.4222222222222228e-05,12.372504011244235
0.0012730943331335,0.0020277570171375,-2.4222222222222228e-05,10.782319546471445
0.0009110943331335,0.0015727570171375,-2.3222222222222227e-05,10.17817962444286
0.0011380943331335,0.0018417570171375,-2.3222222222222227e-05,10.74725726209266
0.0013230943331335,0.0020097570171375,-2.3222222222222227e-05,12.109066154869156
0.0013350943331335,0.0020547570171375,-2.3222222222222227e-05,12.936991278247373
0.0013660943331335,0.0020697570171375,-2.3222222222222227e-05,13.393877233009194
0.0016460943331335,0.0014607570171375,-2.2222222222222227e-05,11.545378150969697
0.0008730943331335,0.0017377570171375,-2.2222222222222227e-05,31.93920579982544
0.0008770943331335,0.0017447570171375,-2.2222222222222227e-05,32.47868629707031
0.0012970943331335,0.0019127570171375,-2.2222222222222227e-05,11.821064371858203
0.0016650943331335,0.0019537570171375,-2.2222222222222227e-05,17.53842684151546
0.0014600943331335,0.0020577570171375,-2.2222222222222227e-05,15.904981975106683
0.0009900943331335,0.0021017570171375,-2.2222222222222227e-05,19.29147922136354
0.0015520943331335,0.0018387570171375,-2.1222222222222223e-05,19.611346274615297
0.0012840943331335,0.0018677570171375,-2.1222222222222223e-05,11.57837937516693
0.0017170943331335,0.0019277570171375,-2.1222222222222223e-05,16.145748880648892
0.0014190943331335,0.0013877570171375,-2.022222222222223e-05,10.093051042012213
0.0015340943331335,0.0015947570171375,-2.022222222222223e-05,25.253906766635843
0.0013300943331335,0.0018997570171375,-2.022222222222223e-05,11.6502479593729
0.0017070943331335,0.0019247570171375,-2.022222222222223e-05,16.27775971771779
0.0010520943331335,0.0019447570171375,-2.022222222222223e-05,17.431348465955057
0.0012130943331335,0.0019537570171375,-2.022222222222223e-05,12.546701469553598
0.0012660943331335,0.0020637570171375,-2.022222222222223e-05,10.790676047372346
0.0014630943331335,0.0020677570171375,-2.022222222222223e-05,15.851227786752474
0.0017170943331335,0.0021247570171375,-2.022222222222223e-05,23.22106953372778
0.0010290943331335,0.0021377570171375,-2.022222222222223e-05,18.325127010409265
0.0010310943331335,0.0016957570171375,-1.9222222222222228e-05,10.06389204590906
0.0014890943331335,0.0018137570171375,-1.9222222222222228e-05,16.37337634962287
0.0012700943331335,0.0018547570171375,-1.9222222222222228e-05,11.520266834205758
0.0013150943331335,0.0018837570171375,-1.9222222222222228e-05,11.715556236368881
0.0012210943331335,0.0018947570171375,-1.9222222222222228e-05,12.699637814426502
0.0013270943331335,0.0019077570171375,-1.9222222222222228e-05,11.645544087931325
0.0017420943331335,0.0019127570171375,-1.9222222222222228e-05,15.305432713830193
0.0016550943331335,0.0019867570171375,-1.9222222222222228e-05,17.660703785629718
0.0015100943331335,0.0019877570171375,-1.9222222222222228e-05,14.656584185234648
0.0016280943331335,0.0014437570171375,-1.8222222222222228e-05,10.72688569252774
0.0015970943331335,0.0015327570171375,-1.8222222222222228e-05,17.700866801654087
0.0015220943331335,0.0016687570171375,-1.8222222222222228e-05,25.7930998599383
0.0009160943331335,0.0016967570171375,-1.8222222222222228e-05,27.083129974831998
0.0012810943331335,0.0019267570171375,-1.8222222222222228e-05,12.06878325161266
0.0010450943331335,0.0020887570171375,-1.8222222222222228e-05,19.762536906774386
0.0017570943331335,0.0021217570171375,-1.8222222222222228e-05,22.893842495620447
0.0009630943331335,0.0015807570171375,-1.7222222222222227e-05,21.450958099395894
0.0016210943331335,0.0015827570171375,-1.7222222222222227e-05,21.714787096237515
0.0014580943331335,0.0016637570171375,-1.7222222222222227e-05,14.305387617133794
0.0012380943331335,0.0016687570171375,-1.7222222222222227e-05,10.075094376548687
0.0012180943331335,0.0018327570171375,-1.7222222222222227e-05,10.569073781056266
0.0011260943331335,0.0018567570171375,-1.7222222222222227e-05,10.945941428012594
0.0017510943331335,0.0018577570171375,-1.7222222222222227e-05,17.767961315239578
0.0009210943331335,0.0019057570171375,-1.7222222222222227e-05,10.109654367355475
0.0016140943331335,0.0014277570171375,-1.6222222222222227e-05,10.312496236785282
0.0016710943331335,0.0015347570171375,-1.6222222222222227e-05,15.908711442794718
0.0017620943331335,0.0016487570171375,-1.6222222222222227e-05,19.160155342901504
0.0016790943331335,0.0018207570171375,-1.6222222222222227e-05,25.796985313306816
0.0012150943331335,0.0018387570171375,-1.6222222222222227e-05,10.609458687064876
0.0016680943331335,0.0020077570171375,-1.6222222222222227e-05,17.61271350187959
0.0012670943331335,0.0020187570171375,-1.6222222222222227e-05,12.182755699857994
0.0013840943331335,0.0020937570171375,-1.6222222222222227e-05,13.375601608962569
0.0012820943331335,0.0021167570171375,-1.6222222222222227e-05,12.187530633115117
0.0017170943331335,0.0021237570171375,-1.6222222222222227e-05,22.8280161985613
0.0016590943331335,0.0015287570171375,-1.5222222222222228e-05,18.01621867404129
0.0017160943331335,0.0018497570171375,-1.5222222222222228e-05,18.09122808218775
0.0012910943331335,0.0019167570171375,-1.5222222222222228e-05,11.917524201122298
0.0016590943331335,0.0019927570171375,-1.5222222222222228e-05,17.49680642061305
0.0015970943331335,0.0021097570171375,-1.5222222222222228e-05,19.41841391389553
0.0011300943331335,0.0021277570171375,-1.5222222222222228e-05,29.73638546508049
0.0010730943331335,0.0015947570171375,-1.4222222222222229e-05,22.16760429782421
0.0011510943331335,0.0016607570171375,-1.4222222222222229e-05,12.448869700802005
0.0015790943331335,0.0020097570171375,-1.4222222222222229e-05,17.082980464373357
0.0016750943331335,0.0020757570171375,-1.4222222222222229e-05,21.993732703340715
0.0011280943331335,0.0014817570171375,-1.3222222222222228e-05,10.702941708118065
0.0015860943331335,0.0015277570171375,-1.3222222222222228e-05,16.23557111407036
0.0015690943331335,0.0016117570171375,-1.3222222222222228e-05,26.660621761561558
0.0013260943331335,0.0016277570171375,-1.3222222222222228e-05,10.067830631487753
0.0012040943331335,0.0018707570171375,-1.3222222222222228e-05,11.56770078855396
0.0013170943331335,0.0018807570171375,-1.3222222222222228e-05,11.973844624389788
0.0011250943331335,0.0019127570171375,-1.3222222222222228e-05,11.642320073269012
0.0014040943331335,0.0019547570171375,-1.3222222222222228e-05,12.181667844829178
0.0016370943331335,0.0014037570171375,-1.2222222222222228e-05,10.711719503013589
0.0008860943331335,0.0015337570171375,-1.2222222222222228e-05,10.287079296420455
0.0015140943331335,0.0015357570171375,-1.2222222222222228e-05,16.828046504289635
0.0011550943331335,0.0015467570171375,-1.2222222222222228e-05,12.27031891204422
0.0016080943331335,0.0015787570171375,-1.2222222222222228e-05,23.145259623394352
0.0016970943331335,0.0018617570171375,-1.2222222222222228e-05,18.839367685864147
0.0009990943331335,0.0019127570171375,-1.2222222222222228e-05,10.923252607262205
0.0017600943331335,0.0019567570171375,-1.2222222222222228e-05,17.06317496286582
0.0010350943331335,0.0020707570171375,-1.2222222222222228e-05,19.304020565022935
0.0009900943331335,0.0021007570171375,-1.2222222222222228e-05,19.152423997271708
0.0014250943331335,0.0021397570171375,-1.2222222222222228e-05,14.91505513379325
0.0016320943331335,0.0015907570171375,-1.1222222222222229e-05,18.921296794388702
0.0014380943331335,0.0018487570171375,-1.1222222222222229e-05,11.52412260557544
0.0011270943331335,0.0018647570171375,-1.1222222222222229e-05,11.164425252100227
0.0012730943331335,0.0020177570171375,-1.1222222222222229e-05,12.174387730368114
0.0013890943331335,0.0015097570171375,-1.0222222222222228e-05,14.37285095345395
0.0011960943331335,0.0015437570171375,-1.0222222222222228e-05,10.516503470063789
0.0010130943331335,0.0015697570171375,-1.0222222222222228e-05,20.757294628009895
0.0009810943331335,0.0015967570171375,-1.0222222222222228e-05,22.258568514486022
0.0014890943331335,0.0016607570171375,-1.0222222222222228e-05,22.10551769385331
0.0012540943331335,0.0018437570171375,-1.0222222222222228e-05,11.31932731116906
0.0009660943331335,0.0020357570171375,-1.0222222222222228e-05,11.59738718395943
0.0013890943331335,0.0020987570171375,-1.0222222222222228e-05,13.396909391333002
0.0010800943331335,0.0020997570171375,-1.0222222222222228e-05,19.575347553068482
0.0018630943331335,0.0013287570171375,-9.222222222222227e-06,48.59973525740801
0.0013760943331335,0.0013897570171375,-9.222222222222227e-06,10.111246478458487
0.0012220943331335,0.0014837570171375,-9.222222222222227e-06,10.595675257203704
0.0012060943331335,0.0014927570171375,-9.222222222222227e-06,10.595373073683714
0.0015810943331335,0.0015217570171375,-9.222222222222227e-06,12.698297683054436
0.0010150943331335,0.0019817570171375,-9.222222222222227e-06,15.183217654306338
0.0012990943331335,0.0020977570171375,-9.222222222222227e-06,10.87754675667575
0.0015580943331335,0.0013937570171375,-8.222222222222229e-06,10.030743127465792
0.0009590943331335,0.0016147570171375,-8.222222222222229e-06,22.433826377806042
0.0011220943331335,0.0016287570171375,-8.222222222222229e-06,15.873173124282106
0.0010350943331335,0.0018207570171375,-8.222222222222229e-06,10.099823320324367
0.0017600943331335,0.0019337570171375,-8.222222222222229e-06,15.222505956566888
0.0011800943331335,0.0021057570171375,-8.222222222222229e-06,15.303782041589798
0.0012140943331335,0.0017737570171375,-7.222222222222228e-06,11.881523524505155
0.0012010943331335,0.0014537570171375,-6.222222222222228e-06,10.60126596878322
0.0015980943331335,0.0015097570171375,-6.222222222222228e-06,13.97419889543502
0.0011830943331335,0.0016207570171375,-6.222222222222228e-06,11.916442786019848
0.0015870943331335,0.0017897570171375,-6.222222222222228e-06,21.232539388234937
0.0010610943331335,0.0019647570171375,-6.222222222222228e-06,18.613617282071967
0.0014120943331335,0.0020577570171375,-6.222222222222228e-06,10.822845610301277
0.0014690943331335,0.0021027570171375,-6.222222222222228e-06,16.009207588675704
0.0011430943331335,0.0014237570171375,-5.2222222222222285e-06,10.256110650829184
0.0015340943331335,0.0014927570171375,-5.2222222222222285e-06,10.493705073000042
0.0016520943331335,0.0014947570171375,-5.2222222222222285e-06,12.724160616456535
0.0017420943331335,0.0015297570171375,-5.2222222222222285e-06,20.231636393835476
0.0009180943331335,0.0018547570171375,-5.2222222222222285e-06,11.03221857245295
0.0011930943331335,0.0018837570171375,-5.2222222222222285e-06,12.099982876066328
0.0012220943331335,0.0019647570171375,-5.2222222222222285e-06,13.038046588208225
0.0016790943331335,0.0020187570171375,-5.2222222222222285e-06,18.11212749985445
0.0015740943331335,0.0016637570171375,-4.222222222222229e-06,33.8084183184945
0.0014540943331335,0.0020057570171375,-4.222222222222229e-06,14.02633662725926
0.0009580943331335,0.0021027570171375,-4.222222222222229e-06,18.536961720736908
0.0014250943331335,0.0021327570171375,-4.222222222222229e-06,15.300352780803813
0.0013650943331335,0.0013897570171375,-3.2222222222222286e-06,10.11622063201711
0.0011060943331335,0.0014387570171375,-3.2222222222222286e-06,10.296817330773893
0.0016540943331335,0.0019147570171375,-3.2222222222222286e-06,21.155184846334343
0.0009150943331335,0.0019167570171375,-3.2222222222222286e-06,10.133333260388897
0.0017580943331335,0.0019477570171375,-3.2222222222222286e-06,16.112429389969034
0.0010070943331335,0.0019737570171375,-3.2222222222222286e-06,14.870302460038932
0.0016390943331335,0.0020967570171375,-3.2222222222222286e-06,20.403493983043525
0.0011190943331335,0.0015157570171375,-2.2222222222222284e-06,12.093769651520095
0.0010880943331335,0.0015487570171375,-2.2222222222222284e-06,16.7459936745875
0.0014990943331335,0.0015567570171375,-2.2222222222222284e-06,17.14107838822619
0.0016900943331335,0.0018977570171375,-2.2222222222222284e-06,19.074539675727248
0.0009980943331335,0.0019577570171375,-2.2222222222222284e-06,14.618021651040532
0.0013480943331335,0.0013917570171375,-1.2222222222222285e-06,10.123295018490094
0.0010260943331335,0.0014647570171375,-1.2222222222222285e-06,10.738787800473013
0.0017060943331335,0.0014757570171375,-1.2222222222222285e-06,19.482878363510707
0.0017040943331335,0.0014997570171375,-1.2222222222222285e-06,15.828275431921066
0.0016590943331335,0.0015097570171375,-1.2222222222222285e-06,13.28761854570347
0.0016710943331335,0.0017047570171375,-1.2222222222222285e-06,24.811954298030827
0.0010200943331335,0.0018267570171375,-1.2222222222222285e-06,10.76194625237883
0.0012860943331335,0.0018647570171375,-1.2222222222222285e-06,11.585928517392299
0.0012160943331335,0.0019387570171375,-1.2222222222222285e-06,12.615916129429644
0.0017620943331335,0.0012967570171375,-2.222222222222285e-07,48.515394690608446
0.0011270943331335,0.0014957570171375,-2.222222222222285e-07,11.038325105511824
0.0015650943331335,0.0015237570171375,-2.222222222222285e-07,12.249355956355402
0.0011510943331335,0.0015337570171375,-2.222222222222285e-07,12.174475296793398
0.0012000943331335,0.0016207570171375,-2.222222222222285e-07,11.233112621867946
0.0017320943331335,0.0016617570171375,-2.222222222222285e-07,23.445456067582928
0.0013120943331335,0.0019017570171375,-2.222222222222285e-07,12.047411264648757
0.0011960943331335,0.0015477570171375,7.777777777777714e-07,10.59250456134158
0.0012280943331335,0.0019767570171375,7.777777777777714e-07,13.577237184795893
0.0015470943331335,0.0015117570171375,1.7777777777777714e-06,11.882350661349161
0.0011420943331335,0.0015377570171375,1.7777777777777714e-06,12.184482481880302
0.0017590943331335,0.0015557570171375,1.7777777777777714e-06,20.430660473743337
0.0015700943331335,0.0016737570171375,1.7777777777777714e-06,33.30281536973384
0.0016330943331335,0.0017327570171375,1.7777777777777714e-06,29.26679747009348
0.0015020943331335,0.0017577570171375,1.7777777777777714e-06,17.359802377616905
0.0016820943331335,0.0019087570171375,1.7777777777777714e-06,19.131540919803516
0.0010720943331335,0.0019197570171375,1.7777777777777714e-06,14.735618438903243
0.0012900943331335,0.0019867570171375,1.7777777777777714e-06,12.05909787121883
0.0016950943331335,0.0020707570171375,1.7777777777777714e-06,21.84286161021049
0.0016040943331335,0.0014867570171375,2.777777777777771e-06,14.198708642599353
0.0014350943331335,0.0015517570171375,2.777777777777771e-06,19.820415690825076
0.0011700943331335,0.0016087570171375,2.777777777777771e-06,12.781129953935173
0.0011820943331335,0.0017527570171375,2.777777777777771e-06,11.525809019594716
0.0012250943331335,0.0018607570171375,2.777777777777771e-06,11.01894915710265
0.0014350943331335,0.0019067570171375,2.777777777777771e-06,13.001255282866467
0.0014900943331335,0.0019307570171375,2.777777777777771e-06,13.669755454690872
0.0016570943331335,0.0019737570171375,2.777777777777771e-06,17.558930235330585
0.0013640943331335,0.0020647570171375,2.777777777777771e-06,13.372649634824121
0.0012730943331335,0.0014227570171375,3.7777777777777713e-06,51.75187414092693
0.0017250943331335,0.0015387570171375,3.7777777777777713e-06,18.065095999818446
0.0009180943331335,0.0019337570171375,3.7777777777777713e-06,10.13750983961224
0.0015050943331335,0.0020057570171375,3.7777777777777713e-06,15.571475670202584
0.0012990943331335,0.0020787570171375,3.7777777777777713e-06,10.766242209710244
0.0010970943331335,0.0015547570171375,4.777777777777772e-06,16.797628979243616
0.0011190943331335,0.0016407570171375,4.777777777777772e-06,16.218676697450157
0.0017550943331335,0.0017417570171375,4.777777777777772e-06,19.01224535927234
0.0011470943331335,0.0018507570171375,4.777777777777772e-06,12.308294769384045
0.0014810943331335,0.0018837570171375,4.777777777777772e-06,12.076827349296398
0.0010960943331335,0.0019297570171375,4.777777777777772e-06,12.969633383039058
0.0011330943331335,0.0019367570171375,4.777777777777772e-06,11.843198183326361
0.0012270943331335,0.0020417570171375,4.777777777777772e-06,13.32852880621707
0.0013220943331335,0.0013827570171375,5.777777777777771e-06,10.133920895399442
0.0013920943331335,0.0014867570171375,5.777777777777771e-06,14.002526506171998
0.0013530943331335,0.0016747570171375,5.777777777777771e-06,10.156433809101914
0.0009980943331335,0.0018987570171375,5.777777777777771e-06,11.40029447705062
0.0016510943331335,0.0019727570171375,5.777777777777771e-06,17.496801157087923
0.0012420943331335,0.0020387570171375,5.777777777777771e-06,13.389081977928653
0.0017070943331335,0.0014887570171375,7.77777777777777e-06,15.802230152187608
0.0017380943331335,0.0016457570171375,7.77777777777777e-06,21.255428865404987
0.0013790943331335,0.0019557570171375,7.77777777777777e-06,12.390003598508532
0.0012370943331335,0.0020407570171375,7.77777777777777e-06,13.429027905445098
0.0010210943331335,0.0020497570171375,7.77777777777777e-06,18.184521025172593
0.0017070943331335,0.0020727570171375,7.77777777777777e-06,21.628597113979534
0.0014050943331335,0.0014387570171375,8.777777777777771e-06,10.84827435232559
0.0011120943331335,0.0017527570171375,8.777777777777771e-06,10.614630915566051
0.0015680943331335,0.0018637570171375,8.777777777777771e-06,19.89605982027199
0.0014060943331335,0.0018937570171375,8.777777777777771e-06,13.061455841907028
0.0012150943331335,0.0020507570171375,8.777777777777771e-06,13.16192796813506
0.0014000943331335,0.0014237570171375,9.77777777777777e-06,10.575644086525978
0.0013550943331335,0.0014647570171375,9.77777777777777e-06,14.930770818589707
0.0011300943331335,0.0014967570171375,9.77777777777777e-06,11.166520230753802
0.0012080943331335,0.0017337570171375,9.77777777777777e-06,10.894803147480635
0.0012310943331335,0.0018667570171375,9.77777777777777e-06,12.926107940789896
0.0010680943331335,0.0019077570171375,9.77777777777777e-06,14.4820607636514
0.0013630943331335,0.0015447570171375,1.077777777777777e-05,18.994642883949552
0.0010980943331335,0.0016047570171375,1.077777777777777e-05,19.80675416736574
0.0010400943331335,0.0016627570171375,1.077777777777777e-05,19.934098306788773
0.0012390943331335,0.0016877570171375,1.077777777777777e-05,10.105212887829902
0.0012370943331335,0.0016957570171375,1.077777777777777e-05,10.183392904604853
0.0015030943331335,0.0017597570171375,1.077777777777777e-05,23.14333484625737
0.0014170943331335,0.0017987570171375,1.077777777777777e-05,16.623910268806256
0.0015270943331335,0.0018017570171375,1.077777777777777e-05,15.957900785781737
0.0014900943331335,0.0019827570171375,1.077777777777777e-05,14.738280312326708
0.0012440943331335,0.0021037570171375,1.077777777777777e-05,11.468247591434608
0.0010010943331335,0.0014657570171375,1.1777777777777771e-05,14.604421638708999
0.0011210943331335,0.0016297570171375,1.1777777777777771e-05,16.700643363135708
0.0016270943331335,0.0017487570171375,1.1777777777777771e-05,28.831989307555006
0.0017300943331335,0.0018607570171375,1.1777777777777771e-05,18.151068294160485
0.0016540943331335,0.0018797570171375,1.1777777777777771e-05,12.334283910070733
0.0010070943331335,0.0019317570171375,1.1777777777777771e-05,11.721873105947829
0.0011550943331335,0.0019757570171375,1.1777777777777771e-05,17.028298028657
0.0014210943331335,0.0020037570171375,1.1777777777777771e-05,13.234379891658993
0.0013160943331335,0.0021297570171375,1.1777777777777771e-05,11.679710145604353
0.0014100943331335,0.0016497570171375,1.277777777777777e-05,15.307457541378273
0.0015760943331335,0.0017437570171375,1.277777777777777e-05,20.244286523846306
0.0011510943331335,0.0019547570171375,1.277777777777777e-05,14.827886208637898
0.0016530943331335,0.0020867570171375,1.277777777777777e-05,19.725332100950407
0.0014150943331335,0.0013917570171375,1.3777777777777773e-05,10.244465902716248
0.0013530943331335,0.0014687570171375,1.3777777777777773e-05,15.136494970397697
0.0009610943331335,0.0014807570171375,1.3777777777777773e-05,15.671622902732631
0.0011140943331335,0.0017857570171375,1.3777777777777773e-05,11.029245515551262
0.0014620943331335,0.0018737570171375,1.3777777777777773e-05,12.186466693635154
0.0010090943331335,0.0013597570171375,1.4777777777777771e-05,14.763819269811782
0.0011010943331335,0.0014097570171375,1.4777777777777771e-05,11.527502895680284
0.0010560943331335,0.0014247570171375,1.4777777777777771e-05,14.697844691440004
0.0010990943331335,0.0014607570171375,1.4777777777777771e-05,10.598450818908983
0.0012190943331335,0.0014777570171375,1.4777777777777771e-05,10.59928275173013
0.0013480943331335,0.0015127570171375,1.4777777777777771e-05,16.500223796435183
0.0012030943331335,0.0015667570171375,1.4777777777777771e-05,10.797983727272197
0.0014930943331335,0.0016177570171375,1.4777777777777771e-05,21.53529458683318
0.0014430943331335,0.0016567570171375,1.4777777777777771e-05,15.887410792919297
0.0016920943331335,0.0017017570171375,1.4777777777777771e-05,24.047829619893314
0.0014160943331335,0.0019887570171375,1.4777777777777771e-05,12.622023832010939
0.0015020943331335,0.0019967570171375,1.4777777777777771e-05,14.894625711121849
0.0016500943331335,0.0020277570171375,1.4777777777777771e-05,17.18580356196225
0.0017310943331335,0.0020557570171375,1.4777777777777771e-05,21.428228934702783
0.0013220943331335,0.0013487570171375,1.5777777777777772e-05,10.193133775101911
0.0014760943331335,0.0013987570171375,1.5777777777777772e-05,13.743311432228559
0.0013850943331335,0.0014807570171375,1.5777777777777772e-05,14.5342887348258
0.0014600943331335,0.0014977570171375,1.5777777777777772e-05,16.583968265622417
0.0016710943331335,0.0015347570171375,1.5777777777777772e-05,13.583278016307835
0.0010800943331335,0.0016567570171375,1.5777777777777772e-05,19.21314677421172
0.0011410943331335,0.0017307570171375,1.5777777777777772e-05,10.423957165665808
0.0013380943331335,0.0017327570171375,1.5777777777777772e-05,13.765672763880287
0.0010340943331335,0.0018027570171375,1.5777777777777772e-05,10.387839235772315
0.0012600943331335,0.0018187570171375,1.5777777777777772e-05,11.867185678735519
0.0013680943331335,0.0019497570171375,1.5777777777777772e-05,12.4030436293611
0.0014060943331335,0.0014937570171375,1.677777777777777e-05,14.767797638202909
0.0014810943331335,0.0015477570171375,1.677777777777777e-05,19.654308371232638
0.0012260943331335,0.0015837570171375,1.677777777777777e-05,10.963712736076575
0.0011070943331335,0.0016187570171375,1.677777777777777e-05,17.579154759613346
0.0012020943331335,0.0016627570171375,1.677777777777777e-05,11.645630442970582
0.0013610943331335,0.0016907570171375,1.677777777777777e-05,10.483008186216697
0.0012960943331335,0.0017397570171375,1.677777777777777e-05,14.591869026162053
0.0014520943331335,0.0018627570171375,1.677777777777777e-05,14.8886734010022
0.0011490943331335,0.0019127570171375,1.677777777777777e-05,12.558181438883608
0.0013970943331335,0.0014087570171375,1.777777777777777e-05,10.320225549138199
0.0014850943331335,0.0014087570171375,1.777777777777777e-05,13.91871754413562
0.0014470943331335,0.0015797570171375,1.777777777777777e-05,19.945357798770278
0.0012620943331335,0.0017837570171375,1.777777777777777e-05,11.88237056189367
0.0012250943331335,0.0019957570171375,1.777777777777777e-05,13.96772436048649
0.0017160943331335,0.0020727570171375,1.777777777777777e-05,21.57947614431964
0.0011320943331335,0.0013377570171375,1.877777777777777e-05,10.182991860480737
0.0009740943331335,0.0013957570171375,1.877777777777777e-05,35.5373083917331
0.0016640943331335,0.0014857570171375,1.877777777777777e-05,13.092477921893881
0.0014450943331335,0.0018147570171375,1.877777777777777e-05,16.301331666713967
0.0011960943331335,0.0018367570171375,1.877777777777777e-05,11.945157068276187
0.0015920943331335,0.0020347570171375,1.877777777777777e-05,17.108052104943972
0.0013950943331335,0.0020507570171375,1.877777777777777e-05,11.455955121479462
0.0010120943331335,0.0020657570171375,1.877777777777777e-05,15.54333443937065
0.0014610943331335,0.0021017570171375,1.877777777777777e-05,15.0701428122708
0.0008730943331335,0.0021697570171375,1.877777777777777e-05,13.77689398317413
0.0012210943331335,0.0015747570171375,1.977777777777777e-05,10.883450691042842
0.0010920943331335,0.0017317570171375,1.977777777777777e-05,11.469522920902802
0.0014490943331335,0.0019717570171375,1.977777777777777e-05,14.722806040585507
0.0015830943331335,0.0019737570171375,1.977777777777777e-05,18.66404534481676
0.0015990943331335,0.0020827570171375,1.977777777777777e-05,16.507006546623327
0.0010500943331335,0.0013387570171375,2.077777777777777e-05,11.37241729655436
0.0009580943331335,0.0013767570171375,2.077777777777777e-05,36.47497700420184
0.0011820943331335,0.0013977570171375,2.077777777777777e-05,10.181241144405861
0.0014110943331335,0.0014917570171375,2.077777777777777e-05,14.80923883975527
0.0012710943331335,0.0016087570171375,2.077777777777777e-05,14.41643451851039
0.0010080943331335,0.0016277570171375,2.077777777777777e-05,22.151023660837364
0.0011710943331335,0.0017017570171375,2.077777777777777e-05,11.639339758172516
0.0016430943331335,0.0020337570171375,2.077777777777777e-05,16.932646489209688
0.0014850943331335,0.0020937570171375,2.077777777777777e-05,14.809146430007019
0.0009700943331335,0.0021137570171375,2.077777777777777e-05,18.826700775234137
0.0011460943331335,0.0021567570171375,2.077777777777777e-05,24.465998248745812
0.0013740943331335,0.0016937570171375,2.177777777777777e-05,11.048334377897577
0.0016040943331335,0.0017657570171375,2.177777777777777e-05,27.166213646814377
0.0010050943331335,0.0013677570171375,2.277777777777777e-05,14.757077192944685
0.0011700943331335,0.0014917570171375,2.277777777777777e-05,11.582449914292573
0.0015180943331335,0.0016507570171375,2.277777777777777e-05,23.61879533157629
0.0011130943331335,0.0016717570171375,2.277777777777777e-05,12.538094714348496
0.0013980943331335,0.0020547570171375,2.277777777777777e-05,13.887842877988135
0.0010920943331335,0.0013047570171375,2.377777777777777e-05,10.171063705859948
0.0010950943331335,0.0014017570171375,2.377777777777777e-05,11.55443942055459
0.0013800943331335,0.0014017570171375,2.377777777777777e-05,10.138306399430288
0.0016000943331335,0.0014997570171375,2.377777777777777e-05,14.976791985787925
0.0015810943331335,0.0016027570171375,2.377777777777777e-05,19.39311153542354
0.0012700943331335,0.0016817570171375,2.377777777777777e-05,10.641608947105542
0.0011550943331335,0.0017187570171375,2.377777777777777e-05,10.755652580937639
0.0016240943331335,0.0018407570171375,2.377777777777777e-05,16.32398982718414
0.0015620943331335,0.0019287570171375,2.377777777777777e-05,17.49302378684719
0.0009890943331335,0.0019817570171375,2.377777777777777e-05,15.227357151312358
0.0009650943331335,0.0020757570171375,2.377777777777777e-05,13.80160683168254
0.0014260943331335,0.0014827570171375,2.477777777777777e-05,16.23715059297537
0.0017060943331335,0.0015037570171375,2.477777777777777e-05,14.972993608193548
0.0017600943331335,0.0015207570171375,2.477777777777777e-05,20.332595529689613
0.0016790943331335,0.0017637570171375,2.477777777777777e-05,25.54453805926327
0.0013810943331335,0.0017717570171375,2.477777777777777e-05,14.834763241299783
0.0016700943331335,0.0018177570171375,2.477777777777777e-05,13.978882202629302
0.0013770943331335,0.0020157570171375,2.477777777777777e-05,12.821111912825804
0.0017270943331335,0.0020157570171375,2.477777777777777e-05,17.108282561537703
0.0010550943331335,0.0014257570171375,2.577777777777777e-05,14.749249594209374
0.0014320943331335,0.0014577570171375,2.577777777777777e-05,15.65822250355896
0.0017450943331335,0.0016097570171375,2.577777777777777e-05,18.970169093309217
0.0010210943331335,0.0018927570171375,2.577777777777777e-05,12.17962753596642
0.0014810943331335,0.0019757570171375,2.577777777777777e-05,14.468277288484801
0.0010980943331335,0.0013187570171375,2.677777777777777e-05,10.181583917392787
0.0010500943331335,0.0013447570171375,2.677777777777777e-05,11.549890314525163
0.0011580943331335,0.0014787570171375,2.677777777777777e-05,11.552419337944766
0.0014200943331335,0.0014877570171375,2.677777777777777e-05,15.7328702333334
0.0011720943331335,0.0016517570171375,2.677777777777777e-05,11.847647104980126
0.0016570943331335,0.0018977570171375,2.677777777777777e-05,12.765405706330542
0.0013950943331335,0.0019127570171375,2.677777777777777e-05,13.084025615878017
0.0011000943331335,0.0019967570171375,2.677777777777777e-05,38.06065221623756
0.0017560943331335,0.0021267570171375,2.677777777777777e-05,20.87163311182819
0.0013440943331335,0.0015077570171375,2.777777777777777e-05,15.704850586955606
0.0016940943331335,0.0015837570171375,2.777777777777777e-05,14.021399708086596
0.0016930943331335,0.0015987570171375,2.777777777777777e-05,17.70446620876952
0.0013050943331335,0.0017117570171375,2.777777777777777e-05,14.499942483418808
0.0012430943331335,0.0017197570171375,2.777777777777777e-05,10.385962402013789
0.0013830943331335,0.0017817570171375,2.777777777777777e-05,14.879052685498278
0.0015300943331335,0.0019007570171375,2.777777777777777e-05,16.535394920049605
0.0013950943331335,0.0019557570171375,2.777777777777777e-05,12.827830841134423
0.0016840943331335,0.0021477570171375,2.777777777777777e-05,24.666935865529886
0.0013660943331335,0.0016047570171375,2.977777777777777e-05,15.275052367527564
0.0012760943331335,0.0016247570171375,2.977777777777777e-05,14.666672711212167
0.0015660943331335,0.0016957570171375,2.977777777777777e-05,31.069141002762187
0.0016330943331335,0.0012117570171375,3.077777777777777e-05,10.0
0.0009920943331335,0.0012717570171375,3.077777777777777e-05,10.065671903027805
0.0011920943331335,0.0013997570171375,3.077777777777777e-05,10.178778956341008
0.0011610943331335,0.0014717570171375,3.077777777777777e-05,11.638015885490976
0.0014690943331335,0.0015027570171375,3.077777777777777e-05,16.622109007694412
0.0011060943331335,0.0015067570171375,3.077777777777777e-05,13.864464047335197
0.0014700943331335,0.0016087570171375,3.077777777777777e-05,20.274675364340702
0.0013910943331335,0.0016787570171375,3.077777777777777e-05,14.931829731839077
0.0014540943331335,0.0017257570171375,3.077777777777777e-05,17.682157893140445
0.0011830943331335,0.0018587570171375,3.077777777777777e-05,12.023819400975984
0.0014730943331335,0.0019407570171375,3.077777777777777e-05,15.05782132194949
0.0015870943331335,0.0019747570171375,3.077777777777777e-05,18.621719875528946
0.0011580943331335,0.0020237570171375,3.077777777777777e-05,19.34524506775072
0.0014250943331335,0.0020517570171375,3.077777777777777e-05,13.871088391430808
0.0012440943331335,0.0021167570171375,3.077777777777777e-05,11.787119704641663
0.0015330943331335,0.0012567570171375,3.177777777777777e-05,48.26528878579788
0.0015150943331335,0.0014457570171375,3.177777777777777e-05,15.301846794100411
0.0013480943331335,0.0015157570171375,3.177777777777777e-05,16.581956381038843
0.0016840943331335,0.0015527570171375,3.177777777777777e-05,13.723335603928264
0.0014600943331335,0.0015987570171375,3.177777777777777e-05,20.0525455145899
0.0015390943331335,0.0017407570171375,3.177777777777777e-05,23.955135536310983
0.0010660943331335,0.0018577570171375,3.177777777777777e-05,12.560274894494844
0.0010140943331335,0.0021347570171375,3.177777777777777e-05,19.248325457859327
0.0016270943331335,0.0021427570171375,3.177777777777777e-05,21.16790715884903
0.0014850943331335,0.0015587570171375,3.277777777777777e-05,18.8014841941495
0.0016070943331335,0.0020877570171375,3.277777777777777e-05,16.490084038942978
0.0016880943331335,0.0016317570171375,3.377777777777777e-05,19.807192033665174
0.0014070943331335,0.0018167570171375,3.377777777777777e-05,15.884834092403834
0.0011580943331335,0.0018177570171375,3.377777777777777e-05,11.70408049124487
0.0014530943331335,0.0019817570171375,3.377777777777777e-05,14.830840771532808
0.0009720943331335,0.0021227570171375,3.377777777777777e-05,18.68896395889087
0.0011150943331335,0.0013277570171375,3.477777777777777e-05,10.182492088273541
0.0011190943331335,0.0014427570171375,3.477777777777777e-05,10.723894608439675
0.0013600943331335,0.0016087570171375,3.477777777777777e-05,15.777384553236095
0.0010310943331335,0.0016307570171375,3.477777777777777e-05,22.117965182212366
0.0012790943331335,0.0016307570171375,3.477777777777777e-05,15.030385349724378
0.0017490943331335,0.0017427570171375,3.477777777777777e-05,19.264689592000614
0.0012250943331335,0.0018907570171375,3.477777777777777e-05,13.102581977260455
0.0015170943331335,0.0019717570171375,3.477777777777777e-05,14.215410474719343
0.0009970943331335,0.0019927570171375,3.477777777777777e-05,21.56261845859663
0.0010330943331335,0.0014197570171375,3.577777777777777e-05,15.09415502778471
0.0010350943331335,0.0014307570171375,3.577777777777777e-05,14.883703622643644
0.0013150943331335,0.0014417570171375,3.577777777777777e-05,10.674114986576733
0.0015340943331335,0.0015037570171375,3.577777777777777e-05,16.257083955666612
0.0011190943331335,0.0016167570171375,3.577777777777777e-05,13.478396596933866
0.0015390943331335,0.0019037570171375,3.577777777777777e-05,16.40461702793528
0.0012730943331335,0.0019187570171375,3.577777777777777e-05,13.016289423005938
0.0011530943331335,0.0020277570171375,3.577777777777777e-05,20.38395951272405
0.0012480943331335,0.0021257570171375,3.577777777777777e-05,11.970043581835059
0.0011260943331335,0.0021307570171375,3.577777777777777e-05,18.90749800691564
0.0011180943331335,0.0014347570171375,3.677777777777777e-05,10.771969878032115
0.0012790943331335,0.0016677570171375,3.677777777777777e-05,13.55046261472968
0.0017290943331335,0.0016727570171375,3.677777777777777e-05,20.392569387067596
0.0017400943331335,0.0017467570171375,3.677777777777777e-05,19.393214186922783
0.0017020943331335,0.0019827570171375,3.677777777777777e-05,16.68154341965244
0.0012300943331335,0.0019927570171375,3.677777777777777e-05,14.013900942393311
0.0011860943331335,0.0021127570171375,3.677777777777777e-05,25.01509699658084
0.0014950943331335,0.0021157570171375,3.677777777777777e-05,14.66029469565808
0.0010360943331335,0.0012737570171375,3.777777777777777e-05,10.100762062254088
0.0010720943331335,0.0013607570171375,3.777777777777777e-05,11.838745523478726
0.0010530943331335,0.0014607570171375,3.777777777777777e-05,12.208392672401722
0.0010840943331335,0.0014827570171375,3.777777777777777e-05,10.93380019271382
0.0016450943331335,0.0017777570171375,3.777777777777777e-05,27.418145436826222
0.0016360943331335,0.0018607570171375,3.777777777777777e-05,15.634150560805384
0.0011120943331335,0.0019037570171375,3.777777777777777e-05,11.650922259485167
0.0015190943331335,0.0019567570171375,3.777777777777777e-05,13.815551270961029
0.0012180943331335,0.0019727570171375,3.777777777777777e-05,14.068439061329945
0.0017050943331335,0.0020497570171375,3.777777777777777e-05,18.453463050266116
0.0014290943331335,0.0014127570171375,3.877777777777777e-05,10.67227615561998
0.0015550943331335,0.0015507570171375,3.877777777777777e-05,12.84017928758033
0.0016950943331335,0.0016177570171375,3.877777777777777e-05,19.68358285451345
0.0012270943331335,0.0017727570171375,3.877777777777777e-05,11.84612924106859
0.0016570943331335,0.0018667570171375,3.877777777777777e-05,13.420581359546082
0.0017360943331335,0.0014097570171375,3.977777777777777e-05,16.17411294512522
0.0009740943331335,0.0014377570171375,3.977777777777777e-05,16.61748609033298
0.0016420943331335,0.0015957570171375,3.977777777777777e-05,18.950158071657842
0.0013160943331335,0.0017637570171375,3.977777777777777e-05,14.238045640256308
0.0011480943331335,0.0018557570171375,3.977777777777777e-05,12.329388601708425
0.0013590943331335,0.0013607570171375,4.077777777777777e-05,12.625147993793082
0.0011850943331335,0.0014007570171375,4.077777777777777e-05,10.218663626673608
0.0014520943331335,0.0016587570171375,4.077777777777777e-05,17.40205215064415
0.0011780943331335,0.0017447570171375,4.077777777777777e-05,12.57069747410382
0.0014560943331335,0.0019837570171375,4.077777777777777e-05,14.870729743416238
0.0010100943331335,0.0020377570171375,4.077777777777777e-05,14.861287015916858
0.0012620943331335,0.0018967570171375,4.177777777777777e-05,13.072687539639965
0.0012940943331335,0.0019747570171375,4.177777777777777e-05,12.172240369400544
0.0012180943331335,0.0020377570171375,4.177777777777777e-05,15.328895531941205
0.0009240943331335,0.0012697570171375,4.277777777777777e-05,11.142609883298377
0.0011160943331335,0.0013297570171375,4.277777777777777e-05,10.183832995495777
0.0010330943331335,0.0013617570171375,4.277777777777777e-05,12.033809934581171
0.0015200943331335,0.0014497570171375,4.277777777777777e-05,15.445852691641942
0.0012330943331335,0.0017537570171375,4.277777777777777e-05,11.822573573498905
0.0015250943331335,0.0018567570171375,4.277777777777777e-05,16.58173859969467
0.0009720943331335,0.0019557570171375,4.277777777777777e-05,14.16200325387114
0.0016770943331335,0.0020087570171375,4.277777777777777e-05,17.778878057984585
0.0010690943331335,0.0020237570171375,4.277777777777777e-05,22.70154254846391
0.0010700943331335,0.0013617570171375,4.377777777777777e-05,12.660692614986349
0.0014510943331335,0.0013777570171375,4.377777777777777e-05,13.460201045936264
0.0011970943331335,0.0016007570171375,4.377777777777777e-05,11.114119307122246
0.0011270943331335,0.0016317570171375,4.377777777777777e-05,13.170905763047806
0.0014530943331335,0.0016627570171375,4.377777777777777e-05,17.424166543051363
0.0012790943331335,0.0017067570171375,4.377777777777777e-05,12.742727460424566
0.0016290943331335,0.0019297570171375,4.377777777777777e-05,16.304249715717116
0.0009640943331335,0.0012547570171375,4.477777777777777e-05,10.039622621308235
0.0009860943331335,0.0016647570171375,4.477777777777777e-05,21.827381135845116
0.0014040943331335,0.0018137570171375,4.477777777777777e-05,15.853832840007815
0.0010710943331335,0.0018237570171375,4.477777777777777e-05,11.045844911314607
0.0017250943331335,0.0019197570171375,4.477777777777777e-05,17.85089419796743
0.0009930943331335,0.0020587570171375,4.477777777777777e-05,14.694930186291801
0.0015590943331335,0.0020847570171375,4.477777777777777e-05,15.606741259725297
0.0014550943331335,0.0013547570171375,4.577777777777777e-05,13.509191353565923
0.0015580943331335,0.0014387570171375,4.577777777777777e-05,19.83388208575836
0.0013640943331335,0.0014787570171375,4.577777777777777e-05,12.377623735747875
0.0011300943331335,0.0015397570171375,4.577777777777777e-05,13.040184141071906
0.0016330943331335,0.0016077570171375,4.577777777777777e-05,19.123226818767012
0.0013110943331335,0.0017617570171375,4.577777777777777e-05,14.52436908695649
0.0011150943331335,0.0017747570171375,4.577777777777777e-05,11.008769733460396
0.0014700943331335,0.0017747570171375,4.577777777777777e-05,14.034315522211019
0.0010880943331335,0.0018877570171375,4.577777777777777e-05,12.763512930316177
0.0015520943331335,0.0019427570171375,4.577777777777777e-05,16.01137546298916
0.0012990943331335,0.0020787570171375,4.577777777777777e-05,11.355349024623939
0.0014910943331335,0.0021107570171375,4.577777777777777e-05,14.84331383254242
0.0011010943331335,0.0012847570171375,4.6777777777777767e-05,10.3534178901509
0.0013140943331335,0.0013667570171375,4.6777777777777767e-05,10.600960344943477
0.0010830943331335,0.0014887570171375,4.6777777777777767e-05,11.122669556086905
0.0015920943331335,0.0016727570171375,4.6777777777777767e-05,20.696408401343543
0.0016660943331335,0.0019357570171375,4.6777777777777767e-05,13.631726683512905
0.0012780943331335,0.0019657570171375,4.6777777777777767e-05,13.036000674085077
0.0010480943331335,0.0020387570171375,4.6777777777777767e-05,32.69011237458101
0.0010270943331335,0.0021497570171375,4.6777777777777767e-05,19.463073314523157
0.0009480943331335,0.0012447570171375,4.777777777777777e-05,10.0
0.0017260943331335,0.0014007570171375,4.777777777777777e-05,15.570779717875169
0.0013630943331335,0.0019117570171375,4.777777777777777e-05,12.546384049809255
0.0013570943331335,0.0021067570171375,4.777777777777777e-05,14.47640496798122
0.0009760943331335,0.0021157570171375,4.777777777777777e-05,18.468328022311802
0.0009690943331335,0.0013077570171375,4.877777777777777e-05,10.0
0.0013590943331335,0.0014107570171375,4.877777777777777e-05,10.78522024693254
0.0010850943331335,0.0014947570171375,4.877777777777777e-05,11.233582876995122
0.0010800943331335,0.0015367570171375,4.877777777777777e-05,13.83618009082
0.0017340943331335,0.0016127570171375,4.877777777777777e-05,15.089115984333285
0.0013680943331335,0.0021217570171375,4.877777777777777e-05,14.518495874073588
0.0014940943331335,0.0013927570171375,4.977777777777777e-05,15.623623489425919
0.0016970943331335,0.0016357570171375,4.977777777777777e-05,19.878111864558225
0.0013090943331335,0.0017527570171375,4.977777777777777e-05,14.609262292292184
0.0017230943331335,0.0018427570171375,4.977777777777777e-05,19.89223775500769
0.0013940943331335,0.0019387570171375,4.977777777777777e-05,13.09188400388614
0.0010320943331335,0.0012447570171375,5.077777777777777e-05,10.0
0.0011150943331335,0.0014267570171375,5.077777777777777e-05,11.099184140332492
0.0014910943331335,0.0014757570171375,5.077777777777777e-05,16.80977047628535
0.0017440943331335,0.0016127570171375,5.077777777777777e-05,14.629870534271857
0.0016450943331335,0.0017927570171375,5.077777777777777e-05,26.891414138236026
0.0011860943331335,0.0019787570171375,5.077777777777777e-05,14.357805772264495
0.0012380943331335,0.0021177570171375,5.077777777777777e-05,12.410153111090654
0.0013920943331335,0.0017107570171375,5.1777777777777766e-05,14.391128826403039
0.0012920943331335,0.0017177570171375,5.1777777777777766e-05,14.324190062388437
0.0010830943331335,0.0017367570171375,5.1777777777777766e-05,11.934399595023848
0.0010900943331335,0.0019617570171375,5.1777777777777766e-05,13.729215491456085
0.0016260943331335,0.0019847570171375,5.1777777777777766e-05,17.280147689447247
0.0013360943331335,0.0014627570171375,5.277777777777777e-05,10.986443330049163
0.0015960943331335,0.0014677570171375,5.277777777777777e-05,19.543142321514168
0.0010780943331335,0.0018217570171375,5.277777777777777e-05,11.01200666348906
0.0012610943331335,0.0012587570171375,5.377777777777777e-05,52.446722446592005
0.0015660943331335,0.0015587570171375,5.377777777777777e-05,13.135752692083445
0.0017410943331335,0.0016897570171375,5.377777777777777e-05,20.633124161622465
0.0012990943331335,0.0020327570171375,5.377777777777777e-05,12.95812450373861
0.0016980943331335,0.0014607570171375,5.477777777777777e-05,12.359097998582863
0.0015510943331335,0.0015847570171375,5.477777777777777e-05,14.75507363976675
0.0013650943331335,0.0017667570171375,5.477777777777777e-05,14.49143006437086
0.0015600943331335,0.0017737570171375,5.477777777777777e-05,24.461341279849872
0.0012250943331335,0.0018017570171375,5.477777777777777e-05,12.703865786534207
0.0014100943331335,0.0018277570171375,5.477777777777777e-05,15.987725321322173
0.0010610943331335,0.0018317570171375,5.477777777777777e-05,11.152808002240194
0.0011730943331335,0.0018387570171375,5.477777777777777e-05,11.992197373320217
0.0013230943331335,0.0013967570171375,5.577777777777777e-05,12.180357317616208
0.0014430943331335,0.0019347570171375,5.577777777777777e-05,14.82972484043182
0.0015340943331335,0.0020927570171375,5.577777777777777e-05,15.415380173191771
0.0013260943331335,0.0013567570171375,5.6777777777777766e-05,10.786248924499262
0.0016570943331335,0.0015647570171375,5.6777777777777766e-05,19.844132205961085
0.0018970943331335,0.0016167570171375,5.6777777777777766e-05,10.512725604616366
0.0014070943331335,0.0016287570171375,5.6777777777777766e-05,18.182071941047624
0.0016470943331335,0.0016367570171375,5.6777777777777766e-05,20.279884716824068
0.0016100943331335,0.0017177570171375,5.6777777777777766e-05,19.807689155288365
0.0015470943331335,0.0018297570171375,5.6777777777777766e-05,16.498946320881462
0.0014790943331335,0.0020787570171375,5.6777777777777766e-05,13.840190903995685
0.0013760943331335,0.0021247570171375,5.6777777777777766e-05,14.543990140462283
0.0016140943331335,0.0014647570171375,5.777777777777777e-05,19.403895798573938
0.0017000943331335,0.0016437570171375,5.777777777777777e-05,19.98543566263874
0.0014660943331335,0.0017347570171375,5.777777777777777e-05,18.52763584180352
0.0011840943331335,0.0019867570171375,5.777777777777777e-05,14.375492553212547
0.0014790943331335,0.0020197570171375,5.777777777777777e-05,14.914340627577607
0.0014180943331335,0.0020207570171375,5.777777777777777e-05,12.892336176921317
0.0016050943331335,0.0020677570171375,5.777777777777777e-05,17.27137496806137
0.0010240943331335,0.0013847570171375,5.877777777777777e-05,12.351520985712478
0.0010260943331335,0.0013967570171375,5.877777777777777e-05,12.380545290529502
0.0013900943331335,0.0015287570171375,5.877777777777777e-05,16.84125755171737
0.0011500943331335,0.0015777570171375,5.877777777777777e-05,13.040347052674246
0.0011950943331335,0.0016067570171375,5.877777777777777e-05,11.249458576129381
0.0012890943331335,0.0016177570171375,5.877777777777777e-05,15.09936898552228
0.0015180943331335,0.0017397570171375,5.877777777777777e-05,25.284368168619668
0.0014780943331335,0.0020857570171375,5.877777777777777e-05,13.912471855282094
0.0011060943331335,0.0013007570171375,5.977777777777777e-05,10.771185008261966
0.0014660943331335,0.0015237570171375,5.977777777777777e-05,16.86885586150716
0.0014720943331335,0.0017787570171375,5.977777777777777e-05,14.590203050209027
0.0010920943331335,0.0020037570171375,5.977777777777777e-05,12.993340082327453
0.0015210943331335,0.0013817570171375,6.077777777777777e-05,18.91942415542007
0.0017000943331335,0.0014667570171375,6.077777777777777e-05,13.008681345379937
0.0014150943331335,0.0015807570171375,6.077777777777777e-05,19.81062057657269
0.0012930943331335,0.0016777570171375,6.077777777777777e-05,14.247320097752244
0.0010810943331335,0.0018147570171375,6.077777777777777e-05,10.992442089327154
0.0014720943331335,0.0020227570171375,6.077777777777777e-05,14.918006390777094
0.0009850943331335,0.0021147570171375,6.077777777777777e-05,18.556107310412234
0.0013020943331335,0.0021197570171375,6.077777777777777e-05,10.870642328538475
0.0016010943331335,0.0016077570171375,6.177777777777777e-05,18.628814115855334
0.0012390943331335,0.0019287570171375,6.177777777777777e-05,13.433044440564835
0.0011010943331335,0.0019137570171375,6.277777777777777e-05,12.667325337361257
0.0012920943331335,0.0021507570171375,6.277777777777777e-05,11.05509948345837
0.0013320943331335,0.0014727570171375,6.377777777777777e-05,11.380528276818653
0.0011410943331335,0.0014867570171375,6.477777777777776e-05,11.184733219612996
0.0015920943331335,0.0016187570171375,6.477777777777776e-05,18.720755137348455
0.0014090943331335,0.0017307570171375,6.477777777777776e-05,16.424518532332513
0.0014830943331335,0.0018157570171375,6.477777777777776e-05,15.796158309645183
0.0012730943331335,0.0019057570171375,6.477777777777776e-05,13.44918303618814
0.0011620943331335,0.0021387570171375,6.477777777777776e-05,30.605735878959997
0.0017200943331335,0.0014517570171375,6.577777777777777e-05,14.059109213490308
0.0010740943331335,0.0014817570171375,6.577777777777777e-05,11.183743420442985
0.0010710943331335,0.0017427570171375,6.577777777777777e-05,12.690913576995657
0.0017190943331335,0.0017877570171375,6.577777777777777e-05,19.28027917858567
0.0011730943331335,0.0014337570171375,6.677777777777777e-05,10.867462910791343
0.0014960943331335,0.0015747570171375,6.677777777777777e-05,18.71848456731743
0.0012960943331335,0.0017337570171375,6.677777777777777e-05,15.613814158648731
0.0009990943331335,0.0019837570171375,6.677777777777777e-05,13.928449847929295
0.0015550943331335,0.0013577570171375,6.777777777777777e-05,19.550681897509698
0.0013990943331335,0.0013587570171375,6.777777777777777e-05,12.384782704304506
0.0012250943331335,0.0014467570171375,6.777777777777777e-05,13.781651749695103
0.0014930943331335,0.0016387570171375,6.777777777777777e-05,21.132664815057893
0.0016270943331335,0.0020947570171375,6.777777777777777e-05,18.530719802400984
0.0017570943331335,0.0021057570171375,6.777777777777777e-05,21.176130511809877
0.0014540943331335,0.0013927570171375,6.877777777777777e-05,14.085765633428235
0.0015770943331335,0.0015547570171375,6.877777777777777e-05,15.05022450068475
0.0017420943331335,0.0016207570171375,6.877777777777777e-05,15.208585459111807
0.0013450943331335,0.0017987570171375,6.877777777777777e-05,15.015345794391155
0.0015430943331335,0.0018357570171375,6.877777777777777e-05,16.53646719252957
0.0010050943331335,0.0019677570171375,6.877777777777777e-05,13.231396848500502
0.0017490943331335,0.0020977570171375,6.877777777777777e-05,20.917024066792386
0.0015360943331335,0.0021017570171375,6.877777777777777e-05,15.46555113464185
0.0011850943331335,0.0015517570171375,6.977777777777776e-05,12.688619089886089
0.0014930943331335,0.0019267570171375,6.977777777777776e-05,13.08731568545523
0.0013040943331335,0.0013827570171375,7.077777777777777e-05,10.951352702832022
0.0011180943331335,0.0014397570171375,7.077777777777777e-05,11.326412919478521
0.0016240943331335,0.0014567570171375,7.077777777777777e-05,19.14162754308859
0.0013670943331335,0.0016417570171375,7.077777777777777e-05,17.776137860748353
0.0012330943331335,0.0017687570171375,7.077777777777777e-05,12.943663280948575
0.0017070943331335,0.0020897570171375,7.077777777777777e-05,19.834440070276628
0.0015810943331335,0.0014117570171375,7.177777777777777e-05,19.8185043491535
0.0015320943331335,0.0015317570171375,7.177777777777777e-05,17.779535111018262
0.0014560943331335,0.0016287570171375,7.177777777777777e-05,19.827162270267152
0.0015220943331335,0.0016727570171375,7.177777777777777e-05,22.290329597453276
0.0015650943331335,0.0013637570171375,7.277777777777777e-05,19.572980015358596
0.0012180943331335,0.0016507570171375,7.277777777777777e-05,13.873748005507805
0.0013560943331335,0.0019817570171375,7.277777777777777e-05,13.710038824044329
0.0011480943331335,0.0019967570171375,7.277777777777777e-05,13.571402405961145
0.0014010943331335,0.0020907570171375,7.277777777777777e-05,14.284476705217093
0.0008590943331335,0.0012787570171375,7.377777777777777e-05,13.223636194896988
0.0016880943331335,0.0015067570171375,7.377777777777777e-05,13.432989817704497
0.0011550943331335,0.0015217570171375,7.377777777777777e-05,11.702847518300276
0.0012540943331335,0.0017417570171375,7.377777777777777e-05,11.45879138067919
0.0016210943331335,0.0018407570171375,7.377777777777777e-05,24.82759173141863
0.0010500943331335,0.0019227570171375,7.377777777777777e-05,13.73682179244572
0.0015440943331335,0.0019877570171375,7.377777777777777e-05,15.406292773496823
0.0016740943331335,0.0019937570171375,7.377777777777777e-05,15.902721004222899
0.0012380943331335,0.0013567570171375,7.477777777777776e-05,10.835026212608977
0.0012260943331335,0.0014397570171375,7.477777777777776e-05,14.260337107341977
0.0016650943331335,0.0019207570171375,7.477777777777776e-05,13.703581865724415
0.0014940943331335,0.0019337570171375,7.477777777777776e-05,13.183444090269493
0.0011680943331335,0.0020227570171375,7.477777777777776e-05,13.806803976446105
0.0012230943331335,0.0014727570171375,7.577777777777777e-05,13.515725176659652
0.0010490943331335,0.0015857570171375,7.577777777777777e-05,14.712496473040542
0.0011280943331335,0.0017027570171375,7.577777777777777e-05,11.40910710783325
0.0011000943331335,0.0013127570171375,7.677777777777777e-05,10.973953592997372
0.0015150943331335,0.0013917570171375,7.677777777777777e-05,18.200976196248
0.0015740943331335,0.0014027570171375,7.677777777777777e-05,19.7965686581323
0.0013240943331335,0.0020887570171375,7.677777777777777e-05,11.586734968176097
0.0017160943331335,0.0015757570171375,7.777777777777777e-05,14.089777588693554
0.0017480943331335,0.0016337570171375,7.777777777777777e-05,17.850501163898763
0.0012570943331335,0.0017367570171375,7.777777777777777e-05,11.546661019452156
0.0016730943331335,0.0019207570171375,7.777777777777777e-05,13.84541001444606
0.0013140943331335,0.0020237570171375,7.777777777777777e-05,12.685703169966391
0.0017040943331335,0.0013547570171375,7.877777777777777e-05,13.859178228639967
0.0017090943331335,0.0013817570171375,7.877777777777777e-05,14.350013596803784
0.0017420943331335,0.0015227570171375,7.877777777777777e-05,13.813257378768501
0.0013030943331335,0.0016187570171375,7.877777777777777e-05,15.908127333574958
0.0013450943331335,0.0017207570171375,7.877777777777777e-05,17.04986514149965
0.0016750943331335,0.0018117570171375,7.877777777777777e-05,16.957213815851958
0.0010860943331335,0.0018347570171375,7.877777777777777e-05,11.354430353275877
0.0010100943331335,0.0019337570171375,7.877777777777777e-05,14.399540898640913
0.0011020943331335,0.0013197570171375,7.977777777777776e-05,11.023099786771665
0.0017350943331335,0.0014397570171375,7.977777777777776e-05,15.019551940811903
0.0010840943331335,0.0015097570171375,7.977777777777776e-05,11.761306492754642
0.0011480943331335,0.0016837570171375,7.977777777777776e-05,10.891435400033764
0.0014900943331335,0.0017847570171375,7.977777777777776e-05,15.036419397067103
0.0016750943331335,0.0018677570171375,7.977777777777776e-05,15.040331714672439
0.0017140943331335,0.0021497570171375,7.977777777777776e-05,22.494232498981866
0.0012870943331335,0.0013967570171375,8.077777777777777e-05,12.138631899328516
0.0014300943331335,0.0014507570171375,8.077777777777777e-05,11.689399278118735
0.0016260943331335,0.0014507570171375,8.077777777777777e-05,18.677975285216714
0.0013480943331335,0.0015947570171375,8.077777777777777e-05,18.049780754838313
0.0013650943331335,0.0019387570171375,8.077777777777777e-05,13.577774285173641
0.0014330943331335,0.0019587570171375,8.077777777777777e-05,14.724627089551417
0.0016760943331335,0.0019867570171375,8.077777777777777e-05,15.74478931211601
0.0016560943331335,0.0021277570171375,8.077777777777777e-05,19.390038152398375
0.0013420943331335,0.0015337570171375,8.177777777777777e-05,15.874995555478058
0.0012100943331335,0.0016087570171375,8.177777777777777e-05,11.437174535460706
0.0014140943331335,0.0018577570171375,8.177777777777777e-05,16.20079312346854
0.0010410943331335,0.0014277570171375,8.277777777777777e-05,12.749193288989577
0.0014900943331335,0.0019427570171375,8.277777777777777e-05,13.339134279087961
0.0014760943331335,0.0020947570171375,8.277777777777777e-05,15.02962406659158
0.0016380943331335,0.0013647570171375,8.377777777777776e-05,19.524544057882718
0.0011280943331335,0.0013777570171375,8.377777777777776e-05,12.482063070949172
0.0011630943331335,0.0014327570171375,8.377777777777776e-05,10.936025355727802
0.0014310943331335,0.0015297570171375,8.377777777777776e-05,16.975957541427764
0.0013720943331335,0.0020357570171375,8.377777777777776e-05,13.202819365889113
0.0012040943331335,0.0014157570171375,8.477777777777776e-05,14.82445939518038
0.0009710943331335,0.0015067570171375,8.477777777777776e-05,17.694755788312307
0.0010790943331335,0.0015357570171375,8.477777777777776e-05,13.168301555443895
0.0017030943331335,0.0016607570171375,8.477777777777776e-05,20.149105989182225
0.0014650943331335,0.0018007570171375,8.477777777777776e-05,14.873136504314461
0.0010660943331335,0.0019657570171375,8.477777777777776e-05,13.69155137145363
0.0017580943331335,0.0020887570171375,8.477777777777776e-05,20.578171385724502
0.0011580943331335,0.0013807570171375,8.577777777777777e-05,11.898373889131882
0.0014480943331335,0.0013907570171375,8.577777777777777e-05,14.774993432585491
0.0010680943331335,0.0014247570171375,8.577777777777777e-05,13.223486489168728
0.0009920943331335,0.0014447570171375,8.577777777777777e-05,12.682285043288216
0.0015570943331335,0.0014717570171375,8.577777777777777e-05,20.023544432825105
0.0011810943331335,0.0018367570171375,8.577777777777777e-05,13.24937417858028
0.0013520943331335,0.0016997570171375,8.677777777777777e-05,17.466582540530343
0.0011420943331335,0.0019407570171375,8.677777777777777e-05,12.788941512194873
0.0011490943331335,0.0020037570171375,8.677777777777777e-05,13.752517010711577
0.0011650943331335,0.0022047570171375,8.677777777777777e-05,20.819779082810488
0.0009820943331335,0.0015097570171375,8.777777777777777e-05,17.637211839929545
0.0017190943331335,0.0015867570171375,8.777777777777777e-05,14.196059488419957
0.0017050943331335,0.0016147570171375,8.777777777777777e-05,16.460504184961287
0.0015910943331335,0.0016467570171375,8.777777777777777e-05,19.1988968034737
0.0014990943331335,0.0018657570171375,8.777777777777777e-05,15.80282252851735
0.0016430943331335,0.0019387570171375,8.777777777777777e-05,14.421116789093107
0.0012040943331335,0.0016057570171375,8.877777777777776e-05,11.66533104395998
0.0017370943331335,0.0017047570171375,8.877777777777776e-05,21.747956104558845
0.0016110943331335,0.0018677570171375,8.877777777777776e-05,22.085011311400596
0.0015220943331335,0.0019447570171375,8.877777777777776e-05,13.473840551127326
0.0012790943331335,0.0014257570171375,8.977777777777776e-05,13.966043821451384
0.0010400943331335,0.0015047570171375,8.977777777777776e-05,12.667797066331309
0.0010070943331335,0.0015607570171375,8.977777777777776e-05,19.67996287453097
0.0017180943331335,0.0017567570171375,8.977777777777776e-05,19.819789652038924
0.0012500943331335,0.0020907570171375,8.977777777777776e-05,16.21332982766914
0.0011290943331335,0.0014957570171375,9.077777777777776e-05,12.029999580154112
0.0009760943331335,0.0015097570171375,9.077777777777776e-05,17.655773613189748
0.0014890943331335,0.0017067570171375,9.077777777777776e-05,18.15938692429233
0.0013660943331335,0.0017567570171375,9.077777777777776e-05,12.556321390887868
0.0016160943331335,0.0017647570171375,9.077777777777776e-05,20.376384911280443
0.0011150943331335,0.0013277570171375,9.177777777777776e-05,11.208053167293212
0.0013540943331335,0.0013467570171375,9.177777777777776e-05,12.867363787288241
0.0010320943331335,0.0013517570171375,9.177777777777776e-05,12.270122499364513
0.0010110943331335,0.0013987570171375,9.177777777777776e-05,12.865295535476116
0.0010600943331335,0.0014277570171375,9.177777777777776e-05,13.158713536547118
0.0012560943331335,0.0015147570171375,9.177777777777776e-05,13.549444298369528
0.0013500943331335,0.0016017570171375,9.277777777777777e-05,18.123510460830612
0.0015350943331335,0.0020507570171375,9.277777777777777e-05,16.33600220040439
0.0016520943331335,0.0014777570171375,9.377777777777776e-05,18.273697968729696
0.0013150943331335,0.0016937570171375,9.377777777777776e-05,15.129821894668886
0.0017460943331335,0.0018757570171375,9.377777777777776e-05,19.395276390371546
0.0014160943331335,0.0014757570171375,9.477777777777776e-05,12.396963915038794
0.0014780943331335,0.0014027570171375,9.577777777777776e-05,16.659079629799034
0.0017490943331335,0.0014427570171375,9.577777777777776e-05,13.596368980969421
0.0016010943331335,0.0014957570171375,9.577777777777776e-05,19.58985964052069
0.0015760943331335,0.0017957570171375,9.577777777777776e-05,21.119726968378284
0.0014950943331335,0.0020087570171375,9.577777777777776e-05,15.501836609569969
0.0016330943331335,0.0021127570171375,9.577777777777776e-05,20.646235903688744
0.0011840943331335,0.0018567570171375,9.677777777777776e-05,13.615940461882296
0.0014230943331335,0.0021137570171375,9.677777777777776e-05,14.425248001963556
0.0011910943331335,0.0021147570171375,9.677777777777776e-05,28.298917217581344
0.0017220943331335,0.0021487570171375,9.677777777777776e-05,21.85206207192955
0.0010050943331335,0.0013987570171375,9.777777777777777e-05,13.134005961017573
0.0012670943331335,0.0018617570171375,9.777777777777777e-05,12.628890954662342
0.0016100943331335,0.0018757570171375,9.777777777777777e-05,21.96561410065684
0.0012850943331335,0.0019237570171375,9.777777777777777e-05,13.725177905872224
0.0014920943331335,0.0019837570171375,9.777777777777777e-05,15.172458858659938
0.0010420943331335,0.0013547570171375,9.877777777777776e-05,14.21582355016805
0.0015720943331335,0.0017327570171375,9.877777777777776e-05,28.288360082802
0.0016480943331335,0.0013677570171375,9.977777777777776e-05,19.683278709080785
0.0015580943331335,0.0014267570171375,9.977777777777776e-05,20.20994576646788
0.0013940943331335,0.0014737570171375,9.977777777777776e-05,12.734939939754206
0.0017500943331335,0.0019887570171375,9.977777777777776e-05,15.86754113915467
0.0013630943331335,0.0019917570171375,9.977777777777776e-05,13.840737519827252
0.0010260943331335,0.0021417570171375,9.977777777777776e-05,17.013208866623536
0.0011710943331335,0.0013447570171375,0.0001007777777777,11.631488249015897
0.0013770943331335,0.0016497570171375,0.0001007777777777,18.392483391449094
0.0010650943331335,0.0016757570171375,0.0001007777777777,21.061439552403158
0.0011180943331335,0.0017517570171375,0.0001007777777777,12.209262133966535
0.0013020943331335,0.0018297570171375,0.0001007777777777,14.876389674762375
0.0012100943331335,0.0020097570171375,0.0001007777777777,14.518959168614225
0.0017060943331335,0.0013547570171375,0.0001017777777777,13.457297758552835
0.0016460943331335,0.0014327570171375,0.0001017777777777,18.437259778174347
0.0016160943331335,0.0014547570171375,0.0001017777777777,19.05675880052327
0.0017290943331335,0.0015927570171375,0.0001017777777777,14.277482600825982
0.0014550943331335,0.0016687570171375,0.0001017777777777,19.290197652704315
0.0012110943331335,0.0017327570171375,0.0001017777777777,13.047840148115663
0.0011520943331335,0.0020497570171375,0.0001017777777777,16.79187591627541
0.0012180943331335,0.0020517570171375,0.0001017777777777,13.914223875493102
0.0014710943331335,0.0020827570171375,0.0001017777777777,15.053965255456916
0.0017250943331335,0.0021477570171375,0.0001017777777777,21.489967662336475
0.0016860943331335,0.0013837570171375,0.0001027777777777,14.357545327238416
0.0011880943331335,0.0015317570171375,0.0001027777777777,12.969268149092096
0.0011500943331335,0.0017747570171375,0.0001027777777777,12.344794600069621
0.0017530943331335,0.0018667570171375,0.0001027777777777,19.309626266687317
0.0015990943331335,0.0019827570171375,0.0001027777777777,18.67844123171714
0.0010910943331335,0.0020147570171375,0.0001027777777777,19.332979775067237
0.0015560943331335,0.0012967570171375,0.0001037777777777,46.06142721922686
0.0013950943331335,0.0017507570171375,0.0001037777777777,13.733117145639719
0.0010350943331335,0.0017867570171375,0.0001037777777777,10.802395942668701
0.0015960943331335,0.0021477570171375,0.0001037777777777,15.719393372275665
0.0017130943331335,0.0013537570171375,0.0001047777777777,13.461280593402238
0.0017010943331335,0.0013587570171375,0.0001047777777777,13.332315145396315
0.0015370943331335,0.0014907570171375,0.0001047777777777,20.182690618621216
0.0010840943331335,0.0015247570171375,0.0001047777777777,12.190306428216072
0.0012480943331335,0.0016647570171375,0.0001047777777777,14.525185813321968
0.0009810943331335,0.0019007570171375,0.0001047777777777,14.497489599724737
0.0010090943331335,0.0019827570171375,0.0001047777777777,13.777028969938401
0.0015970943331335,0.0020137570171375,0.0001047777777777,17.90605762970816
0.0013880943331335,0.0015317570171375,0.0001057777777777,15.763765444617686
0.0010260943331335,0.0016447570171375,0.0001057777777777,17.168594229425068
0.0016860943331335,0.0016717570171375,0.0001057777777777,21.684643285333454
0.0015310943331335,0.0016827570171375,0.0001057777777777,22.043623746867834
0.0010260943331335,0.0021447570171375,0.0001057777777777,17.16559285387994
0.0013160943331335,0.0014027570171375,0.0001067777777777,11.93784193259995
0.0013350943331335,0.0014987570171375,0.0001067777777777,12.97487275463436
0.0011800943331335,0.0015167570171375,0.0001067777777777,12.998103327627334
0.0013730943331335,0.0017617570171375,0.0001067777777777,12.86033839802654
0.0011520943331335,0.0018287570171375,0.0001067777777777,12.345767940901899
0.0015380943331335,0.0019587570171375,0.0001067777777777,15.046990995646887
0.0012150943331335,0.0020157570171375,0.0001067777777777,14.554891501423104
0.0013730943331335,0.0013927570171375,0.0001077777777777,13.366512169764327
0.0013180943331335,0.0014607570171375,0.0001077777777777,14.74652473690478
0.0010190943331335,0.0016557570171375,0.0001077777777777,18.733226159191418
0.0012830943331335,0.0020137570171375,0.0001077777777777,13.715618976877785
0.0016750943331335,0.0021087570171375,0.0001077777777777,16.29910651513392
0.0013020943331335,0.0014907570171375,0.0001087777777777,14.753315018416957
0.0013880943331335,0.0017597570171375,0.0001087777777777,13.10029923158503
0.0015610943331335,0.0018057570171375,0.0001087777777777,20.245658865934992
0.0010030943331335,0.0020367570171375,0.0001087777777777,14.3956041487715
0.0009570943331335,0.0013487570171375,0.0001097777777777,30.076971069647414
0.0014380943331335,0.0014607570171375,0.0001097777777777,12.713255046198316
0.0010800943331335,0.0015277570171375,0.0001097777777777,12.260442288984857
0.0013540943331335,0.0015877570171375,0.0001097777777777,18.055941136960712
0.0013280943331335,0.0016387570171375,0.0001097777777777,17.775977416862887
0.0011030943331335,0.0018957570171375,0.0001097777777777,12.442648382978337
0.0013050943331335,0.0019097570171375,0.0001097777777777,14.17802839896821
0.0012100943331335,0.0019267570171375,0.0001097777777777,13.64087488697176
0.0011090943331335,0.0020467570171375,0.0001097777777777,15.843807095117848
0.0011570943331335,0.0013557570171375,0.0001107777777777,11.627147809781084
0.0014860943331335,0.0015087570171375,0.0001107777777777,16.801637864011834
0.0016140943331335,0.0018847570171375,0.0001107777777777,21.78220637840692
0.0017020943331335,0.0020327570171375,0.0001107777777777,18.069927587161168
0.0011020943331335,0.0021157570171375,0.0001107777777777,35.89342454680703
0.0011590943331335,0.0014417570171375,0.0001117777777777,11.344073576010695
0.0014460943331335,0.0015917570171375,0.0001117777777777,20.06656625454586
0.0012490943331335,0.0016027570171375,0.0001117777777777,12.384507400084749
0.0016570943331335,0.0016347570171375,0.0001117777777777,20.5520146394616
0.0014930943331335,0.0017207570171375,0.0001117777777777,18.447967226587494
0.0009880943331335,0.0018947570171375,0.0001117777777777,15.34086824508448
0.0016040943331335,0.0020187570171375,0.0001117777777777,17.128885803571688
0.0016160943331335,0.0020957570171375,0.0001117777777777,17.150269496300258
0.0015210943331335,0.0016847570171375,0.0001127777777777,22.598345574819554
0.0016200943331335,0.0019027570171375,0.0001127777777777,19.001635506295923
0.0011050943331335,0.0019497570171375,0.0001127777777777,13.08779768671882
0.0014320943331335,0.0020517570171375,0.0001127777777777,13.41992140918541
0.0012620943331335,0.0021017570171375,0.0001127777777777,15.942368771443917
0.0011020943331335,0.0021317570171375,0.0001127777777777,34.84459653441579
0.0016110943331335,0.0013847570171375,0.0001137777777777,19.98457499796641
0.0011360943331335,0.0013907570171375,0.0001137777777777,13.03783546536788
0.0016110943331335,0.0015017570171375,0.0001137777777777,19.619453569582156
0.0010800943331335,0.0013977570171375,0.0001147777777777,14.333640007506276
0.0015860943331335,0.0014227570171375,0.0001147777777777,21.079712376576744
0.0012170943331335,0.0014267570171375,0.0001147777777777,14.367461175911055
0.0009890943331335,0.0014507570171375,0.0001147777777777,13.123981788970982
0.0011250943331335,0.0015527570171375,0.0001147777777777,12.709350646544719
0.0014830943331335,0.0017547570171375,0.0001147777777777,18.3706701110296
0.0014940943331335,0.0019077570171375,0.0001147777777777,18.332660238851354
0.0015340943331335,0.0020987570171375,0.0001147777777777,15.676228712290062
0.0017500943331335,0.0014377570171375,0.0001157777777777,13.538194130724868
0.0016090943331335,0.0021047570171375,0.0001157777777777,17.010300548432284
0.0017590943331335,0.0015087570171375,0.0001167777777777,12.831179291270368
0.0011330943331335,0.0015977570171375,0.0001167777777777,14.06084315644301
0.0012510943331335,0.0016047570171375,0.0001167777777777,12.594146775348653
0.0016500943331335,0.0017637570171375,0.0001167777777777,19.3487149467196
0.0012590943331335,0.0017717570171375,0.0001167777777777,12.290382832788193
0.0011100943331335,0.0018907570171375,0.0001167777777777,12.538595951288857
0.0012310943331335,0.0018927570171375,0.0001167777777777,12.550064786814767
0.0016730943331335,0.0019367570171375,0.0001167777777777,14.413116471516574
0.0015140943331335,0.0020677570171375,0.0001167777777777,15.977893665970832
0.0014460943331335,0.0016037570171375,0.0001177777777777,20.12705481862896
0.0017310943331335,0.0016057570171375,0.0001177777777777,14.41128595242064
0.0014030943331335,0.0019877570171375,0.0001177777777777,14.852996704645172
0.0016520943331335,0.0020307570171375,0.0001177777777777,16.12789168626639
0.0011720943331335,0.0020707570171375,0.0001177777777777,16.54598348510527
0.0014080943331335,0.0015507570171375,0.0001187777777777,17.313599945464986
0.0014860943331335,0.0014157570171375,0.0001197777777777,17.931954281578744
0.0016880943331335,0.0017357570171375,0.0001197777777777,26.903280157522797
0.0012480943331335,0.0018767570171375,0.0001197777777777,12.938265322371032
0.0015350943331335,0.0013657570171375,0.0001207777777777,19.29647075060394
0.0012590943331335,0.0013907570171375,0.0001207777777777,11.80572825298339
0.0012840943331335,0.0015037570171375,0.0001207777777777,14.978406129175704
0.0015470943331335,0.0016337570171375,0.0001207777777777,18.709438488436227
0.0014950943331335,0.0019187570171375,0.0001207777777777,18.17437788228301
0.0016870943331335,0.0019517570171375,0.0001207777777777,14.576558266910943
0.0015240943331335,0.0020547570171375,0.0001207777777777,16.124907169193214
0.0016780943331335,0.0013457570171375,0.0001217777777777,18.460510302192198
0.0011530943331335,0.0020237570171375,0.0001217777777777,14.13121969018644
0.0017100943331335,0.0020507570171375,0.0001217777777777,18.123651369676097
0.0013020943331335,0.0013457570171375,0.0001227777777777,15.279188229440043
0.0012220943331335,0.0014737570171375,0.0001227777777777,12.55525636335932
0.0010860943331335,0.0015717570171375,0.0001227777777777,15.294770466084175
0.0014470943331335,0.0015977570171375,0.0001227777777777,20.13178731633525
0.0015890943331335,0.0016087570171375,0.0001227777777777,14.778984313718366
0.0014840943331335,0.0016447570171375,0.0001227777777777,19.573030949363492
0.0013750943331335,0.0016497570171375,0.0001227777777777,18.494840090827108
0.0012620943331335,0.0018757570171375,0.0001227777777777,13.95743293056218
0.0010880943331335,0.0012367570171375,0.0001237777777777,32.47868629707031
0.0010980943331335,0.0012367570171375,0.0001237777777777,32.47868629707031
0.0017050943331335,0.0014227570171375,0.0001237777777777,14.45117897464867
0.0014480943331335,0.0014727570171375,0.0001237777777777,14.476001585627701
0.0015990943331335,0.0016617570171375,0.0001237777777777,17.84291623781624
0.0012180943331335,0.0016857570171375,0.0001237777777777,14.982426698101499
0.0013380943331335,0.0017497570171375,0.0001237777777777,17.043106193364803
0.0016480943331335,0.0017627570171375,0.0001237777777777,19.35178030938732
0.0012870943331335,0.0020557570171375,0.0001237777777777,13.70335975200685
0.0016280943331335,0.0014457570171375,0.0001247777777777,19.98810579399519
0.0009880943331335,0.0017097570171375,0.0001247777777777,21.547827456109143
0.0014940943331335,0.0019127570171375,0.0001247777777777,18.191478703125135
0.0011050943331335,0.0019157570171375,0.0001247777777777,13.397654807969198
0.0010120943331335,0.0019957570171375,0.0001247777777777,14.19499053187703
0.0010620943331335,0.0018367570171375,0.0001257777777777,11.262240515033568
0.0011000943331335,0.0019557570171375,0.0001257777777777,13.44168657125801
0.0013190943331335,0.0019717570171375,0.0001257777777777,15.808514435285588
0.0011180943331335,0.0013487570171375,0.0001267777777777,11.714965448576148
0.0012540943331335,0.0014107570171375,0.0001267777777777,12.111347007310536
0.0015780943331335,0.0014257570171375,0.0001267777777777,21.180144150921183
0.0011740943331335,0.0014327570171375,0.0001267777777777,12.522155766970759
0.0015950943331335,0.0015427570171375,0.0001267777777777,19.35415758670496
0.0015490943331335,0.0015917570171375,0.0001267777777777,18.050209662379746
0.0013760943331335,0.0017307570171375,0.0001267777777777,16.665348639891093
0.0011670943331335,0.0018377570171375,0.0001267777777777,12.673228385424409
0.0015140943331335,0.0019027570171375,0.0001267777777777,18.465705248254505
0.0014480943331335,0.0019417570171375,0.0001267777777777,14.18995189578397
0.0013160943331335,0.0014227570171375,0.0001277777777777,12.756749548347463
0.0013240943331335,0.0015167570171375,0.0001277777777777,13.708478053313252
0.0015090943331335,0.0016677570171375,0.0001277777777777,20.616621450656833
0.0013700943331335,0.0018057570171375,0.0001277777777777,13.904340972489395
0.0014940943331335,0.0019617570171375,0.0001277777777777,13.98534932059543
0.0016470943331335,0.0015117570171375,0.0001287777777777,17.344598565461013
0.0016910943331335,0.0015197570171375,0.0001287777777777,17.15425133569097
0.0017040943331335,0.0017397570171375,0.0001287777777777,26.121365288616555
0.0017180943331335,0.0018657570171375,0.0001287777777777,19.00339069732076
0.0015850943331335,0.0018987570171375,0.0001287777777777,19.817127365380777
0.0015770943331335,0.0019037570171375,0.0001287777777777,19.653071735638864
0.0016710943331335,0.0019387570171375,0.0001287777777777,14.596952719474753
0.0014500943331335,0.0020607570171375,0.0001287777777777,13.51993202044626
0.0012720943331335,0.0020827570171375,0.0001287777777777,14.008624737590914
0.0013530943331335,0.0014467570171375,0.0001297777777777,15.13784406297007
0.0013780943331335,0.0017757570171375,0.0001297777777777,13.203979204722085
0.0010650943331335,0.0018697570171375,0.0001297777777777,12.684007559238788
0.0014520943331335,0.0020107570171375,0.0001297777777777,15.497208203169285
0.0015350943331335,0.0013717570171375,0.0001307777777777,19.382580426733433
0.0017340943331335,0.0016607570171375,0.0001307777777777,16.87320204861335
0.0011610943331335,0.0018577570171375,0.0001307777777777,13.433292396897508
0.0014290943331335,0.0019487570171375,0.0001307777777777,15.062106369435682
0.0011560943331335,0.0015087570171375,0.0001317777777777,13.492213648230186
0.0017540943331335,0.0018247570171375,0.0001317777777777,18.66476840353425
0.0010660943331335,0.0018627570171375,0.0001317777777777,11.963609716040706
0.0012950943331335,0.0019447570171375,0.0001317777777777,13.980867807959356
0.0011340943331335,0.0020447570171375,0.0001317777777777,14.589500335313247
0.0012820943331335,0.0020737570171375,0.0001317777777777,13.86079897652748
0.0015900943331335,0.0014257570171375,0.0001327777777777,21.184747562816153
0.0012690943331335,0.0014727570171375,0.0001327777777777,15.162490026145338
0.0015300943331335,0.0019187570171375,0.0001327777777777,18.46609689892123
0.0012560943331335,0.0021017570171375,0.0001327777777777,16.04282248966214
0.0012250943331335,0.0021217570171375,0.0001327777777777,26.20034097171671
0.0013000943331335,0.0014607570171375,0.0001337777777777,15.021599366223965
0.0014590943331335,0.0014917570171375,0.0001337777777777,16.20422373773457
0.0016110943331335,0.0015027570171375,0.0001337777777777,19.672295447665334
0.0014070943331335,0.0015157570171375,0.0001337777777777,15.343292428476467
0.0017350943331335,0.0018257570171375,0.0001337777777777,18.375537761447866
0.0016650943331335,0.0018987570171375,0.0001337777777777,15.621886955377033
0.0016920943331335,0.0019767570171375,0.0001337777777777,15.18447618483033
0.0012370943331335,0.0021157570171375,0.0001337777777777,17.117930692015488
0.0016820943331335,0.0013557570171375,0.0001347777777777,18.428345426712333
0.0014510943331335,0.0015977570171375,0.0001347777777777,20.229631271755206
0.0017500943331335,0.0016997570171375,0.0001347777777777,19.48289025486565
0.0015310943331335,0.0021307570171375,0.0001347777777777,15.647022924356127
0.0016760943331335,0.0021367570171375,0.0001347777777777,16.091531173523634
0.0013090943331335,0.0021607570171375,0.0001347777777777,10.993217860374068
0.0014930943331335,0.0016457570171375,0.0001357777777777,19.396128076309726
0.0014060943331335,0.0019947570171375,0.0001357777777777,16.946897935997782
0.0016010943331335,0.0020387570171375,0.0001357777777777,16.574176761254673
0.0017100943331335,0.0014317570171375,0.0001367777777777,14.465830507239218
0.0017300943331335,0.0016657570171375,0.0001367777777777,17.08328415048546
0.0011870943331335,0.0019377570171375,0.0001367777777777,14.187190204319755
0.0017360943331335,0.0020847570171375,0.0001367777777777,21.034281858860542
0.0011710943331335,0.0015517570171375,0.0001377777777777,13.73339583795813
0.0014040943331335,0.0015627570171375,0.0001377777777777,17.522266709814986
0.0015020943331335,0.0015637570171375,0.0001377777777777,17.29430396653694
0.0015680943331335,0.0017427570171375,0.0001377777777777,26.9387915891403
0.0013880943331335,0.0017787570171375,0.0001377777777777,13.888752519646934
0.0012970943331335,0.0018467570171375,0.0001377777777777,15.038458526407604
0.0016000943331335,0.0019557570171375,0.0001377777777777,15.917711699066032
0.0011310943331335,0.0014007570171375,0.0001387777777777,13.34874557986159
0.0016470943331335,0.0014747570171375,0.0001387777777777,19.894549189984133
0.0017340943331335,0.0014807570171375,0.0001387777777777,13.407587942251626
0.0015900943331335,0.0015487570171375,0.0001387777777777,19.95290064323158
0.0017440943331335,0.0016107570171375,0.0001387777777777,14.55407409860717
0.0013620943331335,0.0018177570171375,0.0001387777777777,13.983630079574189
0.0011600943331335,0.0018497570171375,0.0001387777777777,13.54567548441653
0.0011650943331335,0.0018637570171375,0.0001387777777777,13.70468060035536
0.0015320943331335,0.0021247570171375,0.0001387777777777,15.647179988453122
0.0011890943331335,0.0014907570171375,0.0001397777777777,12.655593048793767
0.0011050943331335,0.0016257570171375,0.0001397777777777,14.297752556772016
0.0013790943331335,0.0017807570171375,0.0001397777777777,13.469982040968725
0.0010860943331335,0.0018237570171375,0.0001397777777777,15.45064190160454
0.0016510943331335,0.0014837570171375,0.0001407777777777,19.871039920464284
0.0014820943331335,0.0016517570171375,0.0001407777777777,19.574028458971775
0.0013330943331335,0.0016587570171375,0.0001407777777777,18.23477243412709
0.0010640943331335,0.0017057570171375,0.0001407777777777,15.588218144212027
0.0009640943331335,0.0020337570171375,0.0001407777777777,16.31928320825662
0.0009600943331335,0.0013747570171375,0.0001417777777777,24.15456225523957
0.0017200943331335,0.0016447570171375,0.0001417777777777,17.002701846066316
0.0012160943331335,0.0016927570171375,0.0001417777777777,15.255719332705867
0.0010680943331335,0.0018877570171375,0.0001417777777777,12.9868849074554
0.0016750943331335,0.0021477570171375,0.0001417777777777,15.70022372221575
0.0012450943331335,0.0014167570171375,0.0001427777777777,12.679733675227714
0.0012680943331335,0.0015237570171375,0.0001427777777777,15.149229292101658
0.0010460943331335,0.0015407570171375,0.0001427777777777,12.469594777244913
0.0010950943331335,0.0017937570171375,0.0001427777777777,15.7224242084625
0.0017620943331335,0.0019147570171375,0.0001427777777777,18.752375178642122
0.0017590943331335,0.0019297570171375,0.0001427777777777,18.312616475134945
0.0014310943331335,0.0020157570171375,0.0001427777777777,15.555922240216823
0.0012140943331335,0.0016157570171375,0.0001437777777777,14.019553590373583
0.0016640943331335,0.0016587570171375,0.0001437777777777,20.8143013886272
0.0012890943331335,0.0017307570171375,0.0001437777777777,16.566648283005165
0.0014850943331335,0.0019217570171375,0.0001437777777777,18.096450074204306
0.0010260943331335,0.0020177570171375,0.0001437777777777,14.626091335295753
0.0014000943331335,0.0021377570171375,0.0001437777777777,15.004726627594717
0.0013960943331335,0.0013887570171375,0.0001447777777777,14.292351157205067
0.0010460943331335,0.0016327570171375,0.0001447777777777,16.715486309740648
0.0015360943331335,0.0013867570171375,0.0001457777777777,19.642175678006584
0.0013230943331335,0.0014397570171375,0.0001457777777777,18.30965619736927
0.0016080943331335,0.0014937570171375,0.0001457777777777,21.173046620927117
0.0011550943331335,0.0019947570171375,0.0001457777777777,16.425472998276447
0.0011140943331335,0.0013437570171375,0.0001467777777777,11.999635324495573
0.0014500943331335,0.0015197570171375,0.0001467777777777,17.689612809738875
0.0016510943331335,0.0016357570171375,0.0001467777777777,19.96814055226088
0.0016880943331335,0.0016987570171375,0.0001467777777777,23.043268835768426
0.0009580943331335,0.0020427570171375,0.0001467777777777,16.705381724817784
0.0015880943331335,0.0013307570171375,0.0001477777777777,39.39216635761146
0.0017190943331335,0.0016447570171375,0.0001477777777777,17.66287556197241
0.0011340943331335,0.0018197570171375,0.0001477777777777,12.998608133877836
0.0014930943331335,0.0019167570171375,0.0001477777777777,18.180587177847116
0.0010960943331335,0.0012407570171375,0.0001487777777777,31.60900791465174
0.0016010943331335,0.0014507570171375,0.0001487777777777,20.10938062040459
0.0017290943331335,0.0018367570171375,0.0001487777777777,18.676875158601362
0.0011580943331335,0.0018597570171375,0.0001487777777777,13.741627352663784
0.0016530943331335,0.0020167570171375,0.0001487777777777,16.238861443385137
0.0011930943331335,0.0013647570171375,0.0001497777777777,14.037602105602538
0.0016070943331335,0.0019947570171375,0.0001497777777777,17.282702202117246
0.0016790943331335,0.0021377570171375,0.0001497777777777,15.775991089849446
0.0011850943331335,0.0014287570171375,0.0001507777777777,12.970977033948422
0.0010750943331335,0.0014817570171375,0.0001507777777777,12.790151293555134
0.0014140943331335,0.0015197570171375,0.0001507777777777,15.734529051173311
0.0011440943331335,0.0015287570171375,0.0001507777777777,13.62496707036014
0.0010790943331335,0.0015457570171375,0.0001507777777777,12.81054169161792
0.0014570943331335,0.0016077570171375,0.0001507777777777,20.240057644164022
0.0017550943331335,0.0017387570171375,0.0001507777777777,19.68893913240378
0.0012790943331335,0.0018777570171375,0.0001507777777777,15.749145513437233
0.0017430943331335,0.0014837570171375,0.0001517777777777,13.521333245589192
0.0016760943331335,0.0018627570171375,0.0001517777777777,18.049385897509826
0.0010070943331335,0.0020027570171375,0.0001517777777777,14.613551212799473
0.0014300943331335,0.0020707570171375,0.0001517777777777,13.795306107912262
0.0016750943331335,0.0020747570171375,0.0001517777777777,17.135705856496593
0.0009530943331335,0.0014367570171375,0.0001527777777777,14.681534221161012
0.0014170943331335,0.0014757570171375,0.0001527777777777,15.432402677052645
0.0015570943331335,0.0014977570171375,0.0001527777777777,21.81710283590316
0.0015550943331335,0.0016907570171375,0.0001527777777777,20.995800664816
0.0010660943331335,0.0017087570171375,0.0001527777777777,15.655881323512018
0.0011680943331335,0.0017437570171375,0.0001527777777777,13.715195598543442
0.0012660943331335,0.0017827570171375,0.0001527777777777,12.944100555124873
0.0011650943331335,0.0021317570171375,0.0001527777777777,20.172191665185267
0.0013250943331335,0.0014467570171375,0.0001537777777777,20.32683122713425
0.0015550943331335,0.0014797570171375,0.0001537777777777,21.755480384124393
0.0016140943331335,0.0014927570171375,0.0001537777777777,21.842098834509503
0.0015430943331335,0.0016517570171375,0.0001537777777777,19.512201251845795
0.0016150943331335,0.0016887570171375,0.0001537777777777,18.660427852726432
0.0017550943331335,0.0017437570171375,0.0001537777777777,19.720563034796854
0.0013790943331335,0.0017857570171375,0.0001537777777777,13.825988238457308
0.0014690943331335,0.0018597570171375,0.0001537777777777,16.71557497415084
0.0011930943331335,0.0018837570171375,0.0001537777777777,14.645006872049441
0.0014750943331335,0.0019117570171375,0.0001537777777777,17.49482753540074
0.0013960943331335,0.0019577570171375,0.0001537777777777,15.72708537470169
0.0015690943331335,0.0019977570171375,0.0001537777777777,15.385519719258951
0.0011990943331335,0.0013697570171375,0.0001547777777777,13.267096111671503
0.0012770943331335,0.0013727570171375,0.0001547777777777,13.711061647995537
0.0011490943331335,0.0016137570171375,0.0001547777777777,14.402470523848145
0.0017340943331335,0.0017957570171375,0.0001547777777777,20.409046618688482
0.0010430943331335,0.0016367570171375,0.0001557777777777,16.844115151578695
0.0011830943331335,0.0016597570171375,0.0001557777777777,14.80713784607411
0.0016200943331335,0.0016917570171375,0.0001557777777777,18.78134455269186
0.0016150943331335,0.0017827570171375,0.0001557777777777,19.35928792287137
0.0012940943331335,0.0018627570171375,0.0001557777777777,15.127907173157855
0.0016010943331335,0.0020497570171375,0.0001557777777777,16.404243443800077
0.0012720943331335,0.0015127570171375,0.0001567777777777,15.817875804662435
0.0014510943331335,0.0017847570171375,0.0001567777777777,15.388502992183396
0.0015970943331335,0.0018147570171375,0.0001567777777777,19.355405239553964
0.0010010943331335,0.0020017570171375,0.0001567777777777,14.746986594616299
0.0011640943331335,0.0021487570171375,0.0001567777777777,19.509269819002217
0.0012350943331335,0.0018337570171375,0.0001577777777777,14.33905639226961
0.0017170943331335,0.0019317570171375,0.0001577777777777,15.979456737260113
0.0011040943331335,0.0019697570171375,0.0001577777777777,14.557781935009023
0.0012640943331335,0.0013507570171375,0.0001587777777777,13.264272127204576
0.0017550943331335,0.0014777570171375,0.0001587777777777,13.57845960320514
0.0010350943331335,0.0016287570171375,0.0001587777777777,16.466089252258435
0.0011610943331335,0.0017347570171375,0.0001587777777777,14.45968592766625
0.0015060943331335,0.0019757570171375,0.0001587777777777,14.382372576598998
0.0011610943331335,0.0020417570171375,0.0001587777777777,14.540176821121305
0.0017100943331335,0.0020557570171375,0.0001587777777777,17.669847872302345
0.0014950943331335,0.0017627570171375,0.0001597777777777,18.87944862251174
0.0012710943331335,0.0017877570171375,0.0001597777777777,13.077401220218553
0.0014710943331335,0.0019617570171375,0.0001597777777777,16.61584136240774
0.0011870943331335,0.0020897570171375,0.0001597777777777,16.082179137615068
0.0017420943331335,0.0013907570171375,0.0001607777777777,13.062362496443576
0.0013030943331335,0.0014277570171375,0.0001607777777777,13.850963272537394
0.0016840943331335,0.0018007570171375,0.0001607777777777,22.768521777637133
0.0012220943331335,0.0021347570171375,0.0001607777777777,23.708785384621205
0.0012700943331335,0.0013607570171375,0.0001617777777777,13.703760361831334
0.0012130943331335,0.0015197570171375,0.0001617777777777,13.985737715918678
0.0011190943331335,0.0017457570171375,0.0001617777777777,14.738866610834231
0.0013100943331335,0.0017547570171375,0.0001617777777777,15.729561944093811
0.0013240943331335,0.0017967570171375,0.0001617777777777,16.412471457261375
0.0014770943331335,0.0018477570171375,0.0001617777777777,16.754937423440296
0.0015730943331335,0.0020057570171375,0.0001617777777777,15.736031881813359
0.0011620943331335,0.0020467570171375,0.0001617777777777,14.593270351254848
0.0010890943331335,0.0020517570171375,0.0001617777777777,20.712946757125955
0.0016210943331335,0.0015327570171375,0.0001627777777777,19.752536447745502
0.0014250943331335,0.0017867570171375,0.0001627777777777,14.513238026102025
0.0011450943331335,0.0018287570171375,0.0001627777777777,13.240647102491366
0.0013660943331335,0.0018357570171375,0.0001627777777777,14.223970828576793
0.0014320943331335,0.0014297570171375,0.0001637777777777,15.765363018489754
0.0015170943331335,0.0014867570171375,0.0001637777777777,21.370865790111832
0.0016760943331335,0.0017937570171375,0.0001637777777777,22.80654795906071
0.0015920943331335,0.0013377570171375,0.0001647777777777,37.40797420071364
0.0013960943331335,0.0013617570171375,0.0001647777777777,18.178516112023
0.0014310943331335,0.0013867570171375,0.0001647777777777,15.453316229221839
0.0014530943331335,0.0014867570171375,0.0001647777777777,15.959049773043517
0.0017490943331335,0.0014947570171375,0.0001647777777777,13.686394818411046
0.0013380943331335,0.0015507570171375,0.0001647777777777,16.160293096193715
0.0014000943331335,0.0018357570171375,0.0001647777777777,14.536347343081795
0.0016680943331335,0.0018807570171375,0.0001647777777777,18.068778148185356
0.0009930943331335,0.0020107570171375,0.0001647777777777,14.850812309945995
0.0014160943331335,0.0020717570171375,0.0001647777777777,14.42287656902918
0.0012850943331335,0.0020767570171375,0.0001647777777777,13.866577405976743
0.0016240943331335,0.0015257570171375,0.0001657777777777,19.751594958121267
0.0010980943331335,0.0017767570171375,0.0001657777777777,15.672661897845792
0.0010510943331335,0.0017797570171375,0.0001657777777777,13.985056569969599
0.0015770943331335,0.0018497570171375,0.0001657777777777,17.63046357039622
0.0016360943331335,0.0013727570171375,0.0001667777777777,20.26541259488484
0.0015010943331335,0.0017517570171375,0.0001667777777777,18.824609892764226
0.0017380943331335,0.0018907570171375,0.0001667777777777,18.9812117513237
0.0013320943331335,0.0020147570171375,0.0001667777777777,16.179105554605613
0.0015690943331335,0.0014367570171375,0.0001677777777777,21.356753214067368
0.0010790943331335,0.0014707570171375,0.0001677777777777,13.231431001912082
0.0012770943331335,0.0017767570171375,0.0001677777777777,13.209298400947077
0.0016190943331335,0.0017877570171375,0.0001677777777777,19.670245689443462
0.0014770943331335,0.0012797570171375,0.0001687777777777,47.84730803897662
0.0011620943331335,0.0019907570171375,0.0001687777777777,16.63312535875793
0.0017010943331335,0.0020377570171375,0.0001687777777777,17.49492990414074
0.0010910943331335,0.0020557570171375,0.0001687777777777,20.79105482074688
0.0014410943331335,0.0013887570171375,0.0001697777777777,15.273659109346381
0.0015240943331335,0.0014477570171375,0.0001697777777777,20.354123334990124
0.0016760943331335,0.0015427570171375,0.0001697777777777,17.064658057803737
0.0011400943331335,0.0015507570171375,0.0001697777777777,13.94128768720667
0.0012020943331335,0.0015847570171375,0.0001697777777777,14.613495538760064
0.0011980943331335,0.0018847570171375,0.0001697777777777,14.810923772272005
0.0015130943331335,0.0019287570171375,0.0001697777777777,18.200387390460442
0.0017590943331335,0.0021157570171375,0.0001697777777777,20.24522773170369
0.0014820943331335,0.0021377570171375,0.0001697777777777,15.270154572720372
0.0017320943331335,0.0014397570171375,0.0001707777777777,14.5094646293966
0.0009890943331335,0.0015217570171375,0.0001707777777777,13.314387616021062
0.0010770943331335,0.0015257570171375,0.0001707777777777,12.868055686437996
0.0013190943331335,0.0018937570171375,0.0001707777777777,15.929533385250409
0.0011500943331335,0.0020747570171375,0.0001707777777777,16.250603376418493
0.0014110943331335,0.0015177570171375,0.0001717777777777,16.044875398838503
0.0015510943331335,0.0015757570171375,0.0001717777777777,19.14263905066111
0.0014500943331335,0.0019647570171375,0.0001717777777777,16.888187825835665
0.0012780943331335,0.0020877570171375,0.0001717777777777,13.868036423747334
0.0017510943331335,0.0013987570171375,0.0001727777777777,13.028764106557627
0.0009580943331335,0.0014377570171375,0.0001727777777777,14.956238003165733
0.0011820943331335,0.0015077570171375,0.0001727777777777,13.273375927498455
0.0016790943331335,0.0015487570171375,0.0001727777777777,17.03782538188781
0.0010330943331335,0.0016457570171375,0.0001727777777777,17.188651927386687
0.0011410943331335,0.0018257570171375,0.0001727777777777,14.31641675908713
0.0013260943331335,0.0019057570171375,0.0001727777777777,15.933408186949517
0.0013620943331335,0.0019837570171375,0.0001727777777777,17.164029742036295
0.0014610943331335,0.0016457570171375,0.0001737777777777,19.87468748119393
0.0012930943331335,0.0018757570171375,0.0001737777777777,16.076376738909904
0.0016860943331335,0.0019547570171375,0.0001737777777777,15.548555794538286
0.0012570943331335,0.0020037570171375,0.0001737777777777,16.268766490050925
0.0009650943331335,0.0020797570171375,0.0001737777777777,17.570275088620413
0.0011450943331335,0.0020927570171375,0.0001737777777777,17.01135635406551
0.0009990943331335,0.0016137570171375,0.0001747777777777,19.888065087162403
0.0010720943331335,0.0016427570171375,0.0001747777777777,17.885944976979548
0.0013260943331335,0.0018387570171375,0.0001747777777777,15.358314000325256
0.0016320943331335,0.0019847570171375,0.0001747777777777,16.600974388479933
0.0012530943331335,0.0013587570171375,0.0001757777777777,13.329396320063982
0.0014130943331335,0.0013647570171375,0.0001757777777777,20.434796679236996
0.0015400943331335,0.0014077570171375,0.0001757777777777,19.89995772509289
0.0010330943331335,0.0017387570171375,0.0001757777777777,15.943729049564109
0.0010410943331335,0.0018437570171375,0.0001757777777777,11.763487564614469
0.0011930943331335,0.0019477570171375,0.0001757777777777,14.52481727341143
0.0011110943331335,0.0021337570171375,0.0001757777777777,31.638410170076757
0.0016850943331335,0.0015467570171375,0.0001767777777777,16.972015137970214
0.0015010943331335,0.0017647570171375,0.0001767777777777,18.96405215583862
0.0010400943331335,0.0018207570171375,0.0001767777777777,11.712433282771638
0.0009760943331335,0.0019447570171375,0.0001767777777777,19.5600057244118
0.0011340943331335,0.0013857570171375,0.0001777777777777,12.237601562782473
0.0009940943331335,0.0013987570171375,0.0001777777777777,14.334553697163686
0.0016530943331335,0.0014537570171375,0.0001777777777777,21.970722271113235
0.0011140943331335,0.0015967570171375,0.0001777777777777,14.87894628205042
0.0013810943331335,0.0016277570171375,0.0001777777777777,20.358911090027245
0.0010340943331335,0.0018487570171375,0.0001777777777777,13.545042537407896
0.0011880943331335,0.0018847570171375,0.0001777777777777,14.35639052306766
0.0015810943331335,0.0014087570171375,0.0001787777777777,21.9379956794042
0.0010710943331335,0.0016527570171375,0.0001787777777777,17.885944976979548
0.0010490943331335,0.0017277570171375,0.0001787777777777,15.932704181990339
0.0014190943331335,0.0021477570171375,0.0001787777777777,14.828623662814563
0.0013070943331335,0.0013577570171375,0.0001797777777777,13.6009107555839
0.0012760943331335,0.0014747570171375,0.0001797777777777,15.639911779410966
0.0014660943331335,0.0015007570171375,0.0001797777777777,17.207578532368405
0.0009630943331335,0.0015347570171375,0.0001797777777777,13.054340339697628
0.0015760943331335,0.0015997570171375,0.0001797777777777,20.072974766704284
0.0012170943331335,0.0017287570171375,0.0001797777777777,15.738891609657925
0.0015530943331335,0.0017387570171375,0.0001797777777777,24.297540606342817
0.0013090943331335,0.0019767570171375,0.0001797777777777,14.624298029003453
0.0015790943331335,0.0019777570171375,0.0001797777777777,16.291218538321424
0.0016590943331335,0.0020397570171375,0.0001797777777777,16.581364022452835
0.0010700943331335,0.0013757570171375,0.0001807777777777,15.427069407377129
0.0012480943331335,0.0016187570171375,0.0001807777777777,15.049372600737604
0.0011550943331335,0.0018887570171375,0.0001807777777777,14.107445118620342
0.0009690943331335,0.0018937570171375,0.0001807777777777,19.595917680596585
0.0017030943331335,0.0019587570171375,0.0001807777777777,15.571423816256598
0.0015770943331335,0.0020187570171375,0.0001807777777777,16.370089854066165
0.0012460943331335,0.0020757570171375,0.0001807777777777,15.055564169897488
0.0015810943331335,0.0021217570171375,0.0001807777777777,16.496022709429024
0.0014520943331335,0.0012867570171375,0.0001817777777777,45.95003720514627
0.0011100943331335,0.0014727570171375,0.0001817777777777,13.128211450686823
0.0013790943331335,0.0015037570171375,0.0001817777777777,16.241938962953533
0.0017200943331335,0.0016777570171375,0.0001817777777777,18.5198577417398
0.0017370943331335,0.0017637570171375,0.0001817777777777,23.8149612297983
0.0017210943331335,0.0018517570171375,0.0001817777777777,18.826758206074402
0.0013720943331335,0.0018617570171375,0.0001817777777777,15.710572671288578
0.0009710943331335,0.0018967570171375,0.0001817777777777,19.59559975035512
0.0011990943331335,0.0019357570171375,0.0001817777777777,14.269198008325304
0.0014130943331335,0.0020637570171375,0.0001817777777777,15.14425740268055
0.0016470943331335,0.0021047570171375,0.0001817777777777,17.466227459564408
0.0010710943331335,0.0016477570171375,0.0001827777777777,17.88594497697954
0.0016150943331335,0.0018967570171375,0.0001827777777777,17.90146392327151
0.0011390943331335,0.0015537570171375,0.0001837777777777,14.029803703235237
0.0016290943331335,0.0017367570171375,0.0001837777777777,20.675366299780215
0.0014930943331335,0.0018157570171375,0.0001837777777777,16.66113571342581
0.0010420943331335,0.0018577570171375,0.0001837777777777,13.694836550797795
0.0014740943331335,0.0019587570171375,0.0001837777777777,17.68781481808036
0.0011520943331335,0.0020897570171375,0.0001837777777777,16.813474563914877
0.0010890943331335,0.0021907570171375,0.0001837777777777,31.26774295669912
0.0017060943331335,0.0013767570171375,0.0001847777777777,18.3309275687878
0.0015880943331335,0.0014607570171375,0.0001847777777777,21.43045281279092
0.0016510943331335,0.0015857570171375,0.0001847777777777,18.943959384187547
0.0011120943331335,0.0017827570171375,0.0001847777777777,15.687564213261323
0.0016080943331335,0.0018017570171375,0.0001847777777777,18.978965384438585
0.0010670943331335,0.0013887570171375,0.0001857777777777,15.479233170994272
0.0010370943331335,0.0014227570171375,0.0001857777777777,16.35331443679189
0.0016220943331335,0.0014997570171375,0.0001857777777777,22.27593034845255
0.0014410943331335,0.0019767570171375,0.0001857777777777,16.995279568787655
0.0009890943331335,0.0019897570171375,0.0001857777777777,17.081355732347028
0.0015460943331335,0.0020977570171375,0.0001857777777777,15.750575552457217
0.0011100943331335,0.0013487570171375,0.0001867777777777,12.229070173928932
0.0015380943331335,0.0014127570171375,0.0001867777777777,19.98483718074574
0.0016350943331335,0.0014347570171375,0.0001867777777777,20.42367151148711
0.0017280943331335,0.0015807570171375,0.0001867777777777,16.8422182897905
0.0017410943331335,0.0018907570171375,0.0001867777777777,19.07974619805723
0.0013080943331335,0.0021827570171375,0.0001867777777777,11.089857530630022
0.0015780943331335,0.0016057570171375,0.0001877777777777,20.20937070601704
0.0012090943331335,0.0017277570171375,0.0001877777777777,15.78899280159205
0.0017560943331335,0.0017527570171375,0.0001877777777777,23.215634629966928
0.0015590943331335,0.0018027570171375,0.0001877777777777,19.4043457904188
0.0017510943331335,0.0019277570171375,0.0001877777777777,15.906099583186101
0.0017120943331335,0.0020577570171375,0.0001877777777777,17.646970313722104
0.0009970943331335,0.0015727570171375,0.0001887777777777,13.473339959557027
0.0015470943331335,0.0016727570171375,0.0001887777777777,20.631372837944916
0.0015360943331335,0.0021157570171375,0.0001887777777777,15.62391953833445
0.0017350943331335,0.0015497570171375,0.0001897777777777,16.13982401527466
0.0013600943331335,0.0015547570171375,0.0001897777777777,16.218738513427372
0.0017300943331335,0.0016897570171375,0.0001897777777777,18.552007384611432
0.0016410943331335,0.0019907570171375,0.0001897777777777,16.68132885520377
0.0014370943331335,0.0014087570171375,0.0001907777777777,15.697141677157559
0.0013830943331335,0.0014347570171375,0.0001907777777777,14.742300407674827
0.0012350943331335,0.0015397570171375,0.0001907777777777,14.977891192707423
0.0011590943331335,0.0018807570171375,0.0001907777777777,14.205040192069452
0.0015210943331335,0.0014747570171375,0.0001917777777777,21.60677838350311
0.0011410943331335,0.0015617570171375,0.0001917777777777,14.099914328698924
0.0014420943331335,0.0016327570171375,0.0001917777777777,20.413062967595437
0.0014480943331335,0.0016397570171375,0.0001917777777777,20.21859783115076
0.0010370943331335,0.0017337570171375,0.0001917777777777,16.25803999519029
0.0014560943331335,0.0019027570171375,0.0001917777777777,17.46925353290869
0.0012430943331335,0.0019577570171375,0.0001917777777777,14.551115995170257
0.0017590943331335,0.0021247570171375,0.0001917777777777,20.171624477849907
0.0013220943331335,0.0014067570171375,0.0001927777777777,17.570740971082003
0.0015280943331335,0.0014567570171375,0.0001927777777777,20.561427273645865
0.0015720943331335,0.0016087570171375,0.0001927777777777,19.93145688536862
0.0010690943331335,0.0016507570171375,0.0001927777777777,17.885944976979527
0.0012380943331335,0.0016567570171375,0.0001927777777777,15.794722358864693
0.0015560943331335,0.0018017570171375,0.0001927777777777,19.391606305175134
0.0013690943331335,0.0018717570171375,0.0001927777777777,16.068343549082236
0.0010160943331335,0.0020207570171375,0.0001927777777777,15.68483955280865
0.0017120943331335,0.0019697570171375,0.0001937777777777,15.661577232341473
0.0017360943331335,0.0019747570171375,0.0001937777777777,15.964460635893644
0.0015100943331335,0.0019927570171375,0.0001937777777777,14.741100742008753
0.0010340943331335,0.0021457570171375,0.0001937777777777,17.86166518929859
0.0013520943331335,0.0013567570171375,0.0001947777777777,12.288920597886518
0.0010400943331335,0.0014207570171375,0.0001947777777777,16.480308060120883
0.0012460943331335,0.0015477570171375,0.0001947777777777,16.827565679726984
0.0010780943331335,0.0015657570171375,0.0001947777777777,13.316360177166114
0.0010410943331335,0.0017327570171375,0.0001947777777777,16.28360592074725
0.0015200943331335,0.0019217570171375,0.0001947777777777,18.213765402507633
0.0013830943331335,0.0019897570171375,0.0001947777777777,17.87774284336646
0.0014690943331335,0.0020827570171375,0.0001947777777777,13.797615865121152
0.0011360943331335,0.0015547570171375,0.0001957777777777,14.099235064641382
0.0016070943331335,0.0017347570171375,0.0001957777777777,19.51891936036106
0.0013360943331335,0.0017997570171375,0.0001957777777777,16.810263620143655
0.0011100943331335,0.0018717570171375,0.0001957777777777,13.294309894371306
0.0013080943331335,0.0018847570171375,0.0001957777777777,16.295834546450198
0.0014750943331335,0.0019437570171375,0.0001957777777777,17.710817709850343
0.0012510943331335,0.0014447570171375,0.0001967777777777,14.19711623455276
0.0015910943331335,0.0014547570171375,0.0001967777777777,21.41156871672892
0.0011840943331335,0.0015087570171375,0.0001967777777777,13.953952619775697
0.0014190943331335,0.0017597570171375,0.0001967777777777,17.458379644278498
0.0010730943331335,0.0017807570171375,0.0001967777777777,14.787076721039378
0.0014470943331335,0.0017867570171375,0.0001967777777777,15.247189620060936
0.0014800943331335,0.0018247570171375,0.0001967777777777,16.572224653183362
0.0011700943331335,0.0019137570171375,0.0001967777777777,14.24901634345093
0.0010710943331335,0.0019827570171375,0.0001967777777777,12.707169127666052
0.0016130943331335,0.0019987570171375,0.0001967777777777,16.783213196235064
0.0009720943331335,0.0015537570171375,0.0001977777777777,13.22773651049835
0.0013610943331335,0.0015557570171375,0.0001977777777777,16.23753743177644
0.0011650943331335,0.0016347570171375,0.0001977777777777,15.925616454667399
0.0015980943331335,0.0016547570171375,0.0001977777777777,16.363656074814706
0.0009860943331335,0.0017547570171375,0.0001977777777777,22.248435756333834
0.0016820943331335,0.0019567570171375,0.0001977777777777,16.26431717779953
0.0011530943331335,0.0021047570171375,0.0001977777777777,17.152102653233534
0.0016020943331335,0.0017127570171375,0.0001987777777777,19.194831745484947
0.0014410943331335,0.0017277570171375,0.0001987777777777,17.253555395127503
0.0010070943331335,0.0017967570171375,0.0001987777777777,14.30442525320427
0.0016150943331335,0.0019497570171375,0.0001987777777777,17.068715355344555
0.0013150943331335,0.0021797570171375,0.0001987777777777,11.131289374818701
0.0009850943331335,0.0015707570171375,0.0001997777777777,13.612000913068096
0.0014440943331335,0.0016937570171375,0.0001997777777777,18.943295740254953
0.0011740943331335,0.0018617570171375,0.0001997777777777,13.709447156202812
0.0015170943331335,0.0021397570171375,0.0001997777777777,15.431276371310739
0.0011310943331335,0.0014007570171375,0.0002007777777777,12.515404690127044
0.0014920943331335,0.0014597570171375,0.0002007777777777,25.346955751067135
0.0014480943331335,0.0014917570171375,0.0002007777777777,17.128234954779465
0.0011740943331335,0.0015477570171375,0.0002007777777777,16.122910088615843
0.0011880943331335,0.0015617570171375,0.0002007777777777,17.354124508926276
0.0013630943331335,0.0017697570171375,0.0002007777777777,17.78374704226241
0.0010740943331335,0.0017797570171375,0.0002007777777777,14.846904516280722
0.0010760943331335,0.0015667570171375,0.0002017777777777,13.381624568168096
0.0015270943331335,0.0016317570171375,0.0002017777777777,19.013266361863025
0.0016020943331335,0.0017837570171375,0.0002017777777777,18.924199617257994
0.0010220943331335,0.0017937570171375,0.0002017777777777,15.107649048392656
0.0014040943331335,0.0019997570171375,0.0002017777777777,18.121877029814605
0.0010360943331335,0.0015407570171375,0.0002027777777777,13.192500987447042
0.0016010943331335,0.0018257570171375,0.0002027777777777,18.709366765839544
0.0016700943331335,0.0020177570171375,0.0002027777777777,16.632694650905208
0.0011570943331335,0.0021227570171375,0.0002027777777777,17.66769039549474
0.0010370943331335,0.0014187570171375,0.0002037777777777,16.524890143085948
0.0016290943331335,0.0015037570171375,0.0002037777777777,22.564382762767252
0.0016350943331335,0.0015387570171375,0.0002037777777777,19.806433493068475
0.0014880943331335,0.0016737570171375,0.0002037777777777,19.729197502959146
0.0016900943331335,0.0017507570171375,0.0002037777777777,24.39914493944662
0.0010460943331335,0.0018717570171375,0.0002037777777777,13.91793995172416
0.0016420943331335,0.0018727570171375,0.0002037777777777,17.647043863093796
0.0017180943331335,0.0019177570171375,0.0002037777777777,17.65575666677452
0.0016840943331335,0.0019597570171375,0.0002037777777777,16.421151883195922
0.0011090943331335,0.0020077570171375,0.0002037777777777,15.722339396350197
0.0014940943331335,0.0020077570171375,0.0002037777777777,14.936469695098946
0.0017560943331335,0.0014767570171375,0.0002047777777777,14.708769430969042
0.0016410943331335,0.0015407570171375,0.0002047777777777,19.802459904319356
0.0010990943331335,0.0018287570171375,0.0002047777777777,14.985123546110149
0.0016960943331335,0.0018587570171375,0.0002047777777777,18.887936876132645
0.0011020943331335,0.0020667570171375,0.0002047777777777,21.560511615704062
0.0011000943331335,0.0018377570171375,0.0002057777777777,15.249396580553997
0.0015950943331335,0.0022207570171375,0.0002057777777777,32.33567263351955
0.0011940943331335,0.0015767570171375,0.0002067777777777,17.74291320163167
0.0012910943331335,0.0017737570171375,0.0002067777777777,16.391864111084736
0.0013920943331335,0.0018147570171375,0.0002067777777777,14.616034869218407
0.0014500943331335,0.0018307570171375,0.0002067777777777,16.195451937495488
0.0016820943331335,0.0019447570171375,0.0002067777777777,16.40006947596618
0.0015020943331335,0.0020057570171375,0.0002067777777777,14.771907834698757
0.0011870943331335,0.0020207570171375,0.0002067777777777,15.280938081120121
0.0012230943331335,0.0013707570171375,0.0002077777777777,13.588412354920436
0.0010960943331335,0.0014787570171375,0.0002077777777777,13.504443782174148
0.0013020943331335,0.0015307570171375,0.0002077777777777,17.309907011454193
0.0013480943331335,0.0015487570171375,0.0002077777777777,16.25365050936414
0.0010800943331335,0.0017747570171375,0.0002077777777777,15.688671454567901
0.0010670943331335,0.0017817570171375,0.0002077777777777,15.212775534068038
0.0017300943331335,0.0018647570171375,0.0002077777777777,19.02779707349042
0.0016920943331335,0.0018667570171375,0.0002077777777777,18.960887204191785
0.0010400943331335,0.0018277570171375,0.0002087777777777,12.152647764739388
0.0013780943331335,0.0014517570171375,0.0002097777777777,14.605339045635105
0.0014170943331335,0.0014987570171375,0.0002097777777777,17.195286407214528
0.0014970943331335,0.0015197570171375,0.0002097777777777,17.997597062555933
0.0015890943331335,0.0016767570171375,0.0002097777777777,17.01791021216265
0.0016750943331335,0.0016917570171375,0.0002097777777777,19.90634146504667
0.0013980943331335,0.0018817570171375,0.0002097777777777,15.854134001099665
0.0016980943331335,0.0018837570171375,0.0002097777777777,19.182373598603466
0.0012510943331335,0.0014477570171375,0.0002107777777777,14.308007851277639
0.0012290943331335,0.0014847570171375,0.0002107777777777,16.76570502994559
0.0016370943331335,0.0015427570171375,0.0002107777777777,19.820143652471202
0.0013030943331335,0.0022207570171375,0.0002107777777777,11.089106957369554
0.0010230943331335,0.0015047570171375,0.0002117777777777,13.097195689813061
0.0017180943331335,0.0016087570171375,0.0002117777777777,17.194910230398413
0.0012970943331335,0.0017747570171375,0.0002117777777777,16.519831945879286
0.0017330943331335,0.0018677570171375,0.0002117777777777,19.18031562782247
0.0012000943331335,0.0019567570171375,0.0002117777777777,14.799873518158229
0.0012740943331335,0.0020217570171375,0.0002117777777777,16.410077054990932
0.0013540943331335,0.0015207570171375,0.0002127777777777,16.58771778128562
0.0010740943331335,0.0015717570171375,0.0002127777777777,13.580829131922197
0.0014570943331335,0.0015977570171375,0.0002127777777777,20.34410144311776
0.0011800943331335,0.0016377570171375,0.0002127777777777,16.010141521545624
0.0012720943331335,0.0017017570171375,0.0002127777777777,17.516543922807525
0.0012470943331335,0.0017907570171375,0.0002127777777777,15.649996897256438
0.0010480943331335,0.0018807570171375,0.0002127777777777,16.46830841846296
0.0014200943331335,0.0019637570171375,0.0002127777777777,17.791313262779717
0.0014340943331335,0.0014197570171375,0.0002137777777777,16.804164149900544
0.0017090943331335,0.0015087570171375,0.0002137777777777,16.654236542668095
0.0011520943331335,0.0018087570171375,0.0002137777777777,15.61751865295093
0.0012480943331335,0.0018827570171375,0.0002137777777777,15.711732657098553
0.0016770943331335,0.0019367570171375,0.0002137777777777,16.83829367831056
0.0013770943331335,0.0013977570171375,0.0002147777777777,16.04075569430717
0.0014380943331335,0.0017017570171375,0.0002147777777777,18.89532623104059
0.0017360943331335,0.0018717570171375,0.0002147777777777,19.207263399780157
0.0014580943331335,0.0019007570171375,0.0002147777777777,17.587626008451597
0.0014780943331335,0.0013227570171375,0.0002157777777777,45.107298699980745
0.0015610943331335,0.0016087570171375,0.0002167777777777,19.582693634763245
0.0012500943331335,0.0016457570171375,0.0002167777777777,16.707384663224282
0.0011950943331335,0.0016907570171375,0.0002167777777777,17.41224410123314
0.0017310943331335,0.0017087570171375,0.0002167777777777,18.66365978851943
0.0016040943331335,0.0021487570171375,0.0002167777777777,17.345319237644933
0.0017110943331335,0.0013947570171375,0.0002177777777777,18.247156682805286
0.0015410943331335,0.0014337570171375,0.0002177777777777,20.551328563212117
0.0012480943331335,0.0016537570171375,0.0002177777777777,16.923381101340823
0.0012210943331335,0.0017497570171375,0.0002177777777777,17.982770710137643
0.0011050943331335,0.0020217570171375,0.0002177777777777,19.7950855121372
0.0014440943331335,0.0020967570171375,0.0002177777777777,14.274541641435855
0.0011520943331335,0.0021127570171375,0.0002177777777777,17.34828984384386
0.0017230943331335,0.0013557570171375,0.0002187777777777,18.217128374895
0.0010320943331335,0.0014227570171375,0.0002187777777777,16.689687936555085
0.0016530943331335,0.0018797570171375,0.0002187777777777,17.45187157722344
0.0011750943331335,0.0020717570171375,0.0002187777777777,15.36667567696492
0.0011080943331335,0.0013647570171375,0.0002197777777777,12.56885241399959
0.0010660943331335,0.0014147570171375,0.0002197777777777,16.07769512231359
0.0011390943331335,0.0016217570171375,0.0002197777777777,15.161256741559427
0.0016510943331335,0.0021377570171375,0.0002197777777777,17.188883550856488
0.0009850943331335,0.0014127570171375,0.0002207777777777,14.924431529159541
0.0013750943331335,0.0017337570171375,0.0002207777777777,17.072669769645415
0.0009610943331335,0.0017737570171375,0.0002207777777777,24.3605166547578
0.0012990943331335,0.0018597570171375,0.0002207777777777,15.73193214637952
0.0016640943331335,0.0019217570171375,0.0002207777777777,16.984505161304558
0.0017030943331335,0.0020667570171375,0.0002207777777777,17.664480925463266
0.0016690943331335,0.0015537570171375,0.0002217777777777,18.34398799208109
0.0015380943331335,0.0019567570171375,0.0002217777777777,18.188782082515157
0.0013590943331335,0.0020337570171375,0.0002217777777777,14.589938069461528
0.0016050943331335,0.0020657570171375,0.0002217777777777,16.192929219044686
0.0009760943331335,0.0018807570171375,0.0002227777777777,16.220164367917675
0.0017300943331335,0.0014517570171375,0.0002237777777777,15.566821093069343
0.0011950943331335,0.0014817570171375,0.0002237777777777,15.403749922544119
0.0016640943331335,0.0017487570171375,0.0002237777777777,23.19103775290784
0.0011710943331335,0.0018987570171375,0.0002237777777777,14.689593374296003
0.0013360943331335,0.0021017570171375,0.0002237777777777,15.785834985188357
0.0014470943331335,0.0013587570171375,0.0002247777777777,35.56742289394852
0.0011880943331335,0.0016947570171375,0.0002247777777777,17.519953127641617
0.0013060943331335,0.0019397570171375,0.0002247777777777,16.03021726211316
0.0016450943331335,0.0014277570171375,0.0002257777777777,21.114487890282394
0.0016830943331335,0.0015517570171375,0.0002257777777777,17.621108326175516
0.0015160943331335,0.0017927570171375,0.0002257777777777,19.362227077061306
0.0015900943331335,0.0018177570171375,0.0002257777777777,18.845426850660033
0.0014320943331335,0.0018537570171375,0.0002257777777777,15.493009896653142
0.0015870943331335,0.0020937570171375,0.0002257777777777,16.099855833716422
0.0012240943331335,0.0013467570171375,0.0002267777777777,13.304909925578388
0.0010030943331335,0.0016387570171375,0.0002267777777777,19.611405044468693
0.0014860943331335,0.0018687570171375,0.0002267777777777,17.708372787600496
0.0016460943331335,0.0019327570171375,0.0002267777777777,17.168738156860115
0.0016220943331335,0.0013457570171375,0.0002277777777777,23.63507395211662
0.0010950943331335,0.0014787570171375,0.0002277777777777,13.620882579931232
0.0013850943331335,0.0015067570171375,0.0002277777777777,16.68002283240915
0.0014480943331335,0.0015067570171375,0.0002277777777777,18.007007145525062
0.0012920943331335,0.0018647570171375,0.0002277777777777,15.759251101940265
0.0010020943331335,0.0021377570171375,0.0002277777777777,19.50325421546234
0.0015030943331335,0.0015207570171375,0.0002287777777777,18.19662542563339
0.0016910943331335,0.0015487570171375,0.0002287777777777,17.55989870751525
0.0014290943331335,0.0015657570171375,0.0002287777777777,18.689075482789733
0.0014340943331335,0.0017437570171375,0.0002287777777777,18.284290102128438
0.0011670943331335,0.0017897570171375,0.0002287777777777,16.183741511245646
0.0013580943331335,0.0020297570171375,0.0002287777777777,14.779194843333915
0.0012910943331335,0.0022397570171375,0.0002287777777777,11.085738774498763
0.0010010943331335,0.0014847570171375,0.0002297777777777,13.80666578775454
0.0013660943331335,0.0015997570171375,0.0002297777777777,19.296609368792055
0.0016980943331335,0.0016727570171375,0.0002297777777777,17.819810920127605
0.0010420943331335,0.0017787570171375,0.0002297777777777,15.167543552589038
0.0015320943331335,0.0018007570171375,0.0002297777777777,19.38592010739812
0.0016490943331335,0.0018577570171375,0.0002297777777777,17.956384709507027
0.0009790943331335,0.0018907570171375,0.0002297777777777,16.61960337717312
0.0010400943331335,0.0019687570171375,0.0002297777777777,15.837385292740512
0.0015250943331335,0.0020037570171375,0.0002297777777777,15.15349871043233
0.0010780943331335,0.0015817570171375,0.0002307777777777,14.007501459675401
0.0017510943331335,0.0015957570171375,0.0002307777777777,17.209134091486487
0.0011790943331335,0.0020237570171375,0.0002307777777777,15.601692255583016
0.0013560943331335,0.0021487570171375,0.0002307777777777,13.822423482681502
0.0012480943331335,0.0013857570171375,0.0002317777777777,15.416312260279074
0.0009840943331335,0.0014157570171375,0.0002317777777777,15.057030233478748
0.0014990943331335,0.0017427570171375,0.0002317777777777,19.407642990062932
0.0013490943331335,0.0017947570171375,0.0002317777777777,17.847500965760073
0.0009950943331335,0.0018967570171375,0.0002317777777777,15.765124915873976
0.0016010943331335,0.0019587570171375,0.0002317777777777,17.286973029389628
0.0011840943331335,0.0020917570171375,0.0002317777777777,15.668212607076374
0.0013200943331335,0.0017747570171375,0.0002327777777777,17.27546315272679
0.0014030943331335,0.0018257570171375,0.0002327777777777,15.045339948756883
0.0016290943331335,0.0018297570171375,0.0002327777777777,18.278082839866464
0.0015410943331335,0.0018477570171375,0.0002327777777777,18.933431624844676
0.0009870943331335,0.0021337570171375,0.0002327777777777,19.383819674321806
0.0016780943331335,0.0015617570171375,0.0002337777777777,17.245288363609866
0.0015210943331335,0.0017947570171375,0.0002337777777777,19.401144950367257
0.0013700943331335,0.0021377570171375,0.0002337777777777,13.818141357932529
0.0017230943331335,0.0013567570171375,0.0002347777777777,17.05994396476718
0.0013450943331335,0.0013687570171375,0.0002347777777777,15.34221052102429
0.0010570943331335,0.0014197570171375,0.0002347777777777,16.243917645031654
0.0016100943331335,0.0016197570171375,0.0002347777777777,19.625630461702794
0.0010010943331335,0.0016467570171375,0.0002347777777777,19.58624661749794
0.0017490943331335,0.0018027570171375,0.0002347777777777,21.302726936142545
0.0012010943331335,0.0018167570171375,0.0002347777777777,15.620054439487037
0.0013730943331335,0.0018207570171375,0.0002347777777777,15.70489846994657
0.0010120943331335,0.0018567570171375,0.0002347777777777,12.259029903357698
0.0012910943331335,0.0018657570171375,0.0002347777777777,15.821190298049476
0.0017330943331335,0.0020027570171375,0.0002347777777777,15.68407077716952
0.0014980943331335,0.0020207570171375,0.0002347777777777,14.842572802945265
0.0014400943331335,0.0021057570171375,0.0002347777777777,14.407750157041942
0.0014220943331335,0.0013807570171375,0.0002357777777777,31.480157086170912
0.0012800943331335,0.0014147570171375,0.0002357777777777,17.42531317518145
0.0016160943331335,0.0016157570171375,0.0002357777777777,19.605024689705832
0.0016670943331335,0.0016557570171375,0.0002357777777777,18.616639096985
0.0016320943331335,0.0018097570171375,0.0002357777777777,18.5160413326507
0.0014500943331335,0.0018307570171375,0.0002357777777777,16.35476872865533
0.0016870943331335,0.0018307570171375,0.0002357777777777,19.118664680558982
0.0014630943331335,0.0020897570171375,0.0002357777777777,14.514800439621967
0.0014530943331335,0.0013457570171375,0.0002367777777777,37.02219580862314
0.0016350943331335,0.0015497570171375,0.0002367777777777,19.891701261629194
0.0010790943331335,0.0015837570171375,0.0002367777777777,14.105262095827666
0.0014170943331335,0.0016787570171375,0.0002367777777777,21.20766818498753
0.0011820943331335,0.0017787570171375,0.0002367777777777,16.651411611592902
0.0012640943331335,0.0018867570171375,0.0002367777777777,16.22284231809248
0.0010340943331335,0.0019717570171375,0.0002367777777777,16.369536491750676
0.0012880943331335,0.0014267570171375,0.0002377777777777,18.563210211251203
0.0015700943331335,0.0017137570171375,0.0002377777777777,18.632254432708066
0.0013640943331335,0.0018247570171375,0.0002377777777777,15.932274431834369
0.0011480943331335,0.0018457570171375,0.0002377777777777,15.146163209705454
0.0009930943331335,0.0019807570171375,0.0002377777777777,18.317581289362032
0.0014200943331335,0.0019947570171375,0.0002377777777777,18.749965249127662
0.0009820943331335,0.0021307570171375,0.0002377777777777,19.357463924434416
0.0012850943331335,0.0014187570171375,0.0002387777777777,17.9793177820099
0.0014210943331335,0.0015657570171375,0.0002387777777777,18.50884092695174
0.0014710943331335,0.0021437570171375,0.0002387777777777,12.61726781242334
0.0017030943331335,0.0015367570171375,0.0002397777777777,17.46576043556958
0.0011070943331335,0.0020177570171375,0.0002397777777777,19.323245898711438
0.0010170943331335,0.0020447570171375,0.0002397777777777,16.136252331343435
0.0013830943331335,0.0020737570171375,0.0002397777777777,15.845956937467964
0.0017610943331335,0.0016517570171375,0.0002407777777777,15.022125069212406
0.0015370943331335,0.0016747570171375,0.0002407777777777,20.551184072125235
0.0012780943331335,0.0018277570171375,0.0002417777777777,14.426095993608875
0.0011700943331335,0.0020697570171375,0.0002417777777777,15.515521739644367
0.0015630943331335,0.0013877570171375,0.0002427777777777,22.566681370905886
0.0015370943331335,0.0014807570171375,0.0002427777777777,21.323488309660988
0.0014580943331335,0.0015947570171375,0.0002427777777777,20.44472519616688
0.0015020943331335,0.0016017570171375,0.0002427777777777,19.988087089372318
0.0011070943331335,0.0016777570171375,0.0002427777777777,15.859056494843907
0.0015820943331335,0.0019297570171375,0.0002427777777777,17.686215677881815
0.0011590943331335,0.0019407570171375,0.0002427777777777,15.213785497820071
0.0016180943331335,0.0013937570171375,0.0002437777777777,30.886038970444503
0.0009760943331335,0.0014547570171375,0.0002437777777777,15.756907982186055
0.0011880943331335,0.0015317570171375,0.0002437777777777,14.715678139390253
0.0015730943331335,0.0016807570171375,0.0002437777777777,18.533176234269533
0.0015210943331335,0.0017917570171375,0.0002437777777777,19.453775931230112
0.0012700943331335,0.0021027570171375,0.0002437777777777,15.690843319446502
0.0010980943331335,0.0019507570171375,0.0002447777777777,14.994312902533242
0.0013890943331335,0.0020707570171375,0.0002447777777777,15.807985214995321
0.0014470943331335,0.0013547570171375,0.0002457777777777,36.156842791261894
0.0012340943331335,0.0014037570171375,0.0002457777777777,16.110958990622915
0.0013720943331335,0.0014117570171375,0.0002457777777777,22.637808284673905
0.0011460943331335,0.0016477570171375,0.0002457777777777,15.779848265006493
0.0013970943331335,0.0016797570171375,0.0002457777777777,19.767611857244614
0.0011500943331335,0.0018347570171375,0.0002457777777777,16.23885794875716
0.0010170943331335,0.0020427570171375,0.0002457777777777,16.187838095658712
0.0010740943331335,0.0013477570171375,0.0002467777777777,12.54810967751379
0.0011170943331335,0.0021107570171375,0.0002467777777777,16.193647162707922
0.0014690943331335,0.0021487570171375,0.0002467777777777,12.584770083290618
0.0013470943331335,0.0013777570171375,0.0002477777777777,15.486148679836427
0.0011660943331335,0.0015877570171375,0.0002477777777777,16.547684468363478
0.0012160943331335,0.0017597570171375,0.0002477777777777,18.583143040348222
0.0015230943331335,0.0017767570171375,0.0002477777777777,19.418967177603992
0.0017180943331335,0.0018577570171375,0.0002477777777777,19.617860081523187
0.0010520943331335,0.0019137570171375,0.0002477777777777,16.621434004019292
0.0011920943331335,0.0021047570171375,0.0002477777777777,15.884114379493061
0.0017160943331335,0.0021187570171375,0.0002477777777777,18.07158065629502
0.0012850943331335,0.0014247570171375,0.0002487777777777,18.77376657348484
0.0014920943331335,0.0014537570171375,0.0002487777777777,28.224722767924767
0.0012090943331335,0.0016027570171375,0.0002487777777777,18.285381673881588
0.0016400943331335,0.0017197570171375,0.0002487777777777,21.55257077778188
0.0011550943331335,0.0019337570171375,0.0002487777777777,15.098813776332364
0.0012850943331335,0.0013447570171375,0.0002497777777777,13.349810845242096
0.0016550943331335,0.0013557570171375,0.0002497777777777,20.695574535056068
0.0017220943331335,0.0013997570171375,0.0002497777777777,18.23470298013524
0.0012090943331335,0.0015857570171375,0.0002497777777777,17.6751383414064
0.0016760943331335,0.0017007570171375,0.0002497777777777,18.865287579669552
0.0011880943331335,0.0020157570171375,0.0002497777777777,15.687583752311811
0.0012360943331335,0.0021437570171375,0.0002497777777777,15.83426893569742
0.0016660943331335,0.0014837570171375,0.0002507777777777,20.669221661388505
0.0017180943331335,0.0015237570171375,0.0002507777777777,17.32020049953091
0.0010380943331335,0.0015767570171375,0.0002507777777777,13.887819695118916
0.0015570943331335,0.0016247570171375,0.0002507777777777,20.289365142178006
0.0013430943331335,0.0017887570171375,0.0002507777777777,18.850174509350712
0.0011130943331335,0.0014117570171375,0.0002517777777777,12.484457822441598
0.0016160943331335,0.0014247570171375,0.0002517777777777,25.444428234680654
0.0011640943331335,0.0014297570171375,0.0002517777777777,14.383709053606681
0.0011600943331335,0.0014307570171375,0.0002517777777777,14.353410064887527
0.0012410943331335,0.0014977570171375,0.0002517777777777,17.609307672055518
0.0014480943331335,0.0015917570171375,0.0002527777777777,20.512918350099035
0.0016770943331335,0.0016967570171375,0.0002527777777777,18.87344353366654
0.0009810943331335,0.0018347570171375,0.0002527777777777,19.342702549044226
0.0017480943331335,0.0018357570171375,0.0002527777777777,20.884341863295152
0.0012650943331335,0.0019507570171375,0.0002527777777777,16.168148763021662
0.0017170943331335,0.0020727570171375,0.0002527777777777,17.95662955590544
0.0013000943331335,0.0013547570171375,0.0002537777777777,14.060026055506295
0.0016230943331335,0.0013907570171375,0.0002537777777777,30.09859193366731
0.0011980943331335,0.0015557570171375,0.0002537777777777,17.30832164357906
0.0016340943331335,0.0015977570171375,0.0002537777777777,19.481012133625434
0.0016750943331335,0.0018757570171375,0.0002537777777777,18.24241610682678
0.0013570943331335,0.0014487570171375,0.0002547777777777,20.915380440495955
0.0013340943331335,0.0015547570171375,0.0002547777777777,18.952900026813598
0.0009980943331335,0.0015937570171375,0.0002547777777777,16.1449744993051
0.0016090943331335,0.0016737570171375,0.0002547777777777,17.064707670785634
0.0012690943331335,0.0019517570171375,0.0002547777777777,16.195634622632937
0.0014380943331335,0.0020257570171375,0.0002547777777777,16.179354281805445
0.0014850943331335,0.0013467570171375,0.0002557777777777,43.527642439062056
0.0015460943331335,0.0014497570171375,0.0002557777777777,21.03708281648604
0.0012650943331335,0.0019607570171375,0.0002557777777777,16.15628119705892
0.0013310943331335,0.0020737570171375,0.0002557777777777,15.632104551482483
0.0011930943331335,0.0021177570171375,0.0002557777777777,15.998681503002217
0.0012680943331335,0.0021177570171375,0.0002557777777777,15.725578214872636
0.0013300943331335,0.0021947570171375,0.0002557777777777,11.28834644693432
0.0017460943331335,0.0014437570171375,0.0002567777777777,14.769699512059459
0.0016990943331335,0.0017007570171375,0.0002567777777777,18.701936661776152
0.0012740943331335,0.0017157570171375,0.0002567777777777,18.720488425805446
0.0013440943331335,0.0017337570171375,0.0002567777777777,17.92197976514097
0.0013030943331335,0.0019367570171375,0.0002567777777777,16.496580263867347
0.0010760943331335,0.0021377570171375,0.0002567777777777,16.55825229326603
0.0010910943331335,0.0013007570171375,0.0002577777777777,26.541103892090717
0.0015550943331335,0.0013437570171375,0.0002577777777777,23.788161723406414
0.0010010943331335,0.0016597570171375,0.0002577777777777,18.690546204580613
0.0017210943331335,0.0016607570171375,0.0002577777777777,16.27330027327435
0.0012160943331335,0.0019017570171375,0.0002577777777777,14.810421394415185
0.0015770943331335,0.0019367570171375,0.0002577777777777,18.11963608127911
0.0010490943331335,0.0020167570171375,0.0002577777777777,16.27607967745771
0.0017280943331335,0.0020217570171375,0.0002577777777777,15.776269773120394
0.0012010943331335,0.0021417570171375,0.0002577777777777,12.78450706600324
0.0013810943331335,0.0015617570171375,0.0002587777777777,19.441191358150906
0.0013590943331335,0.0016387570171375,0.0002587777777777,21.71512622596297
0.0012760943331335,0.0016427570171375,0.0002587777777777,18.921333406657578
0.0014400943331335,0.0016687570171375,0.0002587777777777,21.714699709052883
0.0010460943331335,0.0016847570171375,0.0002587777777777,17.88594497697947
0.0013130943331335,0.0018657570171375,0.0002587777777777,15.947102040320953
0.0012370943331335,0.0020837570171375,0.0002587777777777,16.287893936669224
0.0015090943331335,0.0015427570171375,0.0002597777777777,19.43779096861723
0.0010830943331335,0.0015927570171375,0.0002597777777777,14.614329331503253
0.0016530943331335,0.0016097570171375,0.0002597777777777,19.430940438837823
0.0015420943331335,0.0016317570171375,0.0002597777777777,20.368308096901195
0.0017610943331335,0.0016467570171375,0.0002597777777777,16.15547097761945
0.0015300943331335,0.0019337570171375,0.0002597777777777,18.497572789462964
0.0014310943331335,0.0019417570171375,0.0002597777777777,17.858387895950994
0.0016400943331335,0.0019467570171375,0.0002597777777777,17.757312938952943
0.0011520943331335,0.0019567570171375,0.0002597777777777,15.350419192023883
0.0014310943331335,0.0020037570171375,0.0002597777777777,19.1344758465109
0.0016310943331335,0.0013737570171375,0.0002607777777777,26.285492776293648
0.0013660943331335,0.0014067570171375,0.0002607777777777,25.59298378741661
0.0012940943331335,0.0014207570171375,0.0002607777777777,18.90524070352981
0.0014000943331335,0.0014467570171375,0.0002607777777777,28.21439001481567
0.0015830943331335,0.0019907570171375,0.0002607777777777,17.41066724672188
0.0011480943331335,0.0020837570171375,0.0002607777777777,15.73609704083666
0.0012950943331335,0.0021427570171375,0.0002607777777777,15.054971600434383
0.0010680943331335,0.0017917570171375,0.0002617777777777,12.939499427742085
0.0010020943331335,0.0020397570171375,0.0002617777777777,16.38343081954391
0.0013380943331335,0.0020717570171375,0.0002617777777777,15.652855287084193
0.0014290943331335,0.0013737570171375,0.0002627777777777,34.916112420026934
0.0015220943331335,0.0013937570171375,0.0002627777777777,21.934618500523197
0.0010070943331335,0.0015857570171375,0.0002627777777777,15.978597743940501
0.0016040943331335,0.0016907570171375,0.0002627777777777,17.33837275969057
0.0015880943331335,0.0017517570171375,0.0002627777777777,19.729567192256553
0.0017270943331335,0.0020787570171375,0.0002627777777777,18.054006156598376
0.0013600943331335,0.0020837570171375,0.0002627777777777,16.257932418050768
0.0010170943331335,0.0017547570171375,0.0002637777777777,15.218289900747882
0.0014730943331335,0.0018107570171375,0.0002637777777777,16.83080292335661
0.0014180943331335,0.0018137570171375,0.0002637777777777,16.894872895271586
0.0012850943331335,0.0018327570171375,0.0002637777777777,14.879573574225795
0.0012580943331335,0.0018497570171375,0.0002637777777777,15.434290402829992
0.0009870943331335,0.0018537570171375,0.0002637777777777,18.2642330059219
0.0013100943331335,0.0019357570171375,0.0002637777777777,16.58696552145259
0.0012540943331335,0.0016807570171375,0.0002647777777777,18.488539905085123
0.0011330943331335,0.0019117570171375,0.0002647777777777,15.27244389214178
0.0012220943331335,0.0020947570171375,0.0002647777777777,16.18074276584061
0.0016170943331335,0.0013637570171375,0.0002657777777777,23.804724193202887
0.0010020943331335,0.0014947570171375,0.0002657777777777,14.332261334687573
0.0014560943331335,0.0015527570171375,0.0002657777777777,21.165661845795672
0.0016630943331335,0.0016787570171375,0.0002657777777777,18.960145714109803
0.0011040943331335,0.0018437570171375,0.0002657777777777,15.773961251157777
0.0017530943331335,0.0018597570171375,0.0002657777777777,19.784593539838067
0.0014610943331335,0.0018677570171375,0.0002657777777777,16.669859973112356
0.0017280943331335,0.0019397570171375,0.0002657777777777,20.204141472954205
0.0013520943331335,0.0020947570171375,0.0002657777777777,16.21099118082655
0.0014480943331335,0.0021137570171375,0.0002657777777777,14.671594752214036
0.0017300943331335,0.0013487570171375,0.0002667777777777,16.351149391245986
0.0015330943331335,0.0017407570171375,0.0002667777777777,19.206750960820926
0.0013510943331335,0.0017427570171375,0.0002667777777777,18.089858020895655
0.0016450943331335,0.0018947570171375,0.0002667777777777,18.709317555264246
0.0011740943331335,0.0020697570171375,0.0002667777777777,15.697305440456015
0.0014990943331335,0.0014387570171375,0.0002677777777777,28.718187028714173
0.0013990943331335,0.0014417570171375,0.0002677777777777,28.44883874070659
0.0013920943331335,0.0014557570171375,0.0002677777777777,26.69520732577974
0.0010160943331335,0.0015767570171375,0.0002677777777777,14.29695409108099
0.0013800943331335,0.0017457570171375,0.0002677777777777,18.38454951838288
0.0012840943331335,0.0017577570171375,0.0002677777777777,19.037393631821033
0.0012100943331335,0.0018157570171375,0.0002677777777777,16.53454121289918
0.0016210943331335,0.0014657570171375,0.0002687777777777,23.66835774067773
0.0015390943331335,0.0014787570171375,0.0002687777777777,21.26894354845404
0.0011900943331335,0.0017117570171375,0.0002687777777777,18.04941356333064
0.0014840943331335,0.0019667570171375,0.0002687777777777,18.704664988042044
0.0009730943331335,0.0019917570171375,0.0002687777777777,19.667859150471955
0.0013470943331335,0.0020707570171375,0.0002687777777777,16.71230325587023
0.0016670943331335,0.0021027570171375,0.0002687777777777,17.851904515881408
0.0012550943331335,0.0016147570171375,0.0002697777777777,18.65889776625707
0.0012480943331335,0.0016747570171375,0.0002697777777777,18.573255012187634
0.0014260943331335,0.0019367570171375,0.0002697777777777,17.66635073513542
0.0016990943331335,0.0019817570171375,0.0002697777777777,17.501909009789383
0.0015790943331335,0.0019847570171375,0.0002697777777777,17.737034796605954
0.0013580943331335,0.0022237570171375,0.0002697777777777,11.252558745360922
0.0013760943331335,0.0015717570171375,0.0002707777777777,19.796403645056643
0.0010250943331335,0.0017387570171375,0.0002707777777777,15.091364435554034
0.0011600943331335,0.0018647570171375,0.0002707777777777,15.11189352946926
0.0009820943331335,0.0019687570171375,0.0002707777777777,20.00633287230308
0.0013820943331335,0.0015117570171375,0.0002717777777777,21.99938926460742
0.0014420943331335,0.0015147570171375,0.0002717777777777,18.84669090533517
0.0011250943331335,0.0015577570171375,0.0002717777777777,15.080321989860836
0.0010090943331335,0.0020877570171375,0.0002717777777777,17.054587985380863
0.0012490943331335,0.0021427570171375,0.0002717777777777,15.773185182051943
0.0016670943331335,0.0013787570171375,0.0002727777777777,21.84034746071676
0.0012940943331335,0.0014097570171375,0.0002727777777777,18.49591264872275
0.0011350943331335,0.0015287570171375,0.0002727777777777,15.836089235606943
0.0016250943331335,0.0016107570171375,0.0002727777777777,19.759527027621164
0.0009810943331335,0.0018517570171375,0.0002727777777777,18.18366068719012
0.0017560943331335,0.0018667570171375,0.0002727777777777,19.12494884039641
0.0016120943331335,0.0020817570171375,0.0002727777777777,16.722820766780025
0.0011310943331335,0.0021027570171375,0.0002727777777777,16.399471971640704
0.0015670943331335,0.0013577570171375,0.0002737777777777,24.147889359292055
0.0013290943331335,0.0016047570171375,0.0002737777777777,23.604413526630285
0.0015530943331335,0.0019827570171375,0.0002737777777777,17.79328560165164
0.0015270943331335,0.0021147570171375,0.0002737777777777,16.29079940047251
0.0010750943331335,0.0015387570171375,0.0002747777777777,14.915868123513585
0.0010000943331335,0.0016787570171375,0.0002747777777777,18.73456580906547
0.0011360943331335,0.0017637570171375,0.0002747777777777,18.784739055052725
0.0011760943331335,0.0019427570171375,0.0002747777777777,15.693201197953428
0.0012770943331335,0.0014957570171375,0.0002757777777777,18.541452509719274
0.0010080943331335,0.0015827570171375,0.0002757777777777,17.13770782848958
0.0011010943331335,0.0016327570171375,0.0002757777777777,15.405632079141737
0.0014990943331335,0.0017007570171375,0.0002757777777777,19.927988324187304
0.0011930943331335,0.0021207570171375,0.0002757777777777,16.34597058851199
0.0013260943331335,0.0021957570171375,0.0002757777777777,11.370309586842698
0.0012620943331335,0.0013747570171375,0.0002767777777777,17.07346927747004
0.0011130943331335,0.0017687570171375,0.0002767777777777,18.684076946273628
0.0015890943331335,0.0017847570171375,0.0002767777777777,20.30654521782357
0.0014260943331335,0.0020437570171375,0.0002767777777777,16.01235272453556
0.0012600943331335,0.0020567570171375,0.0002767777777777,16.531337041952167
0.0017570943331335,0.0013867570171375,0.0002777777777777,18.4252764836395
0.0014580943331335,0.0014177570171375,0.0002777777777777,28.155460083489373
0.0012710943331335,0.0014557570171375,0.0002777777777777,19.068322777825564
0.0016830943331335,0.0015347570171375,0.0002777777777777,17.67536864634158
0.0017080943331335,0.0017617570171375,0.0002777777777777,22.933445338693534
0.0013260943331335,0.0017777570171375,0.0002777777777777,17.09698004578172
0.0014800943331335,0.0017927570171375,0.0002777777777777,17.30841379048925
0.0009780943331335,0.0018477570171375,0.0002777777777777,18.17475527988178
0.0015330943331335,0.0019467570171375,0.0002777777777777,18.749350822323894
0.0010780943331335,0.0015037570171375,0.0002787777777777,14.790686149064248
0.0013880943331335,0.0015177570171375,0.0002787777777777,21.935548024019912
0.0013920943331335,0.0017487570171375,0.0002787777777777,19.09832969377612
0.0017110943331335,0.0019917570171375,0.0002787777777777,17.893032203371213
0.0013520943331335,0.0020287570171375,0.0002787777777777,17.153525177482628
0.0017230943331335,0.0014187570171375,0.0002797777777777,18.180529344399602
0.0012220943331335,0.0017587570171375,0.0002797777777777,19.455550119775733
0.0015200943331335,0.0018807570171375,0.0002797777777777,18.350458570086907
0.0012300943331335,0.0020037570171375,0.0002797777777777,15.88717682441506
0.0009950943331335,0.0020317570171375,0.0002797777777777,16.59092941647383
0.0010870943331335,0.0020917570171375,0.0002797777777777,15.751641411116593
0.0016840943331335,0.0021087570171375,0.0002797777777777,18.08679928364326
0.0013640943331335,0.0014727570171375,0.0002807777777777,23.76481562371117
0.0015270943331335,0.0016367570171375,0.0002807777777777,20.591292263666645
0.0017470943331335,0.0016897570171375,0.0002807777777777,15.47378129462454
0.0012070943331335,0.0018117570171375,0.0002807777777777,17.562304603992416
0.0016800943331335,0.0020647570171375,0.0002807777777777,17.108469209600457
0.0013300943331335,0.0021457570171375,0.0002807777777777,15.596621611622574
0.0011620943331335,0.0017147570171375,0.0002817777777777,16.960057753250958
0.0012900943331335,0.0017487570171375,0.0002817777777777,19.43396179154108
0.0014050943331335,0.0019137570171375,0.0002817777777777,17.49082199925665
0.0015600943331335,0.0020817570171375,0.0002817777777777,16.853937686389727
0.0009650943331335,0.0013717570171375,0.0002827777777777,17.193441090090083
0.0017230943331335,0.0014407570171375,0.0002827777777777,18.23823037784621
0.0013730943331335,0.0015227570171375,0.0002827777777777,22.133748548531933
0.0013590943331335,0.0018677570171375,0.0002827777777777,15.837715034891295
0.0011580943331335,0.0018727570171375,0.0002827777777777,15.054125997965468
0.0013200943331335,0.0019187570171375,0.0002827777777777,16.839052081235707
0.0012500943331335,0.0020477570171375,0.0002827777777777,16.55108492958933
0.0012250943331335,0.0014697570171375,0.0002837777777777,16.334536028356037
0.0010920943331335,0.0014917570171375,0.0002837777777777,15.833832813828566
0.0016070943331335,0.0015197570171375,0.0002837777777777,22.267045686507924
0.0016870943331335,0.0017157570171375,0.0002837777777777,19.487028599255172
0.0015720943331335,0.0018267570171375,0.0002837777777777,18.943196719198873
0.0013560943331335,0.0020317570171375,0.0002837777777777,17.20306721751652
0.0011150943331335,0.0021177570171375,0.0002837777777777,16.7253544074754
0.0013060943331335,0.0014787570171375,0.0002847777777777,18.834150611289395
0.0014060943331335,0.0014857570171375,0.0002847777777777,21.335405020396667
0.0010330943331335,0.0015297570171375,0.0002847777777777,13.855451696431885
0.0015790943331335,0.0017057570171375,0.0002847777777777,17.56789284651365
0.0016710943331335,0.0017137570171375,0.0002847777777777,19.040668958829485
0.0010520943331335,0.0018517570171375,0.0002847777777777,13.084569503728796
0.0014390943331335,0.0018597570171375,0.0002847777777777,16.402536443531776
0.0014620943331335,0.0021377570171375,0.0002847777777777,14.657394590423367
0.0014660943331335,0.0021417570171375,0.0002847777777777,14.6993230814469
0.0011620943331335,0.0013507570171375,0.0002857777777777,14.240005567697748
0.0010980943331335,0.0013787570171375,0.0002857777777777,13.211127102335595
0.0014140943331335,0.0013997570171375,0.0002857777777777,31.41844509847806
0.0015520943331335,0.0014997570171375,0.0002857777777777,21.549725898199775
0.0014510943331335,0.0015027570171375,0.0002857777777777,19.076294475398253
0.0015850943331335,0.0015287570171375,0.0002857777777777,22.504505665971198
0.0016970943331335,0.0016837570171375,0.0002857777777777,18.890616111656833
0.0013200943331335,0.0020487570171375,0.0002857777777777,16.831209826981315
0.0014350943331335,0.0015227570171375,0.0002867777777777,19.41310310240501
0.0010950943331335,0.0016477570171375,0.0002867777777777,15.489111076026497
0.0011360943331335,0.0018137570171375,0.0002867777777777,16.592633023199838
0.0010400943331335,0.0013947570171375,0.0002877777777777,16.348401387698704
0.0010400943331335,0.0015797570171375,0.0002877777777777,15.478849086310497
0.0015420943331335,0.0015827570171375,0.0002877777777777,20.70503052159652
0.0016080943331335,0.0018857570171375,0.0002877777777777,18.525223111556322
0.0016910943331335,0.0019117570171375,0.0002877777777777,17.605401904684534
0.0010140943331335,0.0021487570171375,0.0002877777777777,17.43659049961846
0.0013330943331335,0.0021977570171375,0.0002877777777777,11.4168977684845
0.0014060943331335,0.0014087570171375,0.0002887777777777,31.225332991682063
0.0009620943331335,0.0014097570171375,0.0002887777777777,17.58332580298545
0.0015600943331335,0.0014537570171375,0.0002887777777777,21.866039094216422
0.0012860943331335,0.0014897570171375,0.0002887777777777,19.604771689174832
0.0010760943331335,0.0018157570171375,0.0002887777777777,16.729539667711435
0.0017410943331335,0.0018297570171375,0.0002887777777777,19.351667641927335
0.0015420943331335,0.0019437570171375,0.0002887777777777,18.866564277074456
0.0016710943331335,0.0020297570171375,0.0002887777777777,17.076665352045513
0.0011160943331335,0.0021647570171375,0.0002887777777777,25.288013642508197
0.0016010943331335,0.0015077570171375,0.0002897777777777,22.763666373809233
0.0011540943331335,0.0016647570171375,0.0002897777777777,16.497619747684286
0.0011660943331335,0.0019377570171375,0.0002897777777777,15.757804454452303
0.0014740943331335,0.0019667570171375,0.0002897777777777,19.320352057190984
0.0015900943331335,0.0019857570171375,0.0002897777777777,18.356280127144764
0.0014920943331335,0.0013697570171375,0.0002907777777777,42.23195051351074
0.0013560943331335,0.0013807570171375,0.0002907777777777,15.941693537302774
0.0013960943331335,0.0015967570171375,0.0002907777777777,21.76818473616759
0.0016990943331335,0.0016887570171375,0.0002907777777777,18.951978287937667
0.0016150943331335,0.0017147570171375,0.0002907777777777,17.449283221904167
0.0010440943331335,0.0019087570171375,0.0002907777777777,16.56979787945239
0.0015910943331335,0.0021337570171375,0.0002907777777777,15.958565373025237
0.0014910943331335,0.0013947570171375,0.0002917777777777,40.62715492937055
0.0014540943331335,0.0014527570171375,0.0002917777777777,23.31033912602901
0.0011130943331335,0.0020287570171375,0.0002917777777777,18.419267935621612
0.0013460943331335,0.0020447570171375,0.0002917777777777,17.185492429613326
0.0014950943331335,0.0014057570171375,0.0002927777777777,29.229418163683963
0.0017480943331335,0.0014917570171375,0.0002927777777777,17.31874316205408
0.0013220943331335,0.0015187570171375,0.0002927777777777,22.597023328006028
0.0014050943331335,0.0016887570171375,0.0002927777777777,19.860246419314233
0.0010450943331335,0.0017067570171375,0.0002927777777777,18.147768215848746
0.0013870943331335,0.0017387570171375,0.0002927777777777,18.783153636620664
0.0012630943331335,0.0017997570171375,0.0002927777777777,17.136378348645692
0.0013340943331335,0.0013837570171375,0.0002937777777777,16.06788696450385
0.0011120943331335,0.0014247570171375,0.0002937777777777,12.468576037080114
0.0015680943331335,0.0016877570171375,0.0002937777777777,18.00356215087913
0.0011630943331335,0.0017107570171375,0.0002937777777777,17.083575743830192
0.0010770943331335,0.0021467570171375,0.0002937777777777,16.91331394837668
0.0013070943331335,0.0021497570171375,0.0002937777777777,15.990992430287793
0.0010930943331335,0.0013807570171375,0.0002947777777777,13.535505778693924
0.0013810943331335,0.0014127570171375,0.0002947777777777,30.312512110708713
0.0017000943331335,0.0014527570171375,0.0002947777777777,19.929182567986185
0.0013260943331335,0.0018287570171375,0.0002947777777777,17.423612779036187
0.0017150943331335,0.0020137570171375,0.0002947777777777,18.086426583231372
0.0013500943331335,0.0020407570171375,0.0002947777777777,17.250173844445694
0.0016280943331335,0.0020517570171375,0.0002947777777777,17.299659597867464
0.0016340943331335,0.0014127570171375,0.0002957777777777,26.366895679748357
0.0011320943331335,0.0018057570171375,0.0002957777777777,16.755961512330515
0.0015400943331335,0.0019447570171375,0.0002957777777777,18.92088914515048
0.0016900943331335,0.0019817570171375,0.0002957777777777,17.743627046737576
0.0017410943331335,0.0019907570171375,0.0002957777777777,18.81217647840249
0.0011150943331335,0.0020327570171375,0.0002957777777777,18.312118689841817
0.0009900943331335,0.0014617570171375,0.0002967777777777,16.740634245930167
0.0010780943331335,0.0016567570171375,0.0002967777777777,15.569004866081636
0.0015230943331335,0.0017977570171375,0.0002967777777777,20.007247290460157
0.0010520943331335,0.0018537570171375,0.0002967777777777,13.294492719756931
0.0015420943331335,0.0021307570171375,0.0002967777777777,16.907690513136206
0.0011900943331335,0.0015457570171375,0.0002977777777777,15.585328319815849
0.0010190943331335,0.0016477570171375,0.0002977777777777,19.42763632132834
0.0013260943331335,0.0016717570171375,0.0002977777777777,35.149110958512225
0.0010710943331335,0.0017047570171375,0.0002977777777777,17.054509649288054
0.0013210943331335,0.0017307570171375,0.0002977777777777,17.59316207462361
0.0014320943331335,0.0017607570171375,0.0002977777777777,20.14143271509328
0.0014100943331335,0.0017997570171375,0.0002977777777777,17.3979323299
0.0014530943331335,0.0018177570171375,0.0002977777777777,17.281215382311867
0.0013960943331335,0.0018527570171375,0.0002977777777777,16.84024297382355
0.0016000943331335,0.0020637570171375,0.0002977777777777,17.288627448047126
0.0015490943331335,0.0020837570171375,0.0002977777777777,16.883026447862868
0.0016940943331335,0.0021097570171375,0.0002977777777777,18.36584784477142
0.0015330943331335,0.0013597570171375,0.0002987777777777,22.1429789884591
0.0016210943331335,0.0017617570171375,0.0002987777777777,19.735488671634887
0.0010330943331335,0.0013807570171375,0.0002997777777777,16.38487856783092
0.0014750943331335,0.0014097570171375,0.0002997777777777,28.96616887616029
0.0012590943331335,0.0015427570171375,0.0002997777777777,19.317981612221885
0.0011290943331335,0.0015717570171375,0.0002997777777777,15.39387234601755
0.0013320943331335,0.0016107570171375,0.0002997777777777,24.24928791992174
0.0017130943331335,0.0015367570171375,0.0003007777777777,17.02323507793321
0.0015630943331335,0.0017157570171375,0.0003007777777777,17.925948634478356
0.0017050943331335,0.0017437570171375,0.0003007777777777,21.633373012430095
0.0013910943331335,0.0018017570171375,0.0003007777777777,17.49338290213592
0.0015930943331335,0.0018777570171375,0.0003007777777777,18.694700447266623
0.0012410943331335,0.0019117570171375,0.0003007777777777,15.111743719573369
0.0012960943331335,0.0019177570171375,0.0003007777777777,17.030545786663595
0.0014390943331335,0.0021047570171375,0.0003007777777777,15.916312360382861
0.0017300943331335,0.0014157570171375,0.0003017777777777,18.10049280232785
0.0010800943331335,0.0016037570171375,0.0003017777777777,15.091636966403243
0.0017020943331335,0.0017277570171375,0.0003017777777777,20.0780396963066
0.0015720943331335,0.0017577570171375,0.0003017777777777,18.850542906033734
0.0015700943331335,0.0018397570171375,0.0003017777777777,19.197077823161862
0.0010490943331335,0.0018547570171375,0.0003017777777777,13.395651166996181
0.0016790943331335,0.0019047570171375,0.0003017777777777,18.17656820902442
0.0011190943331335,0.0019177570171375,0.0003017777777777,14.622018015093422
0.0017170943331335,0.0020257570171375,0.0003017777777777,18.16559573643368
0.0016230943331335,0.0014127570171375,0.0003027777777777,25.528494442594557
0.0014070943331335,0.0014287570171375,0.0003027777777777,28.658832758095603
0.0011340943331335,0.0017077570171375,0.0003027777777777,16.726081943811234
0.0015320943331335,0.0020227570171375,0.0003027777777777,15.92804799955102
0.0012960943331335,0.0020297570171375,0.0003027777777777,16.615696667478147
0.0015430943331335,0.0020837570171375,0.0003027777777777,16.90430226829162
0.0015780943331335,0.0014497570171375,0.0003037777777777,21.80167580094312
0.0012730943331335,0.0014757570171375,0.0003037777777777,20.20985209575671
0.0015150943331335,0.0016387570171375,0.0003037777777777,20.912729072332855
0.0015570943331335,0.0017207570171375,0.0003037777777777,18.02481500770694
0.0012850943331335,0.0018367570171375,0.0003037777777777,15.499157342995652
0.0011060943331335,0.0019047570171375,0.0003037777777777,14.562025015796811
0.0013270943331335,0.0016207570171375,0.0003047777777777,24.509470510897906
0.0010910943331335,0.0018907570171375,0.0003047777777777,14.218444163932968
0.0011750943331335,0.0019497570171375,0.0003047777777777,15.853252519821156
0.0010230943331335,0.0020437570171375,0.0003047777777777,17.156924179119166
0.0015880943331335,0.0013537570171375,0.0003057777777777,24.476605338315377
0.0013800943331335,0.0014557570171375,0.0003057777777777,24.47222718095488
0.0011270943331335,0.0015257570171375,0.0003057777777777,15.902903874298918
0.0015430943331335,0.0016767570171375,0.0003057777777777,18.844177305441416
0.0015290943331335,0.0017237570171375,0.0003057777777777,18.494994834459305
0.0011370943331335,0.0017997570171375,0.0003057777777777,16.845675298573365
0.0017080943331335,0.0021227570171375,0.0003057777777777,18.51768695327355
0.0012780943331335,0.0021257570171375,0.0003057777777777,16.442811035584917
0.0015020943331335,0.0014307570171375,0.0003067777777777,25.126966381481015
0.0015680943331335,0.0014417570171375,0.0003067777777777,22.258133627831963
0.0010820943331335,0.0016027570171375,0.0003067777777777,15.193481077149192
0.0016660943331335,0.0019847570171375,0.0003067777777777,17.81926862016753
0.0011410943331335,0.0021297570171375,0.0003067777777777,17.393661429578586
0.0010800943331335,0.0012897570171375,0.0003077777777777,23.310201979864257
0.0014320943331335,0.0013617570171375,0.0003077777777777,19.059015010144712
0.0015650943331335,0.0014017570171375,0.0003077777777777,26.162315747088105
0.0013700943331335,0.0014147570171375,0.0003077777777777,27.71350896876157
0.0013320943331335,0.0016167570171375,0.0003077777777777,24.529903277107238
0.0014120943331335,0.0017997570171375,0.0003077777777777,17.554517087364637
0.0012180943331335,0.0018067570171375,0.0003077777777777,18.524277870460807
0.0010480943331335,0.0020857570171375,0.0003077777777777,17.107837698651736
0.0013400943331335,0.0014287570171375,0.0003087777777777,24.630982042535702
0.0016450943331335,0.0015677570171375,0.0003087777777777,20.122108084595926
0.0015430943331335,0.0016117570171375,0.0003087777777777,20.923830408541594
0.0017020943331335,0.0018997570171375,0.0003087777777777,17.93948499108201
0.0015320943331335,0.0019567570171375,0.0003087777777777,19.005911267367175
0.0012900943331335,0.0020237570171375,0.0003087777777777,16.66609657240462
0.0013170943331335,0.0021157570171375,0.0003087777777777,16.095109601587755
0.0012260943331335,0.0013507570171375,0.0003097777777777,17.405766564032717
0.0012340943331335,0.0013867570171375,0.0003097777777777,18.064071148658158
0.0010700943331335,0.0015687570171375,0.0003097777777777,15.299135538733108
0.0015290943331335,0.0020387570171375,0.0003097777777777,16.07958505449728
0.0013960943331335,0.0015387570171375,0.0003107777777777,19.690452746503865
0.0012300943331335,0.0018807570171375,0.0003107777777777,16.052260853557648
0.0011210943331335,0.0020567570171375,0.0003107777777777,17.7110321475208
0.0012100943331335,0.0013497570171375,0.0003117777777777,17.305200077450415
0.0010920943331335,0.0014887570171375,0.0003117777777777,16.947504212377304
0.0010050943331335,0.0015547570171375,0.0003117777777777,15.836874941123453
0.0017220943331335,0.0016617570171375,0.0003117777777777,17.584512254939153
0.0010360943331335,0.0018057570171375,0.0003117777777777,18.17255525268167
0.0013640943331335,0.0018347570171375,0.0003117777777777,17.666473091109633
0.0011620943331335,0.0016167570171375,0.0003127777777777,17.724992989045546
0.0010040943331335,0.0017127570171375,0.0003127777777777,18.741152536376337
0.0010780943331335,0.0017197570171375,0.0003127777777777,17.25814759014597
0.0014860943331335,0.0019627570171375,0.0003127777777777,19.512552409103694
0.0013170943331335,0.0019817570171375,0.0003127777777777,16.437262757421358
0.0016100943331335,0.0020707570171375,0.0003127777777777,17.309444921481813
0.0010200943331335,0.0013907570171375,0.0003137777777777,16.23469737347629
0.0013350943331335,0.0014347570171375,0.0003137777777777,24.603170030088428
0.0013930943331335,0.0014897570171375,0.0003137777777777,22.783672035317185
0.0011140943331335,0.0015517570171375,0.0003137777777777,15.54444613727827
0.0013010943331335,0.0015787570171375,0.0003137777777777,23.553759338203694
0.0016070943331335,0.0017937570171375,0.0003137777777777,20.15269894386045
0.0017540943331335,0.0018947570171375,0.0003137777777777,18.9798386023983
0.0012560943331335,0.0020537570171375,0.0003137777777777,16.890895983285695
0.0015550943331335,0.0014577570171375,0.0003147777777777,24.139688631582406
0.0013650943331335,0.0014637570171375,0.0003147777777777,23.961209650022546
0.0016370943331335,0.0015697570171375,0.0003147777777777,20.14976164442207
0.0015920943331335,0.0016537570171375,0.0003147777777777,19.493105857489674
0.0012340943331335,0.0017647570171375,0.0003147777777777,20.134692013386662
0.0016590943331335,0.0020287570171375,0.0003147777777777,17.364441929332166
0.0011120943331335,0.0021057570171375,0.0003147777777777,15.916681774648566
0.0013560943331335,0.0014227570171375,0.0003157777777777,25.020614753123308
0.0015360943331335,0.0016187570171375,0.0003157777777777,20.96379305225231
0.0017550943331335,0.0017787570171375,0.0003157777777777,19.72250553420536
0.0010150943331335,0.0019717570171375,0.0003157777777777,16.936842271406018
0.0011010943331335,0.0019977570171375,0.0003157777777777,17.639633508399427
0.0016500943331335,0.0020287570171375,0.0003157777777777,17.368195940248437
0.0011240943331335,0.0020617570171375,0.0003157777777777,17.668225356653014
0.0013510943331335,0.0015057570171375,0.0003167777777777,23.240470062790557
0.0014560943331335,0.0016557570171375,0.0003167777777777,22.71515708253606
0.0010290943331335,0.0016567570171375,0.0003167777777777,19.801023744809026
0.0010240943331335,0.0018767570171375,0.0003167777777777,17.590238107077653
0.0015340943331335,0.0020977570171375,0.0003167777777777,16.986693130582097
0.0014750943331335,0.0021317570171375,0.0003167777777777,14.594079536002326
0.0013330943331335,0.0021977570171375,0.0003167777777777,11.462118825807647
0.0010620943331335,0.0014377570171375,0.0003177777777777,17.91195118540419
0.0013310943331335,0.0015327570171375,0.0003177777777777,22.966666921394136
0.0011890943331335,0.0015977570171375,0.0003177777777777,17.002515345690682
0.0010330943331335,0.0018027570171375,0.0003177777777777,18.25843826125673
0.0011000943331335,0.0018997570171375,0.0003177777777777,14.505449148170749
0.0017030943331335,0.0020557570171375,0.0003177777777777,18.502897203075847
0.0016470943331335,0.0014257570171375,0.0003187777777777,24.993294999789647
0.0014800943331335,0.0015457570171375,0.0003187777777777,24.054558023881274
0.0009730943331335,0.0017967570171375,0.0003187777777777,16.71675587770489
0.0010120943331335,0.0020397570171375,0.0003187777777777,17.48013635788217
0.0011730943331335,0.0020777570171375,0.0003187777777777,16.239247309939923
0.0013490943331335,0.0021187570171375,0.0003187777777777,16.191366459532794
0.0010680943331335,0.0021487570171375,0.0003187777777777,16.99737150496118
0.0012600943331335,0.0013777570171375,0.0003197777777777,18.74204082714277
0.0011400943331335,0.0013897570171375,0.0003197777777777,15.347597928926884
0.0012420943331335,0.0015197570171375,0.0003197777777777,18.310217728469148
0.0012550943331335,0.0015737570171375,0.0003197777777777,19.790723489060422
0.0014590943331335,0.0019827570171375,0.0003197777777777,20.98821701871449
0.0011450943331335,0.0014557570171375,0.0003207777777777,15.375326142688325
0.0011570943331335,0.0018767570171375,0.0003207777777777,15.002358765416938
0.0017420943331335,0.0019157570171375,0.0003207777777777,19.240028326456628
0.0010940943331335,0.0013307570171375,0.0003217777777777,23.542432540643443
0.0013630943331335,0.0013867570171375,0.0003217777777777,26.516667685489587
0.0015830943331335,0.0016077570171375,0.0003217777777777,20.730377025166685
0.0016280943331335,0.0016827570171375,0.0003217777777777,18.293676787048785
0.0011150943331335,0.0016877570171375,0.0003217777777777,16.10462033819371
0.0016580943331335,0.0020807570171375,0.0003217777777777,18.617074015449056
0.0014660943331335,0.0020817570171375,0.0003217777777777,15.04489486436781
0.0014710943331335,0.0020867570171375,0.0003217777777777,15.02179179588604
0.0011680943331335,0.0015647570171375,0.0003227777777777,16.355101820803295
0.0014080943331335,0.0016127570171375,0.0003227777777777,23.902094101872407
0.0017070943331335,0.0016297570171375,0.0003227777777777,17.966914742599474
0.0012940943331335,0.0017887570171375,0.0003227777777777,19.070082050838742
0.0014880943331335,0.0018707570171375,0.0003227777777777,17.286091796802477
0.0010770943331335,0.0019427570171375,0.0003227777777777,17.036018779679008
0.0016660943331335,0.0019517570171375,0.0003227777777777,18.09783614951829
0.0016370943331335,0.0020157570171375,0.0003227777777777,17.7063266096217
0.0009700943331335,0.0020987570171375,0.0003227777777777,17.185732525371666
0.0013220943331335,0.0013617570171375,0.0003237777777777,20.777111547326
0.0017570943331335,0.0014157570171375,0.0003237777777777,18.36872260201891
0.0014110943331335,0.0015747570171375,0.0003237777777777,22.20975528117404
0.0012070943331335,0.0019147570171375,0.0003237777777777,15.887943710740132
0.0017380943331335,0.0019247570171375,0.0003237777777777,19.257298984158954
0.0016450943331335,0.0019957570171375,0.0003237777777777,17.767027256628165
0.0013850943331335,0.0020607570171375,0.0003237777777777,17.140200037711715
0.0011320943331335,0.0021197570171375,0.0003237777777777,16.99971792389463
0.0014570943331335,0.0014267570171375,0.0003247777777777,28.601945649071354
0.0014070943331335,0.0014607570171375,0.0003247777777777,24.770605909522185
0.0013600943331335,0.0017047570171375,0.0003247777777777,29.65413260444732
0.0010510943331335,0.0019607570171375,0.0003247777777777,17.07740670093399
0.0015160943331335,0.0020497570171375,0.0003247777777777,16.183382438651567
0.0016990943331335,0.0020797570171375,0.0003247777777777,18.90659526032111
0.0015570943331335,0.0021197570171375,0.0003247777777777,17.19120745123948
0.0016560943331335,0.0014307570171375,0.0003257777777777,24.114593949232397
0.0011060943331335,0.0015007570171375,0.0003257777777777,16.692616939496627
0.0009700943331335,0.0016377570171375,0.0003257777777777,18.735800650150395
0.0013440943331335,0.0017877570171375,0.0003257777777777,21.112380618057465
0.0014420943331335,0.0013627570171375,0.0003267777777777,19.183509395917152
0.0010760943331335,0.0016067570171375,0.0003267777777777,15.653441309460945
0.0012220943331335,0.0013857570171375,0.0003277777777777,17.95194782232035
0.0013560943331335,0.0016267570171375,0.0003277777777777,25.776935957480415
0.0014590943331335,0.0016577570171375,0.0003277777777777,23.20697122891381
0.0013750943331335,0.0016877570171375,0.0003277777777777,28.798326988772406
0.0016420943331335,0.0017807570171375,0.0003277777777777,19.85982027518108
0.0013180943331335,0.0019717570171375,0.0003277777777777,16.478195808374448
0.0011680943331335,0.0020357570171375,0.0003277777777777,16.87875034060469
0.0014300943331335,0.0020427570171375,0.0003277777777777,15.56492107496731
0.0014820943331335,0.0021207570171375,0.0003277777777777,14.796609748486135
0.0010680943331335,0.0014427570171375,0.0003287777777777,18.004608115012253
0.0011380943331335,0.0016207570171375,0.0003287777777777,17.743081132596615
0.0012360943331335,0.0017627570171375,0.0003287777777777,20.52384666596634
0.0017060943331335,0.0018727570171375,0.0003287777777777,18.13675430657419
0.0010120943331335,0.0017337570171375,0.0003297777777777,18.700839101457206
0.0012320943331335,0.0018447570171375,0.0003297777777777,18.273971559110787
0.0017140943331335,0.0018677570171375,0.0003297777777777,18.152946445915955
0.0013610943331335,0.0019257570171375,0.0003297777777777,17.419483659187474
0.0013650943331335,0.0020497570171375,0.0003297777777777,17.819667663114704
0.0016430943331335,0.0014257570171375,0.0003307777777777,24.97704283882627
0.0009830943331335,0.0018597570171375,0.0003307777777777,19.497417398759854
0.0016440943331335,0.0013877570171375,0.0003317777777777,22.98445248437484
0.0013860943331335,0.0016837570171375,0.0003317777777777,28.320408188028775
0.0016030943331335,0.0017197570171375,0.0003317777777777,19.369582394047633
0.0017000943331335,0.0017567570171375,0.0003317777777777,21.14956582431799
0.0014330943331335,0.0018667570171375,0.0003317777777777,16.5596398777102
0.0010290943331335,0.0019357570171375,0.0003317777777777,16.879970081178367
0.0011760943331335,0.0020797570171375,0.0003317777777777,16.34347600618017
0.0017440943331335,0.0020857570171375,0.0003317777777777,18.71923034246716
0.0016150943331335,0.0021497570171375,0.0003317777777777,17.26070722694919
0.0014930943331335,0.0013837570171375,0.0003327777777777,40.122036005152516
0.0013560943331335,0.0013847570171375,0.0003327777777777,25.22762695306897
0.0014380943331335,0.0015837570171375,0.0003327777777777,23.773286518862143
0.0014050943331335,0.0017797570171375,0.0003327777777777,17.904264008487065
0.0016070943331335,0.0017977570171375,0.0003327777777777,20.188451999188484
0.0011340943331335,0.0018397570171375,0.0003327777777777,17.012956624388615
0.0015160943331335,0.0018617570171375,0.0003327777777777,17.384138868907645
0.0011090943331335,0.0019017570171375,0.0003327777777777,14.989913722655151
0.0016370943331335,0.0019207570171375,0.0003327777777777,17.992894156332166
0.0015990943331335,0.0019617570171375,0.0003327777777777,18.065088254472393
0.0013620943331335,0.0020397570171375,0.0003327777777777,18.03887531097136
0.0017280943331335,0.0013547570171375,0.0003337777777777,21.27436523755387
0.0016790943331335,0.0014637570171375,0.0003337777777777,21.116813321134646
0.0013450943331335,0.0016217570171375,0.0003337777777777,25.800214639796085
0.0010800943331335,0.0016517570171375,0.0003337777777777,16.418260971642646
0.0014910943331335,0.0017307570171375,0.0003337777777777,18.733127485881752
0.0017430943331335,0.0017907570171375,0.0003337777777777,20.32584812142548
0.0010370943331335,0.0018077570171375,0.0003337777777777,18.445642472422108
0.0012830943331335,0.0020427570171375,0.0003337777777777,16.95875017699345
0.0015990943331335,0.0014967570171375,0.0003347777777777,22.057284700939892
0.0016780943331335,0.0016957570171375,0.0003347777777777,18.93157977512797
0.0015060943331335,0.0018687570171375,0.0003347777777777,17.351155883737274
0.0012570943331335,0.0018927570171375,0.0003347777777777,16.202670976093234
0.0010010943331335,0.0021137570171375,0.0003347777777777,17.27133770444514
0.0015780943331335,0.0021357570171375,0.0003347777777777,17.28336411707443
0.0015790943331335,0.0014307570171375,0.0003357777777777,26.665705313201332
0.0011620943331335,0.0015107570171375,0.0003357777777777,16.508833748531906
0.0015730943331335,0.0016667570171375,0.0003357777777777,19.563601201799635
0.0012330943331335,0.0017057570171375,0.0003357777777777,19.86935827614847
0.0016160943331335,0.0017987570171375,0.0003357777777777,20.12118772894711
0.0011780943331335,0.0018207570171375,0.0003357777777777,17.319625877440348
0.0013730943331335,0.0019317570171375,0.0003357777777777,17.41438949036366
0.0011060943331335,0.0020187570171375,0.0003357777777777,17.827438141503254
0.0016890943331335,0.0020947570171375,0.0003357777777777,19.00547253455354
0.0011760943331335,0.0013987570171375,0.0003367777777777,16.62985260633834
0.0013290943331335,0.0015877570171375,0.0003367777777777,24.485897616328447
0.0016590943331335,0.0016187570171375,0.0003367777777777,19.336866942180997
0.0013970943331335,0.0016777570171375,0.0003367777777777,27.76049776923714
0.0016770943331335,0.0017017570171375,0.0003367777777777,18.940136607344844
0.0012270943331335,0.0017157570171375,0.0003367777777777,19.87225705348232
0.0016010943331335,0.0017387570171375,0.0003367777777777,19.425761323679872
0.0015180943331335,0.0017957570171375,0.0003367777777777,20.717249374384725
0.0009820943331335,0.0018927570171375,0.0003367777777777,17.622417083248493
0.0015400943331335,0.0020217570171375,0.0003367777777777,16.385843641203312
0.0012850943331335,0.0020937570171375,0.0003367777777777,17.08632379769937
0.0012750943331335,0.0014037570171375,0.0003377777777777,17.493492048441183
0.0016780943331335,0.0014627570171375,0.0003377777777777,21.115576802817284
0.0012740943331335,0.0015447570171375,0.0003377777777777,19.004272623245555
0.0013290943331335,0.0015587570171375,0.0003377777777777,23.017770401887656
0.0014990943331335,0.0015907570171375,0.0003377777777777,20.335025199194163
0.0012330943331335,0.0016957570171375,0.0003377777777777,19.814703717244868
0.0014720943331335,0.0017257570171375,0.0003377777777777,18.875303375111063
0.0009950943331335,0.0020127570171375,0.0003377777777777,18.226885064588192
0.0015830943331335,0.0021327570171375,0.0003377777777777,17.289380663474144
0.0014990943331335,0.0017897570171375,0.0003387777777777,21.010777863858934
0.0010430943331335,0.0018197570171375,0.0003387777777777,18.2253451796508
0.0011020943331335,0.0019007570171375,0.0003387777777777,15.469922920703759
0.0009660943331335,0.0014197570171375,0.0003397777777777,18.49040829787059
0.0017150943331335,0.0014897570171375,0.0003397777777777,18.728114954419162
0.0010640943331335,0.0015927570171375,0.0003397777777777,16.918320543781743
0.0013480943331335,0.0016357570171375,0.0003397777777777,26.315505096961303
0.0012720943331335,0.0018237570171375,0.0003397777777777,17.091770812183107
0.0015930943331335,0.0018787570171375,0.0003397777777777,18.821424173234174
0.0014300943331335,0.0019077570171375,0.0003397777777777,17.83608073365357
0.0009860943331335,0.0021097570171375,0.0003397777777777,17.23022810923919
0.0013080943331335,0.0014387570171375,0.0003407777777777,24.3582723825739
0.0011020943331335,0.0019597570171375,0.0003407777777777,16.626674790325733
0.0015100943331335,0.0020577570171375,0.0003407777777777,16.476228734618143
0.0016810943331335,0.0021287570171375,0.0003407777777777,19.35550775754364
0.0017320943331335,0.0017817570171375,0.0003417777777777,20.721263791203356
0.0010530943331335,0.0018607570171375,0.0003417777777777,13.956482455668533
0.0012480943331335,0.0019597570171375,0.0003417777777777,15.785628716999552
0.0015940943331335,0.0020947570171375,0.0003417777777777,17.350238894976613
0.0010540943331335,0.0021017570171375,0.0003417777777777,17.219599476430627
0.0016830943331335,0.0021467570171375,0.0003417777777777,19.871182383241692
0.0012090943331335,0.0015107570171375,0.0003427777777777,16.979495292598983
0.0015880943331335,0.0015337570171375,0.0003427777777777,21.31232931343612
0.0012600943331335,0.0016067570171375,0.0003427777777777,20.19069790263086
0.0011700943331335,0.0019627570171375,0.0003427777777777,16.24885335008545
0.0013420943331335,0.0020707570171375,0.0003427777777777,17.11323373913846
0.0010230943331335,0.0016707570171375,0.0003437777777777,20.539566301902017
0.0010760943331335,0.0017927570171375,0.0003437777777777,18.213819256921425
0.0013590943331335,0.0021227570171375,0.0003437777777777,16.612784322651375
0.0016470943331335,0.0013577570171375,0.0003447777777777,22.292572290326408
0.0011540943331335,0.0013707570171375,0.0003447777777777,15.98781545676846
0.0016020943331335,0.0014477570171375,0.0003447777777777,26.560300194856733
0.0011930943331335,0.0015557570171375,0.0003447777777777,16.247585505567788
0.0011140943331335,0.0015937570171375,0.0003447777777777,15.96068905353012
0.0013190943331335,0.0017617570171375,0.0003447777777777,21.804211427793156
0.0011940943331335,0.0017687570171375,0.0003447777777777,18.641074070930816
0.0010130943331335,0.0019567570171375,0.0003447777777777,17.098518013802995
0.0011660943331335,0.0020327570171375,0.0003447777777777,16.995630296811136
0.0017420943331335,0.0014577570171375,0.0003457777777777,17.942975471836437
0.0016290943331335,0.0016717570171375,0.0003457777777777,18.497993636012687
0.0012340943331335,0.0017077570171375,0.0003457777777777,20.025007010113953
0.0017550943331335,0.0020887570171375,0.0003457777777777,18.908947168068394
0.0016710943331335,0.0013567570171375,0.0003467777777777,21.734733558587674
0.0015340943331335,0.0015437570171375,0.0003467777777777,24.072531041666473
0.0014270943331335,0.0015917570171375,0.0003467777777777,23.851050590317953
0.0016160943331335,0.0015967570171375,0.0003467777777777,21.53712098977388
0.0014670943331335,0.0017787570171375,0.0003467777777777,22.295032576881702
0.0016400943331335,0.0019217570171375,0.0003467777777777,18.221468433947525
0.0012800943331335,0.0013487570171375,0.0003477777777777,17.196885393191945
0.0011980943331335,0.0013747570171375,0.0003477777777777,17.74823455894992
0.0011910943331335,0.0015767570171375,0.0003477777777777,16.400050072573702
0.0011290943331335,0.0016387570171375,0.0003477777777777,17.80751154983217
0.0010680943331335,0.0016557570171375,0.0003477777777777,16.632365520897142
0.0015630943331335,0.0016777570171375,0.0003477777777777,19.731213618382036
0.0010030943331335,0.0017547570171375,0.0003477777777777,18.939478155192436
0.0017520943331335,0.0020107570171375,0.0003477777777777,18.860447294643098
0.0011180943331335,0.0015837570171375,0.0003487777777777,15.981929442302212
0.0014220943331335,0.0016607570171375,0.0003487777777777,25.881344863343877
0.0017540943331335,0.0016757570171375,0.0003487777777777,19.992626279600334
0.0013140943331335,0.0017527570171375,0.0003487777777777,22.21676815819952
0.0015440943331335,0.0018017570171375,0.0003487777777777,20.545385703707897
0.0013120943331335,0.0019777570171375,0.0003487777777777,16.540414919108475
0.0015550943331335,0.0020347570171375,0.0003487777777777,16.433254050423407
0.0015970943331335,0.0021047570171375,0.0003487777777777,17.356695140074418
0.0014360943331335,0.0015267570171375,0.0003497777777777,20.567044931229567
0.0015440943331335,0.0016807570171375,0.0003497777777777,20.17466463413317
0.0012900943331335,0.0021257570171375,0.0003497777777777,17.025746936502493
0.0016010943331335,0.0013637570171375,0.0003507777777777,24.653845381663402
0.0017240943331335,0.0016207570171375,0.0003507777777777,17.75938618644686
0.0012680943331335,0.0016687570171375,0.0003507777777777,20.359064563925266
0.0011310943331335,0.0019337570171375,0.0003507777777777,15.507889328115356
0.0017270943331335,0.0014307570171375,0.0003517777777777,17.80904007394872
0.0014770943331335,0.0014807570171375,0.0003517777777777,22.85108559596308
0.0016560943331335,0.0015687570171375,0.0003517777777777,20.377890656817105
0.0012480943331335,0.0019627570171375,0.0003517777777777,15.908935586187372
0.0010060943331335,0.0020467570171375,0.0003517777777777,17.694695114150683
0.0013410943331335,0.0020707570171375,0.0003517777777777,17.14624173163928
0.0015290943331335,0.0014257570171375,0.0003527777777777,26.864587669129214
0.0013830943331335,0.0014677570171375,0.0003527777777777,25.41055368125268
0.0015970943331335,0.0014707570171375,0.0003527777777777,26.660381367809194
0.0017030943331335,0.0014957570171375,0.0003527777777777,20.464100980718882
0.0017190943331335,0.0015667570171375,0.0003527777777777,16.559077633628398
0.0013500943331335,0.0017947570171375,0.0003527777777777,20.41089193130993
0.0018590943331335,0.0013877570171375,0.0003537777777777,26.729587616938925
0.0011770943331335,0.0013997570171375,0.0003537777777777,17.16274368035784
0.0012460943331335,0.0014327570171375,0.0003537777777777,18.182618710159158
0.0015530943331335,0.0019187570171375,0.0003537777777777,18.821582094713698
0.0015550943331335,0.0013907570171375,0.0003547777777777,27.967485387730246
0.0013770943331335,0.0017297570171375,0.0003547777777777,26.9551099950859
0.0010720943331335,0.0017957570171375,0.0003547777777777,18.140738825871537
0.0017520943331335,0.0020207570171375,0.0003547777777777,18.702195836675415
0.0012850943331335,0.0021327570171375,0.0003547777777777,17.00524795558783
0.0016500943331335,0.0014337570171375,0.0003557777777777,24.644256800073176
0.0017440943331335,0.0014507570171375,0.0003557777777777,17.49067393484163
0.0012880943331335,0.0020837570171375,0.0003557777777777,17.189809473671055
0.0015480943331335,0.0014647570171375,0.0003567777777777,30.871457716582213
0.0012170943331335,0.0015067570171375,0.0003567777777777,17.20690592991794
0.0015810943331335,0.0015557570171375,0.0003567777777777,21.40406471730586
0.0016360943331335,0.0017187570171375,0.0003567777777777,19.29128007138182
0.0014420943331335,0.0019237570171375,0.0003567777777777,18.008020763519983
0.0016010943331335,0.0020077570171375,0.0003567777777777,18.23753639797997
0.0014420943331335,0.0021137570171375,0.0003567777777777,16.464685188788323
0.0012330943331335,0.0016447570171375,0.0003577777777777,19.35891373183851
0.0015130943331335,0.0019727570171375,0.0003577777777777,18.671273890839277
0.0014080943331335,0.0013767570171375,0.0003587777777777,19.93034159171331
0.0015170943331335,0.0013787570171375,0.0003587777777777,30.080121587944987
0.0012510943331335,0.0015937570171375,0.0003587777777777,20.56609789726948
0.0012650943331335,0.0017307570171375,0.0003587777777777,21.180492650809484
0.0017380943331335,0.0017857570171375,0.0003587777777777,20.53987404393632
0.0011730943331335,0.0018877570171375,0.0003587777777777,15.574716742893575
0.0012850943331335,0.0020617570171375,0.0003587777777777,17.15218107574798
0.0013420943331335,0.0022007570171375,0.0003587777777777,11.514404171041859
0.0015470943331335,0.0014197570171375,0.0003597777777777,27.28543729972669
0.0012960943331335,0.0015257570171375,0.0003597777777777,19.902492500855487
0.0017570943331335,0.0015267570171375,0.0003597777777777,16.266968885736787
0.0015050943331335,0.0016947570171375,0.0003597777777777,20.767640406475955
0.0017320943331335,0.0014377570171375,0.0003607777777777,17.692903250995556
0.0010790943331335,0.0016227570171375,0.0003607777777777,16.266748226287547
0.0015310943331335,0.0021467570171375,0.0003607777777777,16.146766938592823
0.0016390943331335,0.0013627570171375,0.0003617777777777,22.577465339690235
0.0012260943331335,0.0016247570171375,0.0003617777777777,18.85789114472655
0.0011780943331335,0.0016407570171375,0.0003617777777777,18.648430121135192
0.0015150943331335,0.0016917570171375,0.0003617777777777,20.6120624591446
0.0016390943331335,0.0017317570171375,0.0003617777777777,19.30961357956689
0.0011210943331335,0.0018477570171375,0.0003617777777777,14.368637605976076
0.0014180943331335,0.0020217570171375,0.0003617777777777,18.46198121589502
0.0014680943331335,0.0020457570171375,0.0003617777777777,16.50280962259824
0.0013680943331335,0.0015247570171375,0.0003627777777777,20.523407059675325
0.0011380943331335,0.0018367570171375,0.0003627777777777,17.73497053127145
0.0013480943331335,0.0019077570171375,0.0003627777777777,16.927040451316348
0.0010250943331335,0.0019217570171375,0.0003627777777777,18.281442402638323
0.0011030943331335,0.0019627570171375,0.0003627777777777,16.990295579856696
0.0015620943331335,0.0019677570171375,0.0003627777777777,17.617917101793015
0.0012120943331335,0.0019767570171375,0.0003627777777777,17.05668169685702
0.0010480943331335,0.0020457570171375,0.0003627777777777,18.640570860561496
0.0010380943331335,0.0021337570171375,0.0003627777777777,17.40280885485022
0.0011310943331335,0.0021367570171375,0.0003627777777777,16.9798394147406
0.0013440943331335,0.0022037570171375,0.0003627777777777,11.520721188397385
0.0013510943331335,0.0022227570171375,0.0003627777777777,11.51640650668387
0.0013700943331335,0.0013467570171375,0.0003637777777777,20.107316363284678
0.0015480943331335,0.0014627570171375,0.0003637777777777,32.215862431606844
0.0010350943331335,0.0015967570171375,0.0003637777777777,19.61601202238507
0.0016920943331335,0.0018547570171375,0.0003637777777777,18.46101869773343
0.0011260943331335,0.0018967570171375,0.0003637777777777,15.86441811884125
0.0016110943331335,0.0020997570171375,0.0003637777777777,17.407368869284507
0.0011840943331335,0.0013847570171375,0.0003647777777777,17.842314336814812
0.0012460943331335,0.0015487570171375,0.0003647777777777,20.084760117121643
0.0013130943331335,0.0017437570171375,0.0003647777777777,22.797295122998946
0.0012760943331335,0.0017477570171375,0.0003647777777777,21.49744497512083
0.0011530943331335,0.0018377570171375,0.0003647777777777,17.857648503756973
0.0009680943331335,0.0018877570171375,0.0003647777777777,18.466901928268342
0.0016930943331335,0.0019947570171375,0.0003647777777777,18.227505366122184
0.0014770943331335,0.0020527570171375,0.0003647777777777,16.339945940720874
0.0017570943331335,0.0015337570171375,0.0003657777777777,16.205939990426902
0.0009940943331335,0.0017127570171375,0.0003657777777777,21.79952665452133
0.0015840943331335,0.0017317570171375,0.0003657777777777,19.205413156377286
0.0015970943331335,0.0019587570171375,0.0003657777777777,18.57268035972472
0.0015700943331335,0.0020857570171375,0.0003657777777777,17.294056779667386
0.0017480943331335,0.0013927570171375,0.0003667777777777,17.848587090340786
0.0009910943331335,0.0018757570171375,0.0003667777777777,18.577892373796434
0.0012800943331335,0.0013477570171375,0.0003677777777777,17.22334222206096
0.0015140943331335,0.0013687570171375,0.0003677777777777,27.67893153892616
0.0015310943331335,0.0013787570171375,0.0003677777777777,28.640817097024023
0.0011280943331335,0.0013817570171375,0.0003677777777777,15.401114804496492
0.0016960943331335,0.0015227570171375,0.0003677777777777,20.107799111256924
0.0012560943331335,0.0016547570171375,0.0003677777777777,20.353768756008918
0.0012660943331335,0.0019287570171375,0.0003677777777777,16.485590043996716
0.0015380943331335,0.0020147570171375,0.0003677777777777,16.64858709945402
0.0010430943331335,0.0021387570171375,0.0003677777777777,17.422417697537156
0.0013740943331335,0.0015317570171375,0.0003687777777777,20.54063609193341
0.0014520943331335,0.0016107570171375,0.0003687777777777,23.28634355156644
0.0010720943331335,0.0017547570171375,0.0003687777777777,16.592584919954014
0.0016180943331335,0.0020247570171375,0.0003687777777777,18.260864413852897
0.0013630943331335,0.0015237570171375,0.0003697777777777,20.5566366685328
0.0014910943331335,0.0019277570171375,0.0003697777777777,18.751715326933688
0.0017330943331335,0.0014387570171375,0.0003707777777777,17.60938181038168
0.0011030943331335,0.0014727570171375,0.0003707777777777,17.07198783029338
0.0014400943331335,0.0015807570171375,0.0003707777777777,24.023441022496307
0.0011580943331335,0.0017737570171375,0.0003707777777777,17.736698023058644
0.0017610943331335,0.0017837570171375,0.0003707777777777,19.28189168092413
0.0010870943331335,0.0018217570171375,0.0003707777777777,17.83316140039853
0.0010740943331335,0.0018367570171375,0.0003707777777777,16.17083553723741
0.0011370943331335,0.0021177570171375,0.0003707777777777,16.907265169036435
0.0015070943331335,0.0021457570171375,0.0003707777777777,15.804804852032863
0.0013430943331335,0.0022017570171375,0.0003707777777777,11.53320496044288
0.0014170943331335,0.0014067570171375,0.0003717777777777,22.579644661240046
0.0011600943331335,0.0014237570171375,0.0003717777777777,16.937162578497304
0.0016770943331335,0.0015457570171375,0.0003717777777777,20.134847017768273
0.0012490943331335,0.0015927570171375,0.0003717777777777,20.83878829655553
0.0013880943331335,0.0016397570171375,0.0003717777777777,20.410636215099373
0.0015080943331335,0.0016397570171375,0.0003717777777777,21.064385383059918
0.0013630943331335,0.0013457570171375,0.0003727777777777,16.8494958965999
0.0017420943331335,0.0013457570171375,0.0003727777777777,18.336749779809452
0.0014210943331335,0.0013687570171375,0.0003727777777777,21.220228141394323
0.0011330943331335,0.0014547570171375,0.0003727777777777,16.837617073185136
0.0015650943331335,0.0015977570171375,0.0003727777777777,21.363627229170408
0.0017390943331335,0.0016167570171375,0.0003727777777777,17.65357339242689
0.0010680943331335,0.0016837570171375,0.0003727777777777,17.057900597992504
0.0014310943331335,0.0017007570171375,0.0003727777777777,19.57255348546184
0.0009880943331335,0.0017767570171375,0.0003727777777777,19.211366491832113
0.0011980943331335,0.0018077570171375,0.0003727777777777,17.693244930691936
0.0014020943331335,0.0018537570171375,0.0003727777777777,18.061836099278914
0.0013410943331335,0.0018557570171375,0.0003727777777777,18.335159617842283
0.0013570943331335,0.0019157570171375,0.0003727777777777,17.266395067199504
0.0012650943331335,0.0019237570171375,0.0003727777777777,16.46966264490034
0.0016980943331335,0.0019627570171375,0.0003727777777777,18.925721702924104
0.0010610943331335,0.0019937570171375,0.0003727777777777,17.25553956111066
0.0014570943331335,0.0013847570171375,0.0003737777777777,22.37680170000023
0.0014040943331335,0.0014047570171375,0.0003737777777777,22.537527068757345
0.0017160943331335,0.0014177570171375,0.0003737777777777,18.41872302568397
0.0011190943331335,0.0014967570171375,0.0003737777777777,17.069520999342338
0.0011600943331335,0.0015667570171375,0.0003737777777777,17.420467280201194
0.0015870943331335,0.0016717570171375,0.0003737777777777,19.94393979122395
0.0015190943331335,0.0016877570171375,0.0003737777777777,20.709125781096855
0.0011540943331335,0.0017707570171375,0.0003737777777777,17.715704710075485
0.0016390943331335,0.0019317570171375,0.0003737777777777,18.394383590325543
0.0016520943331335,0.0021147570171375,0.0003737777777777,18.781795962793154
0.0011390943331335,0.0021237570171375,0.0003737777777777,16.92672185143087
0.0010410943331335,0.0021357570171375,0.0003737777777777,17.458317170118086
0.0015060943331335,0.0021187570171375,0.0003747777777777,15.53852413532513
0.0016090943331335,0.0013897570171375,0.0003757777777777,25.645778115808245
0.0011100943331335,0.0015467570171375,0.0003757777777777,17.163505378578662
0.0012690943331335,0.0016587570171375,0.0003757777777777,20.56894985678823
0.0012650943331335,0.0018587570171375,0.0003757777777777,18.148894020055117
0.0011360943331335,0.0018887570171375,0.0003757777777777,17.355233621421526
0.0011940943331335,0.0020767570171375,0.0003757777777777,16.645255610134125
0.0014140943331335,0.0014107570171375,0.0003767777777777,22.675026026072818
0.0013540943331335,0.0014817570171375,0.0003767777777777,24.306668574969684
0.0016040943331335,0.0017547570171375,0.0003767777777777,19.23524163361414
0.0016640943331335,0.0017967570171375,0.0003767777777777,19.767726912434142
0.0014140943331335,0.0018347570171375,0.0003767777777777,18.066757098306745
0.0015160943331335,0.0018347570171375,0.0003767777777777,19.91944966921262
0.0010520943331335,0.0018747570171375,0.0003767777777777,14.540453101019812
0.0014640943331335,0.0013437570171375,0.0003777777777777,19.88383102724999
0.0015310943331335,0.0016777570171375,0.0003777777777777,20.662408791982987
0.0015030943331335,0.0016977570171375,0.0003777777777777,20.941033749867795
0.0015090943331335,0.0017957570171375,0.0003777777777777,18.364657049489903
0.0013250943331335,0.0020617570171375,0.0003777777777777,17.48134205604645
0.0017110943331335,0.0020657570171375,0.0003777777777777,18.682003106116472
0.0010280943331335,0.0013987570171375,0.0003787777777777,19.927998129102654
0.0013020943331335,0.0014077570171375,0.0003787777777777,17.162961072852042
0.0014570943331335,0.0016187570171375,0.0003787777777777,24.077838409016852
0.0012670943331335,0.0018517570171375,0.0003787777777777,18.125515521309577
0.0010310943331335,0.0019417570171375,0.0003787777777777,18.232180188937594
0.0011420943331335,0.0014587570171375,0.0003797777777777,16.850491583936137
0.0015930943331335,0.0019507570171375,0.0003797777777777,18.6621525547674
0.0017540943331335,0.0019677570171375,0.0003797777777777,19.729394569005606
0.0016540943331335,0.0014847570171375,0.0003807777777777,21.578886823453697
0.0017480943331335,0.0014977570171375,0.0003807777777777,16.584588692517713
0.0013780943331335,0.0016017570171375,0.0003807777777777,20.366821245318157
0.0012720943331335,0.0016597570171375,0.0003807777777777,20.750794257784413
0.0016530943331335,0.0017927570171375,0.0003807777777777,19.858876022565628
0.0011280943331335,0.0018237570171375,0.0003807777777777,17.566488687372917
0.0016850943331335,0.0018397570171375,0.0003807777777777,19.00529436757038
0.0013790943331335,0.0018707570171375,0.0003807777777777,18.066479279046977
0.0016330943331335,0.0020347570171375,0.0003807777777777,18.299509334384254
0.0011590943331335,0.0016107570171375,0.0003817777777777,18.410325176470234
0.0016280943331335,0.0021447570171375,0.0003817777777777,18.197492729968022
0.0013060943331335,0.0019467570171375,0.0003827777777777,18.084721565536892
0.0014050943331335,0.0019617570171375,0.0003827777777777,24.835419017877154
0.0011100943331335,0.0016567570171375,0.0003837777777777,17.683982676649915
0.0013680943331335,0.0016767570171375,0.0003837777777777,20.649503535775814
0.0011720943331335,0.0019027570171375,0.0003837777777777,15.95560271655511
0.0011600943331335,0.0020167570171375,0.0003837777777777,17.534296286426915
0.0012910943331335,0.0021287570171375,0.0003837777777777,17.506808006570584
0.0010040943331335,0.0016807570171375,0.0003847777777777,20.19604343513274
0.0009980943331335,0.0017737570171375,0.0003847777777777,19.164673772753723
0.0015990943331335,0.0018047570171375,0.0003847777777777,19.64802206123787
0.0010250943331335,0.0019157570171375,0.0003847777777777,18.443218804170613
0.0010790943331335,0.0019427570171375,0.0003847777777777,17.74743225074144
0.0010420943331335,0.0013757570171375,0.0003857777777777,20.687933166746102
0.0017540943331335,0.0013847570171375,0.0003857777777777,17.468849831314007
0.0015410943331335,0.0014567570171375,0.0003857777777777,32.86272593784529
0.0014540943331335,0.0015617570171375,0.0003857777777777,24.56509639691156
0.0013030943331335,0.0016287570171375,0.0003857777777777,21.102393179075335
0.0010760943331335,0.0016737570171375,0.0003857777777777,17.47995147684999
0.0012380943331335,0.0019057570171375,0.0003857777777777,16.140036008877917
0.0012790943331335,0.0019477570171375,0.0003857777777777,16.74770536953447
0.0010090943331335,0.0020927570171375,0.0003857777777777,17.65407244692629
0.0014750943331335,0.0021497570171375,0.0003857777777777,15.971776245175702
0.0015300943331335,0.0015717570171375,0.0003867777777777,24.715576225184535
0.0015990943331335,0.0018597570171375,0.0003867777777777,19.25904605401896
0.0017030943331335,0.0020917570171375,0.0003867777777777,18.869095513820707
0.0013000943331335,0.0021477570171375,0.0003867777777777,17.54148127807224
0.0014530943331335,0.0015547570171375,0.0003877777777777,24.7173246474121
0.0015720943331335,0.0016027570171375,0.0003877777777777,21.487495975633497
0.0016890943331335,0.0017247570171375,0.0003877777777777,20.713416556697194
0.0010460943331335,0.0019257570171375,0.0003877777777777,18.221748122810876
0.0016960943331335,0.0021287570171375,0.0003877777777777,19.572104889856842
0.0013140943331335,0.0014917570171375,0.0003887777777777,24.050626667564973
0.0010830943331335,0.0016217570171375,0.0003887777777777,16.940764078158512
0.0015390943331335,0.0019537570171375,0.0003887777777777,19.073558517979492
0.0017150943331335,0.0019547570171375,0.0003887777777777,19.326001342779932
0.0017280943331335,0.0019627570171375,0.0003887777777777,19.391783465335802
0.0010060943331335,0.0020817570171375,0.0003887777777777,17.73551332534819
0.0010000943331335,0.0021107570171375,0.0003887777777777,18.247273070492838
0.0014680943331335,0.0013797570171375,0.0003897777777777,22.354293813610894
0.0012260943331335,0.0014867570171375,0.0003897777777777,17.742926725098457
0.0015100943331335,0.0016147570171375,0.0003897777777777,20.661555036549903
0.0016090943331335,0.0016537570171375,0.0003897777777777,19.704382681258664
0.0015960943331335,0.0018517570171375,0.0003897777777777,19.58671195524571
0.0015500943331335,0.0018717570171375,0.0003897777777777,19.926526793795215
0.0013170943331335,0.0020007570171375,0.0003897777777777,17.468929564486245
0.0014940943331335,0.0014137570171375,0.0003907777777777,37.25865035595129
0.0015300943331335,0.0014437570171375,0.0003907777777777,33.376217517717876
0.0016850943331335,0.0014847570171375,0.0003907777777777,19.976463479695568
0.0011060943331335,0.0014887570171375,0.0003907777777777,17.30832621695191
0.0012570943331335,0.0016057570171375,0.0003907777777777,21.276302431157184
0.0011710943331335,0.0017037570171375,0.0003907777777777,18.17192698805669
0.0015320943331335,0.0015487570171375,0.0003917777777777,26.518953266083127
0.0017260943331335,0.0017537570171375,0.0003917777777777,17.8414446937532
0.0016800943331335,0.0017927570171375,0.0003917777777777,19.540213285612435
0.0011830943331335,0.0019757570171375,0.0003917777777777,16.92321985896054
0.0017340943331335,0.0020107570171375,0.0003917777777777,18.451830295936094
0.0013790943331335,0.0016047570171375,0.0003927777777777,20.653522867394926
0.0015080943331335,0.0019387570171375,0.0003927777777777,19.47962883168966
0.0010850943331335,0.0020557570171375,0.0003927777777777,19.941464847391053
0.0013680943331335,0.0021187570171375,0.0003927777777777,17.051490228141073
0.0013010943331335,0.0018517570171375,0.0003937777777777,16.80353901075748
0.0016870943331335,0.0019997570171375,0.0003937777777777,18.470710065854313
0.0014460943331335,0.0021087570171375,0.0003937777777777,16.630735344782344
0.0012170943331335,0.0021497570171375,0.0003937777777777,21.65835405259323
0.0014090943331335,0.0013547570171375,0.0003947777777777,22.42943689390752
0.0015470943331335,0.0013727570171375,0.0003947777777777,28.06979642916587
0.0011900943331335,0.0016527570171375,0.0003947777777777,19.379583342907424
0.0016800943331335,0.0019537570171375,0.0003947777777777,18.99577799878865
0.0011880943331335,0.0020817570171375,0.0003947777777777,16.82804348933715
0.0012550943331335,0.0014577570171375,0.0003957777777777,18.642364725830994
0.0015460943331335,0.0014727570171375,0.0003957777777777,31.52545239209661
0.0014640943331335,0.0014767570171375,0.0003957777777777,32.12525387775024
0.0015270943331335,0.0015797570171375,0.0003957777777777,24.703230453947697
0.0017610943331335,0.0016377570171375,0.0003957777777777,18.519825470407117
0.0013790943331335,0.0020317570171375,0.0003957777777777,19.140796058545707
0.0009610943331335,0.0015087570171375,0.0003967777777777,17.27412739685377
0.0017580943331335,0.0015427570171375,0.0003967777777777,15.845106427772691
0.0014560943331335,0.0015477570171375,0.0003967777777777,26.110174447313604
0.0010480943331335,0.0015587570171375,0.0003967777777777,18.63936912486278
0.0013120943331335,0.0017897570171375,0.0003967777777777,18.06385250100439
0.0017150943331335,0.0018617570171375,0.0003967777777777,18.670812852578596
0.0015440943331335,0.0019547570171375,0.0003967777777777,19.148450000087145
0.0014420943331335,0.0019637570171375,0.0003967777777777,23.393127351513574
0.0014950943331335,0.0017007570171375,0.0003977777777777,21.218918322891508
0.0014110943331335,0.0017607570171375,0.0003977777777777,24.896365447869385
0.0013190943331335,0.0018327570171375,0.0003977777777777,17.480048988829516
0.0013590943331335,0.0019807570171375,0.0003977777777777,17.75345903816012
0.0016250943331335,0.0020737570171375,0.0003977777777777,17.590228583911408
0.0012410943331335,0.0013697570171375,0.0003987777777777,17.727508072417866
0.0014920943331335,0.0014157570171375,0.0003987777777777,36.896387087615544
0.0017420943331335,0.0016787570171375,0.0003987777777777,19.161955541999397
0.0012140943331335,0.0016917570171375,0.0003987777777777,20.993014764147084
0.0014280943331335,0.0018767570171375,0.0003987777777777,17.230818540076918
0.0012640943331335,0.0021137570171375,0.0003987777777777,17.904918308651688
0.0009650943331335,0.0013927570171375,0.0003997777777777,19.84771826696121
0.0012800943331335,0.0015667570171375,0.0003997777777777,20.195057351799953
0.0013970943331335,0.0015927570171375,0.0003997777777777,21.707869392105042
0.0016750943331335,0.0016607570171375,0.0003997777777777,20.88041855245575
0.0014230943331335,0.0017267570171375,0.0003997777777777,19.251574970871868
0.0011470943331335,0.0017697570171375,0.0003997777777777,17.665977112215508
0.0014300943331335,0.0018387570171375,0.0003997777777777,18.504050289136057
0.0014070943331335,0.0019137570171375,0.0003997777777777,17.43767350481173
0.0012090943331335,0.0019817570171375,0.0003997777777777,17.26293090791978
0.0012710943331335,0.0019897570171375,0.0003997777777777,16.80476927189733
0.0015740943331335,0.0020107570171375,0.0003997777777777,17.14405818383232
0.0017240943331335,0.0020747570171375,0.0003997777777777,18.705536177996976
0.0013900943331335,0.0015397570171375,0.0004007777777777,20.738384189788263
0.0016480943331335,0.0016077570171375,0.0004007777777777,20.70963190864195
0.0011620943331335,0.0016247570171375,0.0004007777777777,18.53804519894586
0.0009660943331335,0.0016287570171375,0.0004007777777777,26.071564772163093
0.0014630943331335,0.0017217570171375,0.0004007777777777,20.04984462192204
0.0010710943331335,0.0018207570171375,0.0004007777777777,16.617878742535304
0.0011050943331335,0.0019637570171375,0.0004007777777777,17.60307561697336
0.0014060943331335,0.0020287570171375,0.0004007777777777,18.82701808454167
0.0012780943331335,0.0020607570171375,0.0004007777777777,17.530651208863265
0.0011750943331335,0.0020757570171375,0.0004007777777777,16.876113618124524
0.0017280943331335,0.0014527570171375,0.0004017777777777,17.639745965931404
0.0014320943331335,0.0016437570171375,0.0004017777777777,25.476798826108894
0.0012080943331335,0.0019347570171375,0.0004017777777777,17.363717052737176
0.0013180943331335,0.0020037570171375,0.0004017777777777,17.565381258826154
0.0011920943331335,0.0013897570171375,0.0004027777777777,19.150120328805745
0.0010900943331335,0.0016257570171375,0.0004027777777777,17.441457300433655
0.0011090943331335,0.0016417570171375,0.0004027777777777,17.652520280920456
0.0010550943331335,0.0017227570171375,0.0004027777777777,17.39275335181803
0.0017480943331335,0.0018987570171375,0.0004027777777777,17.08452918007565
0.0012710943331335,0.0021177570171375,0.0004027777777777,17.848709541987553
0.0010600943331335,0.0014137570171375,0.0004037777777777,21.585513635249516
0.0015550943331335,0.0014247570171375,0.0004037777777777,31.77929680809244
0.0013170943331335,0.0015127570171375,0.0004037777777777,23.2370354058255
0.0014000943331335,0.0020367570171375,0.0004037777777777,18.87404374941839
0.0014140943331335,0.0013507570171375,0.0004047777777777,22.236075160577354
0.0017340943331335,0.0013527570171375,0.0004047777777777,17.658526906996897
0.0013990943331335,0.0014947570171375,0.0004047777777777,25.343477719544122
0.0016070943331335,0.0017447570171375,0.0004047777777777,20.939483990515956
0.0010610943331335,0.0018797570171375,0.0004047777777777,15.291509785627415
0.0010850943331335,0.0019117570171375,0.0004047777777777,17.517111325248923
0.0009600943331335,0.0020657570171375,0.0004047777777777,22.553178242400463
0.0014960943331335,0.0013517570171375,0.0004057777777777,21.35838804692727
0.0010620943331335,0.0014217570171375,0.0004057777777777,21.46325614434101
0.0013490943331335,0.0014767570171375,0.0004057777777777,24.704714679140356
0.0016760943331335,0.0020137570171375,0.0004057777777777,18.447441145017933
0.0016620943331335,0.0014237570171375,0.0004067777777777,21.06522928386411
0.0014660943331335,0.0015487570171375,0.0004067777777777,27.20937146562726
0.0010140943331335,0.0015957570171375,0.0004067777777777,19.637168110477276
0.0010390943331335,0.0016597570171375,0.0004067777777777,17.24756203612362
0.0015520943331335,0.0020187570171375,0.0004067777777777,17.017522157816504
0.0017520943331335,0.0020267570171375,0.0004067777777777,17.843030432476624
0.0016110943331335,0.0020487570171375,0.0004067777777777,17.735744809707093
0.0013020943331335,0.0021457570171375,0.0004067777777777,17.750679088091292
0.0013580943331335,0.0021987570171375,0.0004067777777777,11.57578419830666
0.0012010943331335,0.0015637570171375,0.0004077777777777,17.09192453793437
0.0016240943331335,0.0016837570171375,0.0004077777777777,19.359281307658932
0.0012630943331335,0.0017667570171375,0.0004077777777777,20.803063259221723
0.0013440943331335,0.0018967570171375,0.0004077777777777,18.05048406051188
0.0015100943331335,0.0019517570171375,0.0004077777777777,19.652261996567276
0.0013540943331335,0.0015937570171375,0.0004087777777777,20.78349320661974
0.0014940943331335,0.0017097570171375,0.0004087777777777,21.250106391258647
0.0009990943331335,0.0018387570171375,0.0004087777777777,18.05902632490655
0.0014210943331335,0.0018997570171375,0.0004087777777777,17.40507101834284
0.0010510943331335,0.0020467570171375,0.0004087777777777,19.08284610058862
0.0014840943331335,0.0013457570171375,0.0004097777777777,21.126605572442443
0.0010180943331335,0.0014587570171375,0.0004097777777777,21.381808349031502
0.0016690943331335,0.0017617570171375,0.0004097777777777,19.500540298652773
0.0010350943331335,0.0018297570171375,0.0004097777777777,17.719101489509807
0.0015360943331335,0.0019097570171375,0.0004097777777777,19.189420005926795
0.0015900943331335,0.0014167570171375,0.0004107777777777,29.312092469619646
0.0015500943331335,0.0014817570171375,0.0004107777777777,30.668384770795644
0.0014280943331335,0.0015227570171375,0.0004107777777777,26.886351996440784
0.0015340943331335,0.0015277570171375,0.0004107777777777,25.347561168972096
0.0015160943331335,0.0015797570171375,0.0004107777777777,24.714306606032952
0.0009840943331335,0.0016337570171375,0.0004107777777777,25.06784070190488
0.0011130943331335,0.0017187570171375,0.0004107777777777,18.90400573547661
0.0017370943331335,0.0018227570171375,0.0004107777777777,19.529026493421064
0.0010740943331335,0.0018987570171375,0.0004107777777777,16.930008589757197
0.0012840943331335,0.0019067570171375,0.0004107777777777,18.44281507394903
0.0009660943331335,0.0014027570171375,0.0004117777777777,20.098765989371984
0.0014790943331335,0.0014647570171375,0.0004117777777777,32.466870542877395
0.0013540943331335,0.0016407570171375,0.0004117777777777,21.146204957533417
0.0010720943331335,0.0016787570171375,0.0004117777777777,17.755615649551277
0.0012300943331335,0.0017367570171375,0.0004117777777777,19.434382464309802
0.0010660943331335,0.0018267570171375,0.0004117777777777,17.094532277557253
0.0010100943331335,0.0020767570171375,0.0004117777777777,17.876637755859246
0.0015370943331335,0.0013627570171375,0.0004127777777777,27.808575069615397
0.0015730943331335,0.0013657570171375,0.0004127777777777,27.600231155902637
0.0010640943331335,0.0015517570171375,0.0004127777777777,18.90407409281042
0.0010610943331335,0.0016047570171375,0.0004127777777777,17.363559904920926
0.0015520943331335,0.0016397570171375,0.0004127777777777,21.915201201732838
0.0014580943331335,0.0021137570171375,0.0004127777777777,16.495729020016576
0.0016130943331335,0.0013827570171375,0.0004137777777777,26.5362147969358
0.0014900943331335,0.0016737570171375,0.0004137777777777,21.37316070879773
0.0009630943331335,0.0017617570171375,0.0004137777777777,23.7457726695675
0.0012100943331335,0.0018197570171375,0.0004137777777777,19.135652316021343
0.0016670943331335,0.0018497570171375,0.0004137777777777,19.8541541902651
0.0010950943331335,0.0018577570171375,0.0004137777777777,17.387977303908222
0.0015080943331335,0.0020047570171375,0.0004137777777777,18.687245062464505
0.0015280943331335,0.0020477570171375,0.0004137777777777,17.265942470958546
0.0016920943331335,0.0020587570171375,0.0004137777777777,18.256243973703448
0.0014090943331335,0.0020997570171375,0.0004137777777777,17.263832895208857
0.0017260943331335,0.0014517570171375,0.0004147777777777,17.64663715840235
0.0009750943331335,0.0015517570171375,0.0004147777777777,22.337938997449857
0.0009590943331335,0.0016157570171375,0.0004147777777777,25.75171023140628
0.0014490943331335,0.0017357570171375,0.0004147777777777,19.59922576738737
0.0016010943331335,0.0021387570171375,0.0004147777777777,17.36632238184536
0.0017580943331335,0.0014187570171375,0.0004157777777777,13.763603270032371
0.0010680943331335,0.0014387570171375,0.0004157777777777,21.42404517602089
0.0016230943331335,0.0015607570171375,0.0004157777777777,22.270308713380174
0.0010350943331335,0.0016707570171375,0.0004157777777777,18.99196461840075
0.0011460943331335,0.0017567570171375,0.0004157777777777,17.54200386544207
0.0010780943331335,0.0017667570171375,0.0004157777777777,17.348116185134447
0.0013690943331335,0.0019557570171375,0.0004157777777777,17.598912973196565
0.0015370943331335,0.0020707570171375,0.0004157777777777,17.331115648844605
0.0013640943331335,0.0013717570171375,0.0004167777777777,18.21046733586533
0.0013270943331335,0.0013927570171375,0.0004167777777777,19.59233464703456
0.0017120943331335,0.0014097570171375,0.0004167777777777,18.53150603065373
0.0013720943331335,0.0014167570171375,0.0004167777777777,22.003748834578957
0.0013680943331335,0.0016437570171375,0.0004167777777777,21.219554321621025
0.0016100943331335,0.0020387570171375,0.0004167777777777,17.829295844440733
0.0012260943331335,0.0020497570171375,0.0004167777777777,16.912626195561945
0.0011160943331335,0.0014437570171375,0.0004177777777777,18.1609841937715
0.0014310943331335,0.0014557570171375,0.0004177777777777,26.142604278239478
0.0016390943331335,0.0015597570171375,0.0004177777777777,22.005185762790052
0.0015080943331335,0.0015797570171375,0.0004177777777777,24.74294219818626
0.0012690943331335,0.0018137570171375,0.0004177777777777,19.839510865621584
0.0011800943331335,0.0018377570171375,0.0004177777777777,17.84945063303467
0.0016340943331335,0.0018737570171375,0.0004177777777777,19.595101262524835
0.0010570943331335,0.0019407570171375,0.0004177777777777,17.77025394949838
0.0014940943331335,0.0020917570171375,0.0004177777777777,18.389168501743818
0.0016040943331335,0.0015217570171375,0.0004187777777777,23.166789775919923
0.0010150943331335,0.0015967570171375,0.0004187777777777,19.652502942206006
0.0013460943331335,0.0016047570171375,0.0004187777777777,20.826037232471318
0.0009660943331335,0.0017017570171375,0.0004187777777777,20.81191421730986
0.0013510943331335,0.0018957570171375,0.0004187777777777,18.754813379699794
0.0014320943331335,0.0020597570171375,0.0004187777777777,18.512571217737882
0.0013850943331335,0.0021107570171375,0.0004187777777777,17.44471133025461
0.0010220943331335,0.0014587570171375,0.0004197777777777,21.482421769555774
0.0014780943331335,0.0014707570171375,0.0004197777777777,32.03292594641545
0.0013740943331335,0.0016497570171375,0.0004197777777777,21.246193590503328
0.0012640943331335,0.0016687570171375,0.0004197777777777,20.949092763079808
0.0013890943331335,0.0017097570171375,0.0004197777777777,19.945615346649372
0.0012600943331335,0.0017707570171375,0.0004197777777777,20.686545006639815
0.0015310943331335,0.0021277570171375,0.0004197777777777,17.47782615016789
0.0016070943331335,0.0014567570171375,0.0004207777777777,25.27680380835729
0.0009880943331335,0.0016787570171375,0.0004207777777777,19.92410880035485
0.0012540943331335,0.0017747570171375,0.0004207777777777,20.624244174569892
0.0012810943331335,0.0019147570171375,0.0004207777777777,18.450699620981062
0.0014870943331335,0.0019587570171375,0.0004207777777777,20.258952833349756
0.0016000943331335,0.0021387570171375,0.0004207777777777,17.359280249952455
0.0011150943331335,0.0013737570171375,0.0004217777777777,22.114844626101902
0.0011230943331335,0.0013757570171375,0.0004217777777777,21.953755950369015
0.0017080943331335,0.0014537570171375,0.0004217777777777,18.331296909445136
0.0014250943331335,0.0018697570171375,0.0004217777777777,17.47185088933526
0.0014310943331335,0.0019077570171375,0.0004217777777777,18.911717907912646
0.0010290943331335,0.0013497570171375,0.0004227777777777,20.255500503455405
0.0014970943331335,0.0015867570171375,0.0004227777777777,24.772215563763563
0.0014610943331335,0.0016217570171375,0.0004227777777777,24.971649014403752
0.0017560943331335,0.0018567570171375,0.0004227777777777,16.45493455367292
0.0010820943331335,0.0018727570171375,0.0004227777777777,16.81022929227149
0.0016940943331335,0.0019927570171375,0.0004227777777777,18.78232119123872
0.0014230943331335,0.0015497570171375,0.0004237777777777,27.42191121011077
0.0016190943331335,0.0017887570171375,0.0004237777777777,20.293114952677985
0.0016030943331335,0.0021137570171375,0.0004237777777777,17.36308697932277
0.0012650943331335,0.0017697570171375,0.0004247777777777,20.65620431901941
0.0009990943331335,0.0018937570171375,0.0004247777777777,15.652481067103903
0.0010480943331335,0.0021327570171375,0.0004247777777777,25.225037099491367
0.0010960943331335,0.0021407570171375,0.0004247777777777,18.217341737715643
0.0017130943331335,0.0013437570171375,0.0004257777777777,17.6122585063732
0.0010630943331335,0.0015107570171375,0.0004257777777777,18.788864100177694
0.0015730943331335,0.0016197570171375,0.0004257777777777,22.174395225214123
0.0013320943331335,0.0017637570171375,0.0004257777777777,19.207131625636887
0.0010820943331335,0.0017807570171375,0.0004257777777777,17.54389813671291
0.0012730943331335,0.0018877570171375,0.0004257777777777,18.207340442381923
0.0015340943331335,0.0019067570171375,0.0004257777777777,18.673880741410894
0.0016830943331335,0.0020487570171375,0.0004257777777777,18.357058762584312
0.0011570943331335,0.0014767570171375,0.0004267777777777,18.9751362283619
0.0013320943331335,0.0016947570171375,0.0004267777777777,28.789443342544807
0.0013460943331335,0.0018427570171375,0.0004267777777777,18.00912436931976
0.0014670943331335,0.0018617570171375,0.0004267777777777,19.496661738634746
0.0014240943331335,0.0018627570171375,0.0004267777777777,17.639050400771033
0.0014420943331335,0.0019017570171375,0.0004267777777777,18.990567495124512
0.0012100943331335,0.0015707570171375,0.0004277777777777,17.498649050537736
0.0013280943331335,0.0016417570171375,0.0004277777777777,20.962238469367662
0.0013010943331335,0.0018477570171375,0.0004277777777777,18.354980583219042
0.0016090943331335,0.0019177570171375,0.0004277777777777,19.322791106685226
0.0012610943331335,0.0017137570171375,0.0004287777777777,21.921426196848106
0.0010050943331335,0.0018347570171375,0.0004287777777777,19.011669592992455
0.0016240943331335,0.0019737570171375,0.0004287777777777,19.0160991320949
0.0012970943331335,0.0020007570171375,0.0004287777777777,17.817501705014976
0.0014390943331335,0.0020717570171375,0.0004287777777777,18.505818722127355
0.0010130943331335,0.0020907570171375,0.0004287777777777,18.015043263887648
0.0011140943331335,0.0015177570171375,0.0004297777777777,18.565979974563497
0.0015830943331335,0.0015417570171375,0.0004297777777777,23.18145028522741
0.0009640943331335,0.0015477570171375,0.0004297777777777,22.511414252967143
0.0013890943331335,0.0016197570171375,0.0004297777777777,23.447158519392794
0.0016540943331335,0.0016557570171375,0.0004297777777777,20.55763234999716
0.0013440943331335,0.0018957570171375,0.0004297777777777,18.87333952800669
0.0013370943331335,0.0013517570171375,0.0004307777777777,18.983663346974126
0.0014230943331335,0.0014237570171375,0.0004307777777777,23.127250879511625
0.0011620943331335,0.0015097570171375,0.0004307777777777,18.630636312244608
0.0010180943331335,0.0016897570171375,0.0004307777777777,19.56068360191131
0.0014530943331335,0.0018317570171375,0.0004307777777777,18.68586429806667
0.0009940943331335,0.0019107570171375,0.0004307777777777,15.861670684236461
0.0017580943331335,0.0019767570171375,0.0004307777777777,20.75549316669339
0.0012320943331335,0.0020157570171375,0.0004307777777777,17.046199689750754
0.0013170943331335,0.0020987570171375,0.0004307777777777,17.66406874191136
0.0017140943331335,0.0021007570171375,0.0004307777777777,18.525268457021067
0.0017100943331335,0.0013487570171375,0.0004317777777777,17.601760515406962
0.0011820943331335,0.0015417570171375,0.0004317777777777,17.513896621095547
0.0016150943331335,0.0015917570171375,0.0004317777777777,22.531880171691157
0.0013740943331335,0.0016527570171375,0.0004317777777777,21.445611632477135
0.0012560943331335,0.0018967570171375,0.0004317777777777,18.170646534686178
0.0011190943331335,0.0020247570171375,0.0004317777777777,17.859970284083897
0.0016880943331335,0.0020967570171375,0.0004317777777777,18.491839218976498
0.0011740943331335,0.0021277570171375,0.0004317777777777,18.14396056467601
0.0014410943331335,0.0014107570171375,0.0004327777777777,23.022082842843005
0.0011980943331335,0.0014927570171375,0.0004327777777777,19.88823853381359
0.0013060943331335,0.0015017570171375,0.0004327777777777,23.481539907594147
0.0014160943331335,0.0018577570171375,0.0004327777777777,18.146652041289105
0.0012840943331335,0.0018947570171375,0.0004327777777777,18.21744393042722
0.0016750943331335,0.0020297570171375,0.0004327777777777,18.43941450247502
0.0015120943331335,0.0020487570171375,0.0004327777777777,17.728725135973583
0.0010870943331335,0.0020637570171375,0.0004327777777777,19.42229701945325
0.0011410943331335,0.0013947570171375,0.0004337777777777,21.596388498079197
0.0017310943331335,0.0014557570171375,0.0004337777777777,17.601661051715396
0.0016790943331335,0.0015017570171375,0.0004337777777777,20.433202661337848
0.0010030943331335,0.0015547570171375,0.0004337777777777,21.018523406919616
0.0014270943331335,0.0015877570171375,0.0004337777777777,24.20604447482928
0.0010550943331335,0.0018167570171375,0.0004337777777777,18.198685757343927
0.0015010943331335,0.0020057570171375,0.0004337777777777,18.93616372323911
0.0016820943331335,0.0020967570171375,0.0004337777777777,18.354540124374676
0.0010200943331335,0.0013877570171375,0.0004347777777777,21.15930563131376
0.0014690943331335,0.0014717570171375,0.0004347777777777,31.29755547035101
0.0014200943331335,0.0014747570171375,0.0004347777777777,26.011418645462474
0.0013880943331335,0.0014917570171375,0.0004347777777777,25.711170135238483
0.0016290943331335,0.0015387570171375,0.0004347777777777,23.12984682538431
0.0013690943331335,0.0016317570171375,0.0004347777777777,21.556897667755685
0.0014010943331335,0.0016747570171375,0.0004347777777777,22.52615960414209
0.0015080943331335,0.0017187570171375,0.0004347777777777,21.592061729001518
0.0012330943331335,0.0017897570171375,0.0004347777777777,20.188763704942726
0.0013800943331335,0.0018287570171375,0.0004347777777777,18.780698485332987
0.0016520943331335,0.0013907570171375,0.0004357777777777,23.42674579200954
0.0011800943331335,0.0015327570171375,0.0004357777777777,18.229870124905748
0.0017290943331335,0.0017447570171375,0.0004357777777777,19.42098811090316
0.0015930943331335,0.0017727570171375,0.0004357777777777,20.720638796059553
0.0011300943331335,0.0017907570171375,0.0004357777777777,18.438029298244658
0.0010920943331335,0.0018757570171375,0.0004357777777777,17.009857696431776
0.0016720943331335,0.0021457570171375,0.0004357777777777,17.796471302501995
0.0014060943331335,0.0014907570171375,0.0004367777777777,25.758545495292754
0.0009910943331335,0.0016227570171375,0.0004367777777777,22.240621547720767
0.0010010943331335,0.0016737570171375,0.0004367777777777,19.803641135392585
0.0017560943331335,0.0020227570171375,0.0004367777777777,17.442329385655608
0.0016760943331335,0.0021407570171375,0.0004367777777777,17.978457217867778
0.0014150943331335,0.0015847570171375,0.0004377777777777,24.52522049977704
0.0016610943331335,0.0015937570171375,0.0004377777777777,20.96410992103167
0.0016500943331335,0.0016507570171375,0.0004377777777777,20.516560908326717
0.0017490943331335,0.0016587570171375,0.0004377777777777,19.002339057596
0.0015660943331335,0.0016777570171375,0.0004377777777777,21.355274729021563
0.0011010943331335,0.0018187570171375,0.0004377777777777,18.479111650116774
0.0014180943331335,0.0018507570171375,0.0004377777777777,18.200359422878076
0.0012430943331335,0.0020897570171375,0.0004377777777777,18.447763866432755
0.0016390943331335,0.0021117570171375,0.0004377777777777,18.13397807997892
0.0013100943331335,0.0014697570171375,0.0004387777777777,21.48069141458623
0.0017260943331335,0.0017187570171375,0.0004387777777777,20.331921146633636
0.0017420943331335,0.0019807570171375,0.0004387777777777,21.295939470288747
0.0015440943331335,0.0019827570171375,0.0004387777777777,18.381951773176294
0.0012950943331335,0.0020527570171375,0.0004387777777777,17.887874490944913
0.0011320943331335,0.0020897570171375,0.0004387777777777,18.009827806830447
0.0013510943331335,0.0015037570171375,0.0004397777777777,25.03936862423142
0.0014080943331335,0.0015987570171375,0.0004397777777777,24.480722454821503
0.0009570943331335,0.0014107570171375,0.0004407777777777,20.09568478224677
0.0014170943331335,0.0015457570171375,0.0004407777777777,26.850832376104318
0.0017410943331335,0.0019107570171375,0.0004407777777777,19.451815120790393
0.0015550943331335,0.0019947570171375,0.0004407777777777,18.224190253640025
0.0015630943331335,0.0020967570171375,0.0004407777777777,17.51407901611165
0.0017350943331335,0.0021437570171375,0.0004407777777777,19.067428516305608
0.0015910943331335,0.0013707570171375,0.0004417777777777,26.94515628241847
0.0010110943331335,0.0013907570171375,0.0004417777777777,21.129389990669228
0.0017620943331335,0.0015457570171375,0.0004417777777777,18.872063571905155
0.0017000943331335,0.0015617570171375,0.0004417777777777,20.147266221672204
0.0010840943331335,0.0016267570171375,0.0004417777777777,18.329505072387384
0.0015250943331335,0.0018067570171375,0.0004417777777777,21.538506156021857
0.0017070943331335,0.0019507570171375,0.0004417777777777,18.84316622605247
0.0016860943331335,0.0013907570171375,0.0004427777777777,19.846993270979905
0.0011540943331335,0.0014047570171375,0.0004427777777777,20.75247761419459
0.0010070943331335,0.0015717570171375,0.0004427777777777,21.05454940004044
0.0015960943331335,0.0015997570171375,0.0004427777777777,22.48405222386274
0.0014920943331335,0.0018807570171375,0.0004427777777777,18.647247528681792
0.0010840943331335,0.0020897570171375,0.0004427777777777,19.04093929620055
0.0011660943331335,0.0014097570171375,0.0004437777777777,20.575306702526667
0.0013770943331335,0.0014947570171375,0.0004437777777777,25.581799722227725
0.0015060943331335,0.0017237570171375,0.0004437777777777,21.7252668780132
0.0010750943331335,0.0018367570171375,0.0004437777777777,18.48865838886853
0.0013910943331335,0.0018817570171375,0.0004437777777777,18.511692816531824
0.0010720943331335,0.0019577570171375,0.0004437777777777,17.33549292911139
0.0015110943331335,0.0020077570171375,0.0004437777777777,18.981222058687266
0.0016290943331335,0.0020437570171375,0.0004437777777777,17.87090973592832
0.0016790943331335,0.0020837570171375,0.0004437777777777,18.345252557635927
0.0016870943331335,0.0021247570171375,0.0004437777777777,18.286296290705288
0.0009660943331335,0.0014197570171375,0.0004447777777777,20.386258373664507
0.0016220943331335,0.0015307570171375,0.0004447777777777,23.39917013503945
0.0017200943331335,0.0015537570171375,0.0004447777777777,19.36941441508005
0.0010690943331335,0.0016007570171375,0.0004447777777777,18.82699809461957
0.0017420943331335,0.0017067570171375,0.0004447777777777,20.307195801576608
0.0013460943331335,0.0018157570171375,0.0004447777777777,18.964271055963255
0.0016610943331335,0.0018207570171375,0.0004447777777777,19.501097911153153
0.0010900943331335,0.0020037570171375,0.0004447777777777,18.369630933979817
0.0009760943331335,0.0020227570171375,0.0004447777777777,19.989727793894236
0.0016910943331335,0.0020907570171375,0.0004447777777777,18.330075052212845
0.0011270943331335,0.0021187570171375,0.0004447777777777,18.215023003435693
0.0017170943331335,0.0021387570171375,0.0004447777777777,18.945013343859486
0.0013160943331335,0.0013797570171375,0.0004457777777777,19.65025382614625
0.0017230943331335,0.0016097570171375,0.0004457777777777,19.719295301525083
0.0011800943331335,0.0018067570171375,0.0004457777777777,18.969198589449352
0.0011330943331335,0.0020807570171375,0.0004457777777777,17.98266588043366
0.0016470943331335,0.0021147570171375,0.0004457777777777,18.146629261378575
0.0011640943331335,0.0021357570171375,0.0004457777777777,18.30246431071742
0.0013700943331335,0.0022057570171375,0.0004457777777777,11.616372055062639
0.0012520943331335,0.0014067570171375,0.0004467777777777,19.689227714265353
0.0013220943331335,0.0015307570171375,0.0004467777777777,24.765815200794766
0.0016180943331335,0.0018637570171375,0.0004467777777777,20.04274713110554
0.0011790943331335,0.0019557570171375,0.0004467777777777,17.572654560787473
0.0009590943331335,0.0015737570171375,0.0004477777777777,23.003554451304055
0.0015210943331335,0.0018037570171375,0.0004477777777777,21.596700135583863
0.0013080943331335,0.0018217570171375,0.0004477777777777,18.765687338000767
0.0015820943331335,0.0018307570171375,0.0004477777777777,20.618594719830032
0.0011710943331335,0.0019117570171375,0.0004477777777777,17.581203688800787
0.0011830943331335,0.0013467570171375,0.0004487777777777,20.112378317914104
0.0012140943331335,0.0013707570171375,0.0004487777777777,19.12851109123312
0.0009770943331335,0.0014207570171375,0.0004487777777777,20.553271323684253
0.0014120943331335,0.0014387570171375,0.0004487777777777,23.629340698480537
0.0013430943331335,0.0014507570171375,0.0004487777777777,20.97129046831639
0.0011870943331335,0.0017317570171375,0.0004487777777777,18.755760811508825
0.0016360943331335,0.0017567570171375,0.0004487777777777,21.62943597492883
0.0010050943331335,0.0017977570171375,0.0004487777777777,19.18733156529368
0.0017550943331335,0.0017987570171375,0.0004487777777777,16.391116311284634
0.0016840943331335,0.0020887570171375,0.0004487777777777,18.33874047723281
0.0010190943331335,0.0014527570171375,0.0004497777777777,21.644750228482124
0.0011160943331335,0.0014867570171375,0.0004497777777777,18.873729738405537
0.0016020943331335,0.0015347570171375,0.0004497777777777,23.54243919072315
0.0012930943331335,0.0015797570171375,0.0004497777777777,24.03452077412333
0.0017020943331335,0.0016107570171375,0.0004497777777777,20.627339679765498
0.0013090943331335,0.0016727570171375,0.0004497777777777,27.32519577620142
0.0017370943331335,0.0014527570171375,0.0004507777777777,17.565385579045955
0.0015330943331335,0.0014767570171375,0.0004507777777777,24.858831887035496
0.0011430943331335,0.0017147570171375,0.0004507777777777,19.296425448665186
0.0015980943331335,0.0018397570171375,0.0004507777777777,20.483189800989056
0.0016870943331335,0.0018737570171375,0.0004507777777777,19.62075120209966
0.0017100943331335,0.0020397570171375,0.0004507777777777,18.470658421746997
0.0014470943331335,0.0013447570171375,0.0004517777777777,22.5923565178511
0.0013520943331335,0.0014247570171375,0.0004517777777777,21.530588788432425
0.0017180943331335,0.0015607570171375,0.0004517777777777,19.69627610195416
0.0016060943331335,0.0019077570171375,0.0004517777777777,19.4690285979686
0.0009830943331335,0.0019367570171375,0.0004517777777777,16.299801043473668
0.0015630943331335,0.0020137570171375,0.0004517777777777,17.371507380940738
0.0012410943331335,0.0020437570171375,0.0004517777777777,17.425968544755346
0.0014290943331335,0.0020477570171375,0.0004517777777777,18.57958746819971
0.0010190943331335,0.0020707570171375,0.0004517777777777,18.4147968335826
0.0010800943331335,0.0020807570171375,0.0004517777777777,19.070116921990326
0.0013800943331335,0.0021147570171375,0.0004517777777777,18.785908927387258
0.0016170943331335,0.0021197570171375,0.0004517777777777,17.984099359025894
0.0011510943331335,0.0013677570171375,0.0004527777777777,20.987309717665504
0.0016440943331335,0.0016827570171375,0.0004527777777777,20.175241272972364
0.0012660943331335,0.0016917570171375,0.0004527777777777,24.51249243146239
0.0011410943331335,0.0021237570171375,0.0004527777777777,18.269152548985286
0.0013080943331335,0.0015687570171375,0.0004537777777777,24.103795525110943
0.0017010943331335,0.0018747570171375,0.0004537777777777,19.600778751263483
0.0010720943331335,0.0019637570171375,0.0004537777777777,17.66700678735289
0.0011270943331335,0.0019717570171375,0.0004537777777777,18.08239867858536
0.0016840943331335,0.0021037570171375,0.0004537777777777,18.33079194960387
0.0010750943331335,0.0014527570171375,0.0004547777777777,20.72060065908848
0.0012100943331335,0.0015777570171375,0.0004547777777777,18.08363489608898
0.0012920943331335,0.0016227570171375,0.0004547777777777,24.18026100339312
0.0010740943331335,0.0016597570171375,0.0004547777777777,19.136657653481667
0.0016900943331335,0.0016597570171375,0.0004547777777777,20.93552268572268
0.0012880943331335,0.0017257570171375,0.0004547777777777,19.913067610476578
0.0010200943331335,0.0019217570171375,0.0004547777777777,17.499157687112756
0.0011780943331335,0.0019607570171375,0.0004547777777777,17.580473496744652
0.0011440943331335,0.0020597570171375,0.0004547777777777,17.929704176336134
0.0017190943331335,0.0021187570171375,0.0004547777777777,18.742243526913374
0.0015820943331335,0.0013657570171375,0.0004557777777777,26.46597236304763
0.0018730943331335,0.0014257570171375,0.0004557777777777,23.810894220231255
0.0011030943331335,0.0014537570171375,0.0004557777777777,20.053489530148248
0.0013110943331335,0.0015097570171375,0.0004557777777777,24.78150063640718
0.0012330943331335,0.0015367570171375,0.0004557777777777,20.802094384304358
0.0013540943331335,0.0015897570171375,0.0004557777777777,22.152683926949088
0.0016940943331335,0.0016047570171375,0.0004557777777777,20.829457228486763
0.0009610943331335,0.0016257570171375,0.0004557777777777,22.77300387919788
0.0015890943331335,0.0016407570171375,0.0004557777777777,22.40201945532085
0.0015150943331335,0.0017137570171375,0.0004557777777777,21.67581789671464
0.0014260943331335,0.0018787570171375,0.0004557777777777,18.1792785510572
0.0012100943331335,0.0014337570171375,0.0004567777777777,20.52626195756849
0.0010300943331335,0.0014477570171375,0.0004567777777777,21.737562672924156
0.0017560943331335,0.0014537570171375,0.0004567777777777,17.37483355683748
0.0014880943331335,0.0017447570171375,0.0004567777777777,22.210999019944698
0.0015240943331335,0.0017897570171375,0.0004567777777777,22.30952772978347
0.0011140943331335,0.0018957570171375,0.0004567777777777,17.5995383797182
0.0012980943331335,0.0020157570171375,0.0004567777777777,18.583707497684774
0.0013660943331335,0.0020237570171375,0.0004567777777777,20.154462603966255
0.0014390943331335,0.0020507570171375,0.0004567777777777,18.537095263326993
0.0010380943331335,0.0021237570171375,0.0004567777777777,18.225928287229806
0.0010360943331335,0.0013497570171375,0.0004577777777777,22.5398947698781
0.0010690943331335,0.0013687570171375,0.0004577777777777,24.21415615107599
0.0017350943331335,0.0014527570171375,0.0004577777777777,17.742141173220794
0.0015760943331335,0.0013527570171375,0.0004587777777777,25.75817178934578
0.0012270943331335,0.0014417570171375,0.0004587777777777,20.4955705026726
0.0011590943331335,0.0018147570171375,0.0004587777777777,19.00882156915414
0.0017310943331335,0.0015647570171375,0.0004597777777777,19.653193155353584
0.0011410943331335,0.0016057570171375,0.0004597777777777,19.033310165136328
0.0015080943331335,0.0016227570171375,0.0004597777777777,24.93480931457456
0.0016860943331335,0.0016527570171375,0.0004597777777777,20.96461490462696
0.0016920943331335,0.0016617570171375,0.0004597777777777,20.924823268357915
0.0012190943331335,0.0016857570171375,0.0004597777777777,22.63879696102822
0.0012270943331335,0.0016937570171375,0.0004597777777777,22.695247373258702
0.0011460943331335,0.0017137570171375,0.0004597777777777,19.35712842456464
0.0011800943331335,0.0017777570171375,0.0004597777777777,19.213124940353985
0.0016480943331335,0.0018327570171375,0.0004597777777777,19.479987420139516
0.0016040943331335,0.0019587570171375,0.0004597777777777,19.35629230697542
0.0011400943331335,0.0020317570171375,0.0004597777777777,18.561084718792678
0.0015340943331335,0.0020987570171375,0.0004597777777777,17.52607751151208
0.0012380943331335,0.0014027570171375,0.0004607777777777,19.826216481746968
0.0009700943331335,0.0014517570171375,0.0004607777777777,20.385047673762244
0.0013680943331335,0.0015867570171375,0.0004607777777777,22.33446693271389
0.0012960943331335,0.0016367570171375,0.0004607777777777,24.69647749459974
0.0012810943331335,0.0016917570171375,0.0004607777777777,26.332877181497363
0.0015480943331335,0.0018467570171375,0.0004607777777777,21.24287205345984
0.0012830943331335,0.0019207570171375,0.0004607777777777,18.555118308583904
0.0015210943331335,0.0020517570171375,0.0004607777777777,18.208462858300464
0.0014320943331335,0.0021447570171375,0.0004607777777777,19.572565652645523
0.0011870943331335,0.0014877570171375,0.0004617777777777,20.356979090446455
0.0016480943331335,0.0015927570171375,0.0004617777777777,21.20504202125469
0.0015950943331335,0.0017147570171375,0.0004617777777777,20.873837659979856
0.0011420943331335,0.0017637570171375,0.0004617777777777,18.680415614985986
0.0014880943331335,0.0017867570171375,0.0004617777777777,22.68962493772713
0.0016780943331335,0.0017947570171375,0.0004617777777777,19.814522955829016
0.0012180943331335,0.0019187570171375,0.0004617777777777,18.81302978226252
0.0016450943331335,0.0019577570171375,0.0004617777777777,19.265827068098464
0.0013480943331335,0.0020667570171375,0.0004617777777777,19.7068247720337
0.0015700943331335,0.0014307570171375,0.0004627777777777,24.570584492314225
0.0009960943331335,0.0014947570171375,0.0004627777777777,21.04762675453829
0.0013110943331335,0.0017617570171375,0.0004627777777777,20.27384470482259
0.0011280943331335,0.0018477570171375,0.0004627777777777,18.70744374115958
0.0017010943331335,0.0018747570171375,0.0004627777777777,19.604309009273134
0.0013120943331335,0.0018957570171375,0.0004627777777777,18.319468808204824
0.0011340943331335,0.0019777570171375,0.0004627777777777,18.136295910828668
0.0011970943331335,0.0020887570171375,0.0004627777777777,18.103559394872587
0.0010380943331335,0.0014077570171375,0.0004637777777777,22.582663134208282
0.0009990943331335,0.0014707570171375,0.0004637777777777,21.378420901769637
0.0011060943331335,0.0014967570171375,0.0004637777777777,18.959253131775323
0.0016590943331335,0.0015127570171375,0.0004637777777777,21.1380901921371
0.0012720943331335,0.0016917570171375,0.0004637777777777,24.34637956350175
0.0011210943331335,0.0017257570171375,0.0004637777777777,19.10482857911291
0.0014440943331335,0.0017267570171375,0.0004637777777777,20.666590624168286
0.0014030943331335,0.0019787570171375,0.0004637777777777,22.687860960450735
0.0015900943331335,0.0020207570171375,0.0004637777777777,17.885415363527475
0.0014750943331335,0.0020467570171375,0.0004637777777777,18.06286736397059
0.0014900943331335,0.0021127570171375,0.0004637777777777,17.25890141401407
0.0010380943331335,0.0021217570171375,0.0004637777777777,18.335927188873423
0.0015260943331335,0.0014267570171375,0.0004647777777777,25.389635026422273
0.0011910943331335,0.0017407570171375,0.0004647777777777,18.873082105895502
0.0017420943331335,0.0018327570171375,0.0004647777777777,20.133264601764115
0.0014820943331335,0.0019417570171375,0.0004647777777777,19.264195755772175
0.0016280943331335,0.0019557570171375,0.0004647777777777,19.29518681036275
0.0014940943331335,0.0019697570171375,0.0004647777777777,19.511107327782458
0.0010880943331335,0.0019947570171375,0.0004647777777777,18.413128019445193
0.0016860943331335,0.0017397570171375,0.0004657777777777,22.467697541046963
0.0014830943331335,0.0017657570171375,0.0004657777777777,22.480658798156426
0.0014720943331335,0.0017997570171375,0.0004657777777777,22.87617498622259
0.0010000943331335,0.0018267570171375,0.0004657777777777,19.517489694365576
0.0009670943331335,0.0021127570171375,0.0004657777777777,20.090843281651548
0.0013140943331335,0.0013447570171375,0.0004667777777777,16.413988705564176
0.0014410943331335,0.0013577570171375,0.0004667777777777,22.69665992466345
0.0016460943331335,0.0014607570171375,0.0004667777777777,23.305035802671732
0.0010920943331335,0.0016207570171375,0.0004667777777777,18.863344838111598
0.0013150943331335,0.0017587570171375,0.0004667777777777,20.203697441130753
0.0013560943331335,0.0017787570171375,0.0004667777777777,19.271948795830923
0.0009780943331335,0.0018137570171375,0.0004667777777777,19.790225769673533
0.0009910943331335,0.0018667570171375,0.0004667777777777,17.68034671882188
0.0013730943331335,0.0015907570171375,0.0004677777777777,22.440137929663553
0.0015440943331335,0.0016167570171375,0.0004677777777777,23.437475450857608
0.0016960943331335,0.0019497570171375,0.0004677777777777,18.494346947599045
0.0016190943331335,0.0020117570171375,0.0004677777777777,18.189782562415242
0.0017500943331335,0.0013557570171375,0.0004687777777777,14.611174166978126
0.0013790943331335,0.0016677570171375,0.0004687777777777,21.40217791399672
0.0013840943331335,0.0015817570171375,0.0004697777777777,22.45320576577288
0.0016680943331335,0.0016297570171375,0.0004697777777777,21.04331423538645
0.0010020943331335,0.0017887570171375,0.0004697777777777,19.24881549268447
0.0016890943331335,0.0018247570171375,0.0004697777777777,19.789074019386916
0.0009920943331335,0.0018277570171375,0.0004697777777777,19.52638553837569
0.0013700943331335,0.0019187570171375,0.0004697777777777,18.635398784772672
0.0010990943331335,0.0020497570171375,0.0004697777777777,19.223711071559176
0.0015920943331335,0.0020827570171375,0.0004697777777777,17.35139494379825
0.0013540943331335,0.0014117570171375,0.0004707777777777,21.442103384198933
0.0013490943331335,0.0015177570171375,0.0004707777777777,26.073881597389768
0.0010950943331335,0.0016257570171375,0.0004707777777777,19.15968114955914
0.0014950943331335,0.0016597570171375,0.0004707777777777,21.82764802967768
0.0016890943331335,0.0018137570171375,0.0004707777777777,19.85543143158792
0.0016390943331335,0.0019117570171375,0.0004707777777777,19.63100038525583
0.0015550943331335,0.0014317570171375,0.0004717777777777,24.66775601804332
0.0016060943331335,0.0015697570171375,0.0004717777777777,23.227734304989646
0.0016970943331335,0.0016817570171375,0.0004717777777777,20.896090496147405
0.0016930943331335,0.0016877570171375,0.0004717777777777,20.859701342648442
0.0012870943331335,0.0017217570171375,0.0004717777777777,19.978572578874502
0.0012370943331335,0.0019357570171375,0.0004717777777777,18.86428673142816
0.0009660943331335,0.0019637570171375,0.0004717777777777,16.4814955798533
0.0016920943331335,0.0019837570171375,0.0004717777777777,18.949525383663833
0.0017060943331335,0.0020397570171375,0.0004717777777777,18.27868606823017
0.0014840943331335,0.0021447570171375,0.0004717777777777,17.57335419048812
0.0017480943331335,0.0014027570171375,0.0004727777777777,17.24067683778434
0.0014400943331335,0.0015487570171375,0.0004727777777777,26.472977773346194
0.0014280943331335,0.0018847570171375,0.0004727777777777,18.540131280653423
0.0015900943331335,0.0019547570171375,0.0004727777777777,19.40628561791121
0.0014980943331335,0.0019697570171375,0.0004727777777777,19.451250276772186
0.0014700943331335,0.0020107570171375,0.0004727777777777,19.06182517813821
0.0012210943331335,0.0013967570171375,0.0004737777777777,19.90110281241806
0.0014890943331335,0.0014897570171375,0.0004737777777777,30.562061393392675
0.0016550943331335,0.0016707570171375,0.0004737777777777,20.50997573676889
0.0014290943331335,0.0017227570171375,0.0004737777777777,20.480483399130023
0.0013070943331335,0.0018597570171375,0.0004737777777777,18.885734060071243
0.0010510943331335,0.0018867570171375,0.0004737777777777,17.096804425089434
0.0012400943331335,0.0019897570171375,0.0004737777777777,18.3657212628345
0.0014860943331335,0.0014737570171375,0.0004747777777777,30.89724090446925
0.0014840943331335,0.0014797570171375,0.0004747777777777,30.732223525800222
0.0012610943331335,0.0017477570171375,0.0004747777777777,20.052760379813588
0.0013820943331335,0.0017517570171375,0.0004747777777777,19.90677177418457
0.0015360943331335,0.0017737570171375,0.0004747777777777,22.103550275455657
0.0016140943331335,0.0019067570171375,0.0004747777777777,19.670606800664768
0.0011760943331335,0.0019557570171375,0.0004747777777777,17.640668790155157
0.0013530943331335,0.0020487570171375,0.0004747777777777,19.811032073404533
0.0011480943331335,0.0021177570171375,0.0004747777777777,18.382654838622905
0.0013220943331335,0.0021327570171375,0.0004747777777777,18.954739141252016
0.0016970943331335,0.0014287570171375,0.0004757777777777,22.827326051799393
0.0016570943331335,0.0015227570171375,0.0004757777777777,21.459563993649034
0.0012240943331335,0.0015337570171375,0.0004757777777777,20.81637528616479
0.0012580943331335,0.0015837570171375,0.0004757777777777,19.876543859820917
0.0011260943331335,0.0017787570171375,0.0004757777777777,18.948789967947487
0.0016190943331335,0.0019867570171375,0.0004757777777777,18.320594153039732
0.0017270943331335,0.0019957570171375,0.0004757777777777,18.76117930104979
0.0013030943331335,0.0020787570171375,0.0004757777777777,17.886829753733934
0.0015240943331335,0.0021387570171375,0.0004757777777777,17.570171617969244
0.0009800943331335,0.0018427570171375,0.0004767777777777,19.371935081633627
0.0013090943331335,0.0019257570171375,0.0004767777777777,19.494719504871448
0.0011010943331335,0.0020487570171375,0.0004767777777777,19.18314468729292
0.0010700943331335,0.0021447570171375,0.0004767777777777,20.8932274454932
0.0009860943331335,0.0013827570171375,0.0004777777777777,21.184531175196685
0.0009940943331335,0.0014647570171375,0.0004777777777777,21.15817186599902
0.0016650943331335,0.0015467570171375,0.0004777777777777,21.92645771558921
0.0016550943331335,0.0015517570171375,0.0004777777777777,22.130199509646836
0.0016220943331335,0.0016037570171375,0.0004777777777777,21.38011770939646
0.0012120943331335,0.0018177570171375,0.0004777777777777,19.160094181189162
0.0014060943331335,0.0018367570171375,0.0004777777777777,18.817839803467052
0.0015360943331335,0.0021327570171375,0.0004777777777777,17.591889046868154
0.0011550943331335,0.0014517570171375,0.0004787777777777,19.872491482860056
0.0010050943331335,0.0015587570171375,0.0004787777777777,19.096919010906824
0.0010120943331335,0.0015687570171375,0.0004787777777777,19.082451953997566
0.0016560943331335,0.0016797570171375,0.0004787777777777,20.808828782653336
0.0012440943331335,0.0017037570171375,0.0004787777777777,23.647476477234886
0.0017280943331335,0.0020567570171375,0.0004787777777777,18.161924927358967
0.0017470943331335,0.0013977570171375,0.0004797777777777,17.033644044677146
0.0013410943331335,0.0015027570171375,0.0004797777777777,25.68857482468689
0.0016570943331335,0.0015947570171375,0.0004797777777777,21.611008130747216
0.0012490943331335,0.0015987570171375,0.0004797777777777,20.07756542630473
0.0016840943331335,0.0016947570171375,0.0004797777777777,20.84741623508391
0.0015320943331335,0.0021267570171375,0.0004797777777777,17.562866508974277
0.0014980943331335,0.0014987570171375,0.0004807777777777,30.42095420628809
0.0015270943331335,0.0016577570171375,0.0004807777777777,21.726291485504113
0.0014290943331335,0.0016897570171375,0.0004807777777777,22.228008660510387
0.0010530943331335,0.0018007570171375,0.0004807777777777,18.771909202672767
0.0014760943331335,0.0018777570171375,0.0004807777777777,20.05860153921238
0.0010070943331335,0.0019167570171375,0.0004807777777777,18.39173384328915
0.0013820943331335,0.0019767570171375,0.0004807777777777,21.958339991664676
0.0011510943331335,0.0019797570171375,0.0004807777777777,18.27176970011585
0.0016560943331335,0.0021247570171375,0.0004807777777777,18.158017908715767
0.0016620943331335,0.0014107570171375,0.0004817777777777,23.13619751284792
0.0013270943331335,0.0014547570171375,0.0004817777777777,24.937425939508735
0.0010320943331335,0.0016777570171375,0.0004817777777777,19.473643951030738
0.0016390943331335,0.0018847570171375,0.0004817777777777,19.38801668298088
0.0012890943331335,0.0019967570171375,0.0004817777777777,19.670792053505004
0.0017480943331335,0.0020957570171375,0.0004817777777777,17.385741174517836
0.0009810943331335,0.0021297570171375,0.0004817777777777,18.875260262601582
0.0016040943331335,0.0016127570171375,0.0004827777777777,21.441670634646208
0.0012670943331335,0.0017897570171375,0.0004827777777777,19.626252664223447
0.0013540943331335,0.0020497570171375,0.0004827777777777,19.78088465888326
0.0015220943331335,0.0021327570171375,0.0004827777777777,17.55681787939192
0.0016780943331335,0.0015727570171375,0.0004837777777777,21.783505447558436
0.0017440943331335,0.0017187570171375,0.0004837777777777,20.14276588033025
0.0012130943331335,0.0018257570171375,0.0004837777777777,19.185100420742284
0.0012480943331335,0.0019427570171375,0.0004837777777777,18.99634971924881
0.0017140943331335,0.0020517570171375,0.0004837777777777,18.24873717859151
0.0013620943331335,0.0021437570171375,0.0004837777777777,20.229573636449242
0.0012140943331335,0.0013967570171375,0.0004847777777777,19.982553773426364
0.0012190943331335,0.0014847570171375,0.0004847777777777,20.662359731695272
0.0016740943331335,0.0015547570171375,0.0004847777777777,21.883028013276935
0.0014320943331335,0.0018767570171375,0.0004847777777777,18.841557567419976
0.0009900943331335,0.0019247570171375,0.0004847777777777,19.019173585203884
0.0009710943331335,0.0019257570171375,0.0004847777777777,19.250166706639046
0.0014210943331335,0.0015127570171375,0.0004857777777777,27.801975799211867
0.0014860943331335,0.0015737570171375,0.0004857777777777,26.74845325586126
0.0011630943331335,0.0015787570171375,0.0004857777777777,19.331468055766152
0.0017540943331335,0.0016987570171375,0.0004857777777777,19.717028128219
0.0013960943331335,0.0017447570171375,0.0004857777777777,20.09916537090027
0.0016860943331335,0.0014387570171375,0.0004867777777777,22.939615607361258
0.0015340943331335,0.0016527570171375,0.0004867777777777,21.70953707029905
0.0017170943331335,0.0016627570171375,0.0004867777777777,20.33970253030267
0.0009990943331335,0.0019227570171375,0.0004867777777777,18.458430242036492
0.0012950943331335,0.0020947570171375,0.0004867777777777,17.864024707918347
0.0009700943331335,0.0021027570171375,0.0004867777777777,20.273957232778393
0.0010440943331335,0.0013937570171375,0.0004877777777777,23.4034556861676
0.0015590943331335,0.0015237570171375,0.0004877777777777,27.29741621317503
0.0011440943331335,0.0015747570171375,0.0004877777777777,20.103619181688956
0.0014340943331335,0.0015767570171375,0.0004877777777777,25.354185390368674
0.0016160943331335,0.0015887570171375,0.0004877777777777,21.416713669316437
0.0013710943331335,0.0016137570171375,0.0004877777777777,22.854334801599386
0.0014350943331335,0.0016257570171375,0.0004877777777777,23.30285689103323
0.0009870943331335,0.0017037570171375,0.0004877777777777,20.782130736000653
0.0016820943331335,0.0018517570171375,0.0004877777777777,19.731130117023515
0.0012620943331335,0.0018867570171375,0.0004877777777777,19.197552918356575
0.0011590943331335,0.0021097570171375,0.0004877777777777,18.415612700822066
0.0013600943331335,0.0013447570171375,0.0004887777777777,18.346503328738386
0.0016430943331335,0.0021137570171375,0.0004887777777777,18.134240183995566
0.0014970943331335,0.0015287570171375,0.0004897777777777,29.583698401364405
0.0015640943331335,0.0015637570171375,0.0004897777777777,25.52115164698657
0.0016100943331335,0.0016827570171375,0.0004897777777777,21.052777588808656
0.0010990943331335,0.0016937570171375,0.0004897777777777,19.43339239688213
0.0015040943331335,0.0018277570171375,0.0004897777777777,22.117678858889843
0.0012900943331335,0.0018357570171375,0.0004897777777777,18.99865612487679
0.0012240943331335,0.0018647570171375,0.0004897777777777,18.910753585456426
0.0015500943331335,0.0019237570171375,0.0004897777777777,20.078407154029826
0.0011950943331335,0.0019827570171375,0.0004897777777777,18.215802486507464
0.0013160943331335,0.0019857570171375,0.0004897777777777,20.120360448516273
0.0012460943331335,0.0014957570171375,0.0004907777777777,20.957139920150112
0.0011380943331335,0.0015427570171375,0.0004907777777777,20.09427649846145
0.0014780943331335,0.0016837570171375,0.0004907777777777,22.007434406341442
0.0010400943331335,0.0018407570171375,0.0004907777777777,19.475364517195757
0.0014160943331335,0.0019057570171375,0.0004907777777777,18.795371739966583
0.0017450943331335,0.0019137570171375,0.0004907777777777,18.283899736481477
0.0013610943331335,0.0020527570171375,0.0004907777777777,19.766819485641477
0.0012950943331335,0.0020947570171375,0.0004907777777777,17.874172185165705
0.0016480943331335,0.0014217570171375,0.0004917777777777,23.26616020404383
0.0017090943331335,0.0014727570171375,0.0004917777777777,22.210838464427137
0.0015670943331335,0.0015147570171375,0.0004917777777777,27.147309975029792
0.0017200943331335,0.0015387570171375,0.0004917777777777,21.328955827699364
0.0011300943331335,0.0016547570171375,0.0004917777777777,20.20739607460249
0.0015570943331335,0.0017497570171375,0.0004917777777777,22.064672638169046
0.0011030943331335,0.0017587570171375,0.0004917777777777,19.343121717696725
0.0010120943331335,0.0018297570171375,0.0004917777777777,19.49006570657825
0.0013170943331335,0.0019307570171375,0.0004917777777777,19.74416202980406
0.0016320943331335,0.0020857570171375,0.0004917777777777,18.11381226396074
0.0014150943331335,0.0019127570171375,0.0004927777777777,18.84016219213761
0.0013950943331335,0.0019217570171375,0.0004927777777777,18.812972846361408
0.0010330943331335,0.0021007570171375,0.0004927777777777,18.764288330012256
0.0013260943331335,0.0013667570171375,0.0004937777777777,17.137840270583414
0.0011780943331335,0.0013897570171375,0.0004937777777777,20.358223835928033
0.0013930943331335,0.0016287570171375,0.0004937777777777,22.89328420934657
0.0012810943331335,0.0017377570171375,0.0004937777777777,20.1235012929049
0.0014260943331335,0.0016247570171375,0.0004947777777777,23.276525542399185
0.0016560943331335,0.0017947570171375,0.0004947777777777,20.012789878124426
0.0017210943331335,0.0019967570171375,0.0004947777777777,18.823554504116576
0.0009980943331335,0.0020917570171375,0.0004947777777777,19.722058359563018
0.0010920943331335,0.0020947570171375,0.0004947777777777,19.00162961021674
0.0016910943331335,0.0013877570171375,0.0004957777777777,22.97123834625211
0.0014090943331335,0.0014417570171375,0.0004957777777777,29.271795976836625
0.0012170943331335,0.0017087570171375,0.0004957777777777,21.562538338857678
0.0013600943331335,0.0020587570171375,0.0004957777777777,19.759993872021518
0.0011960943331335,0.0020707570171375,0.0004957777777777,18.77160434018813
0.0012420943331335,0.0020717570171375,0.0004957777777777,18.27493431215013
0.0012090943331335,0.0015307570171375,0.0004967777777777,20.85990305014172
0.0010530943331335,0.0015907570171375,0.0004967777777777,21.181217062959593
0.0011870943331335,0.0018497570171375,0.0004967777777777,18.972471131223212
0.0017350943331335,0.0018747570171375,0.0004967777777777,18.776822416015
0.0016660943331335,0.0020207570171375,0.0004967777777777,18.02585404723109
0.0016760943331335,0.0020237570171375,0.0004967777777777,18.060077130101025
0.0013440943331335,0.0014407570171375,0.0004977777777777,25.076384928160234
0.0017190943331335,0.0015407570171375,0.0004977777777777,21.4962608939575
0.0010830943331335,0.0017117570171375,0.0004977777777777,19.168722097218087
0.0014970943331335,0.0017137570171375,0.0004977777777777,22.014828800992966
0.0014270943331335,0.0017637570171375,0.0004977777777777,22.02241245345174
0.0015000943331335,0.0018187570171375,0.0004977777777777,22.244739495459083
0.0017570943331335,0.0020367570171375,0.0004977777777777,17.946372447436143
0.0014950943331335,0.0021057570171375,0.0004977777777777,18.268352278636222
0.0010530943331335,0.0013627570171375,0.0004987777777777,25.465557984296865
0.0016670943331335,0.0014907570171375,0.0004987777777777,22.373138547982176
0.0017200943331335,0.0015337570171375,0.0004987777777777,21.508323110749355
0.0012920943331335,0.0015447570171375,0.0004987777777777,20.51773215270689
0.0012340943331335,0.0019057570171375,0.0004987777777777,19.33240050981593
0.0011390943331335,0.0020497570171375,0.0004987777777777,18.974973685598666
0.0015320943331335,0.0020517570171375,0.0004987777777777,19.41079232592014
0.0016800943331335,0.0020667570171375,0.0004987777777777,18.414095060252944
0.0015290943331335,0.0013827570171375,0.0004997777777777,25.078400476838087
0.0010190943331335,0.0016167570171375,0.0004997777777777,19.930530008909646
0.0012050943331335,0.0016487570171375,0.0004997777777777,21.29621066122453
0.0017150943331335,0.0016867570171375,0.0004997777777777,20.891139811301148
0.0016790943331335,0.0017037570171375,0.0004997777777777,20.782637652173953
0.0010160943331335,0.0018367570171375,0.0004997777777777,19.4843910087791
0.0017110943331335,0.0019847570171375,0.0004997777777777,19.08486397666086
0.0016300943331335,0.0013697570171375,0.0005007777777777,22.166538644235388
0.0016650943331335,0.0016387570171375,0.0005007777777777,21.21239813963849
0.0011990943331335,0.0016397570171375,0.0005007777777777,21.263986284363444
0.0015570943331335,0.0016517570171375,0.0005007777777777,21.583566257533114
0.0013960943331335,0.0017027570171375,0.0005007777777777,21.496504233440668
0.0012750943331335,0.0017317570171375,0.0005007777777777,20.14876694761686
0.0013320943331335,0.0017887570171375,0.0005007777777777,19.281416498176004
0.0015460943331335,0.0017917570171375,0.0005007777777777,21.610738096022935
0.0013730943331335,0.0014177570171375,0.0005017777777777,26.26263217230029
0.0017350943331335,0.0019487570171375,0.0005017777777777,18.336022631288948
0.0013580943331335,0.0022097570171375,0.0005017777777777,11.59654815196987
0.0013590943331335,0.0013447570171375,0.0005027777777777,17.289979953502282
0.0014450943331335,0.0013507570171375,0.0005027777777777,23.278797683572144
0.0011260943331335,0.0014437570171375,0.0005027777777777,20.927051546401866
0.0016050943331335,0.0014607570171375,0.0005027777777777,23.96702005408063
0.0013540943331335,0.0014707570171375,0.0005027777777777,24.282962594250353
0.0014910943331335,0.0015637570171375,0.0005027777777777,29.030565188071968
0.0009600943331335,0.0016597570171375,0.0005027777777777,22.495481768194665
0.0012140943331335,0.0017057570171375,0.0005027777777777,21.29594464055796
0.0013180943331335,0.0017747570171375,0.0005027777777777,19.4026445989471
0.0011200943331335,0.0017857570171375,0.0005027777777777,19.448725779530665
0.0012170943331335,0.0018267570171375,0.0005027777777777,19.443530846368134
0.0010480943331335,0.0018347570171375,0.0005027777777777,19.59712134030259
0.0010580943331335,0.0018887570171375,0.0005027777777777,17.699183005462178
0.0013360943331335,0.0019697570171375,0.0005027777777777,20.488336104177318
0.0015580943331335,0.0020737570171375,0.0005027777777777,19.398194527888194
0.0014570943331335,0.0021477570171375,0.0005027777777777,17.627153538020973
0.0013190943331335,0.0013917570171375,0.0005037777777777,21.06065870051223
0.0010380943331335,0.0014937570171375,0.0005037777777777,20.9008688529126
0.0013500943331335,0.0015677570171375,0.0005037777777777,24.281169845099647
0.0011580943331335,0.0016057570171375,0.0005037777777777,20.39630611524261
0.0016320943331335,0.0016317570171375,0.0005037777777777,21.53640009134461
0.0014330943331335,0.0017717570171375,0.0005037777777777,22.034056974059954
0.0009790943331335,0.0018257570171375,0.0005037777777777,19.7077185789789
0.0009770943331335,0.0018307570171375,0.0005037777777777,19.727762978386675
0.0017340943331335,0.0019687570171375,0.0005037777777777,18.231505309750993
0.0010870943331335,0.0015867570171375,0.0005047777777777,19.86865838964861
0.0016090943331335,0.0017957570171375,0.0005047777777777,21.339390996819738
0.0012470943331335,0.0019107570171375,0.0005047777777777,19.370455938335915
0.0010600943331335,0.0020497570171375,0.0005047777777777,20.033102755568112
0.0013720943331335,0.0020527570171375,0.0005047777777777,19.74866697665579
0.0010980943331335,0.0020657570171375,0.0005047777777777,18.994143853822113
0.0014550943331335,0.0015017570171375,0.0005057777777777,30.049715105499757
0.0012900943331335,0.0016267570171375,0.0005057777777777,24.032393215155818
0.0017260943331335,0.0018657570171375,0.0005057777777777,19.03249837239744
0.0011770943331335,0.0019277570171375,0.0005057777777777,19.737119618935612
0.0013490943331335,0.0019717570171375,0.0005057777777777,20.715895654651508
0.0017610943331335,0.0020107570171375,0.0005057777777777,18.497510080977566
0.0014110943331335,0.0020417570171375,0.0005057777777777,19.606656284028038
0.0015950943331335,0.0013487570171375,0.0005067777777777,22.70701564999876
0.0012320943331335,0.0013987570171375,0.0005067777777777,20.794699526441587
0.0014810943331335,0.0016707570171375,0.0005067777777777,22.171740184011313
0.0014430943331335,0.0017637570171375,0.0005067777777777,22.06143472158818
0.0014950943331335,0.0019717570171375,0.0005067777777777,19.314364521513223
0.0017100943331335,0.0020207570171375,0.0005067777777777,18.17712349591587
0.0016720943331335,0.0020217570171375,0.0005067777777777,18.07000150336797
0.0010490943331335,0.0021187570171375,0.0005067777777777,20.776741025267537
0.0011800943331335,0.0014797570171375,0.0005077777777777,21.0568084502542
0.0015060943331335,0.0015827570171375,0.0005077777777777,27.277247722992936
0.0012140943331335,0.0015847570171375,0.0005077777777777,19.16505863754503
0.0014660943331335,0.0017207570171375,0.0005077777777777,21.762882025712486
0.0011430943331335,0.0017467570171375,0.0005077777777777,19.835011679961372
0.0012610943331335,0.0018707570171375,0.0005077777777777,19.207798064413165
0.0015260943331335,0.0019587570171375,0.0005077777777777,19.343098065379497
0.0016420943331335,0.0016417570171375,0.0005087777777777,21.35791618021901
0.0015370943331335,0.0016967570171375,0.0005087777777777,21.76802345389954
0.0015200943331335,0.0017507570171375,0.0005087777777777,22.023369764850457
0.0010850943331335,0.0017867570171375,0.0005087777777777,19.227349445834378
0.0013190943331335,0.0019497570171375,0.0005087777777777,20.259679365656556
0.0013330943331335,0.0020457570171375,0.0005087777777777,19.68441134561102
0.0009680943331335,0.0020757570171375,0.0005087777777777,20.837394416789174
0.0010000943331335,0.0020837570171375,0.0005087777777777,20.09328562015622
0.0014980943331335,0.0021147570171375,0.0005087777777777,18.35523405559779
0.0016380943331335,0.0014167570171375,0.0005097777777777,23.40177011339252
0.0014020943331335,0.0014757570171375,0.0005097777777777,28.349082930840144
0.0010340943331335,0.0015017570171375,0.0005097777777777,20.90736486842642
0.0014940943331335,0.0015737570171375,0.0005097777777777,27.436733853084284
0.0009840943331335,0.0017527570171375,0.0005097777777777,21.86808790248698
0.0014500943331335,0.0018017570171375,0.0005097777777777,21.387295654796333
0.0013160943331335,0.0018257570171375,0.0005097777777777,19.832125231127343
0.0016060943331335,0.0018757570171375,0.0005097777777777,20.257880222094716
0.0010340943331335,0.0021057570171375,0.0005097777777777,20.68098470470101
0.0015390943331335,0.0013477570171375,0.0005107777777777,22.070700360694477
0.0016170943331335,0.0014087570171375,0.0005107777777777,23.265546829349613
0.0009630943331335,0.0014967570171375,0.0005107777777777,21.73166665082782
0.0015640943331335,0.0016447570171375,0.0005107777777777,21.586354140299942
0.0015470943331335,0.0016967570171375,0.0005107777777777,21.7593933462067
0.0010950943331335,0.0020187570171375,0.0005107777777777,18.857923518768516
0.0015350943331335,0.0020557570171375,0.0005107777777777,19.51309927389927
0.0012230943331335,0.0015417570171375,0.0005117777777777,20.884691200029017
0.0014980943331335,0.0017167570171375,0.0005117777777777,21.974795357674022
0.0012570943331335,0.0018607570171375,0.0005117777777777,19.21161734053579
0.0011550943331335,0.0018867570171375,0.0005117777777777,19.147755566091337
0.0011830943331335,0.0014097570171375,0.0005127777777777,20.260620701075716
0.0016470943331335,0.0014877570171375,0.0005127777777777,22.830444134335256
0.0012550943331335,0.0015117570171375,0.0005127777777777,21.063760398765083
0.0010540943331335,0.0015387570171375,0.0005127777777777,20.65324608157614
0.0013070943331335,0.0016967570171375,0.0005127777777777,21.184579522300936
0.0017270943331335,0.0018727570171375,0.0005127777777777,18.846571432337697
0.0015450943331335,0.0019047570171375,0.0005127777777777,20.323458124801157
0.0015120943331335,0.0020077570171375,0.0005127777777777,19.10215367247779
0.0016710943331335,0.0020277570171375,0.0005127777777777,18.10086035857983
0.0015510943331335,0.0020747570171375,0.0005127777777777,19.475296567665534
0.0013090943331335,0.0013907570171375,0.0005137777777777,21.142636624223396
0.0012030943331335,0.0014267570171375,0.0005137777777777,20.212391174619007
0.0015900943331335,0.0014537570171375,0.0005137777777777,23.989984811712862
0.0016640943331335,0.0015927570171375,0.0005137777777777,21.765358815193764
0.0017200943331335,0.0016347570171375,0.0005137777777777,20.973559418177825
0.0014950943331335,0.0016627570171375,0.0005137777777777,22.120908954550114
0.0014520943331335,0.0016657570171375,0.0005137777777777,22.454879845022674
0.0015590943331335,0.0017497570171375,0.0005137777777777,22.04074590693374
0.0016440943331335,0.0018847570171375,0.0005137777777777,19.822195895990987
0.0010870943331335,0.0019707570171375,0.0005137777777777,18.733243758169156
0.0011970943331335,0.0020467570171375,0.0005137777777777,18.93042690147693
0.0016210943331335,0.0020887570171375,0.0005137777777777,17.90589754753076
0.0012870943331335,0.0014597570171375,0.0005147777777777,22.89736128147001
0.0011520943331335,0.0015427570171375,0.0005147777777777,20.011269776063475
0.0014880943331335,0.0016527570171375,0.0005147777777777,22.26116384724878
0.0012620943331335,0.0019257570171375,0.0005147777777777,19.45940708191992
0.0015550943331335,0.0019987570171375,0.0005147777777777,18.481042843174983
0.0014500943331335,0.0013467570171375,0.0005157777777777,23.324071501625628
0.0010050943331335,0.0014457570171375,0.0005157777777777,20.842237819543435
0.0010030943331335,0.0018677570171375,0.0005157777777777,20.363168629975327
0.0011800943331335,0.0014127570171375,0.0005167777777777,20.25955824006703
0.0015400943331335,0.0016957570171375,0.0005167777777777,21.75210338897908
0.0014060943331335,0.0017187570171375,0.0005167777777777,21.460389454702646
0.0013010943331335,0.0017697570171375,0.0005167777777777,19.614290218263086
0.0009680943331335,0.0017757570171375,0.0005167777777777,22.36326514710859
0.0016980943331335,0.0017847570171375,0.0005167777777777,20.444781924329927
0.0015560943331335,0.0019387570171375,0.0005167777777777,19.949008367386256
0.0015920943331335,0.0019617570171375,0.0005167777777777,19.680589330632078
0.0016600943331335,0.0019797570171375,0.0005167777777777,18.837398313269865
0.0016210943331335,0.0020497570171375,0.0005167777777777,19.52325383026482
0.0014280943331335,0.0021157570171375,0.0005167777777777,17.83307399187725
0.0009910943331335,0.0013787570171375,0.0005177777777777,20.22985798992979
0.0014640943331335,0.0017147570171375,0.0005177777777777,21.753644041627435
0.0015630943331335,0.0017467570171375,0.0005177777777777,22.03888850619618
0.0011100943331335,0.0019417570171375,0.0005177777777777,18.489775278952976
0.0016260943331335,0.0020577570171375,0.0005177777777777,19.554057643237403
0.0017000943331335,0.0014267570171375,0.0005187777777777,21.96159405339691
0.0011360943331335,0.0014477570171375,0.0005187777777777,21.026405252582613
0.0012690943331335,0.0015567570171375,0.0005187777777777,20.338900750256116
0.0012490943331335,0.0016717570171375,0.0005187777777777,21.532599835079115
0.0010950943331335,0.0019847570171375,0.0005187777777777,18.791067703508748
0.0016680943331335,0.0013727570171375,0.0005197777777777,21.299094021770603
0.0010600943331335,0.0014047570171375,0.0005197777777777,23.273699107168284
0.0013130943331335,0.0015687570171375,0.0005197777777777,21.267736428518894
0.0013130943331335,0.0016757570171375,0.0005197777777777,21.197481237512015
0.0015030943331335,0.0019947570171375,0.0005197777777777,19.183681983471942
0.0016620943331335,0.0020937570171375,0.0005197777777777,18.544882586008576
0.0015150943331335,0.0021347570171375,0.0005197777777777,18.118177334177254
0.0011600943331335,0.0013757570171375,0.0005207777777777,20.259008442284095
0.0011770943331335,0.0014667570171375,0.0005207777777777,21.159178543019415
0.0013720943331335,0.0016687570171375,0.0005207777777777,22.39677475041447
0.0012610943331335,0.0017137570171375,0.0005207777777777,20.251744497430554
0.0015420943331335,0.0018947570171375,0.0005207777777777,20.41099058829113
0.0012240943331335,0.0019407570171375,0.0005207777777777,19.76399328657811
0.0012790943331335,0.0013757570171375,0.0005217777777777,21.04938255653774
0.0015960943331335,0.0013927570171375,0.0005217777777777,23.066219851037605
0.0014080943331335,0.0015177570171375,0.0005217777777777,28.20684177389803
0.0010650943331335,0.0015537570171375,0.0005217777777777,20.5057553833931
0.0016650943331335,0.0015827570171375,0.0005217777777777,21.835609748065952
0.0010210943331335,0.0016057570171375,0.0005217777777777,20.944559057035917
0.0016710943331335,0.0016447570171375,0.0005217777777777,21.270555825381567
0.0016210943331335,0.0020547570171375,0.0005217777777777,19.566509776908838
0.0009900943331335,0.0014857570171375,0.0005227777777777,21.571352275891545
0.0013560943331335,0.0015347570171375,0.0005227777777777,23.10192121905624
0.0012710943331335,0.0015427570171375,0.0005227777777777,20.390894347396035
0.0012540943331335,0.0015737570171375,0.0005227777777777,20.226569454581586
0.0009580943331335,0.0017917570171375,0.0005227777777777,22.50567127019291
0.0015030943331335,0.0018977570171375,0.0005227777777777,20.009057974724268
0.0016620943331335,0.0019847570171375,0.0005227777777777,18.727825725622697
0.0014690943331335,0.0020367570171375,0.0005227777777777,19.630545149906705
0.0017540943331335,0.0014717570171375,0.0005237777777777,19.7388801323689
0.0016260943331335,0.0015147570171375,0.0005237777777777,23.01059143318676
0.0017580943331335,0.0015687570171375,0.0005237777777777,21.257779502678005
0.0014130943331335,0.0016017570171375,0.0005237777777777,25.023281741071635
0.0009630943331335,0.0017867570171375,0.0005237777777777,22.418095375366228
0.0011730943331335,0.0018107570171375,0.0005237777777777,19.18418528467503
0.0009870943331335,0.0013767570171375,0.0005247777777777,20.240841454126535
0.0017390943331335,0.0014377570171375,0.0005247777777777,18.796477700367443
0.0011180943331335,0.0016067570171375,0.0005247777777777,20.455740154453398
0.0011660943331335,0.0016817570171375,0.0005247777777777,20.69762843523419
0.0016840943331335,0.0017527570171375,0.0005247777777777,20.77046822480437
0.0012610943331335,0.0018067570171375,0.0005247777777777,19.992272933519097
0.0011360943331335,0.0018387570171375,0.0005247777777777,19.226399163641272
0.0017140943331335,0.0014357570171375,0.0005257777777777,21.130517200475126
0.0010640943331335,0.0014857570171375,0.0005257777777777,20.781764334637955
0.0015610943331335,0.0014917570171375,0.0005257777777777,27.027569553487808
0.0011440943331335,0.0015357570171375,0.0005257777777777,20.197442658394177
0.0013920943331335,0.0015437570171375,0.0005257777777777,25.28187027052706
0.0013220943331335,0.0016227570171375,0.0005257777777777,23.603128905106303
0.0013240943331335,0.0014017570171375,0.0005267777777777,21.316423697118136
0.0009970943331335,0.0014327570171375,0.0005267777777777,20.7532532160877
0.0012780943331335,0.0014767570171375,0.0005267777777777,22.554577148228
0.0016690943331335,0.0015997570171375,0.0005267777777777,21.829831033849523
0.0011940943331335,0.0016547570171375,0.0005267777777777,21.641888351370326
0.0015390943331335,0.0016897570171375,0.0005267777777777,21.736072080805588
0.0011310943331335,0.0020957570171375,0.0005267777777777,18.96096624490456
0.0016030943331335,0.0021017570171375,0.0005267777777777,17.724529297101878
0.0012470943331335,0.0021447570171375,0.0005267777777777,15.676308489828667
0.0017120943331335,0.0013987570171375,0.0005277777777777,22.271263331217188
0.0014380943331335,0.0014957570171375,0.0005277777777777,29.366415074781166
0.0014410943331335,0.0015807570171375,0.0005277777777777,26.3364593031056
0.0016850943331335,0.0016387570171375,0.0005277777777777,20.86413128796198
0.0010930943331335,0.0016397570171375,0.0005277777777777,19.87017245570278
0.0010790943331335,0.0016777570171375,0.0005277777777777,20.573942680528035
0.0012480943331335,0.0018017570171375,0.0005277777777777,20.015673582963004
0.0010210943331335,0.0018067570171375,0.0005277777777777,19.803899672562174
0.0013140943331335,0.0018687570171375,0.0005277777777777,19.529942253290557
0.0015140943331335,0.0021467570171375,0.0005277777777777,18.109425652251907
0.0011200943331335,0.0014627570171375,0.0005287777777777,20.939103482559656
0.0009710943331335,0.0015367570171375,0.0005287777777777,20.232313418508443
0.0015370943331335,0.0015737570171375,0.0005287777777777,25.567033363236202
0.0011630943331335,0.0016317570171375,0.0005287777777777,20.86491857329613
0.0013020943331335,0.0017637570171375,0.0005287777777777,19.774956673503635
0.0014620943331335,0.0017957570171375,0.0005287777777777,21.26540704782685
0.0013260943331335,0.0020367570171375,0.0005287777777777,19.69239175025552
0.0015940943331335,0.0014557570171375,0.0005297777777777,24.0102265413255
0.0017020943331335,0.0015257570171375,0.0005297777777777,22.11646781641557
0.0017570943331335,0.0015257570171375,0.0005297777777777,19.698565636021968
0.0009710943331335,0.0016737570171375,0.0005297777777777,23.29765977133546
0.0009990943331335,0.0017057570171375,0.0005297777777777,21.457868297490855
0.0015550943331335,0.0017927570171375,0.0005297777777777,21.474323134569097
0.0013030943331335,0.0018227570171375,0.0005297777777777,19.974880523722504
0.0014430943331335,0.0018767570171375,0.0005297777777777,19.248708019023635
0.0011140943331335,0.0019817570171375,0.0005297777777777,18.726607659041022
0.0015580943331335,0.0019977570171375,0.0005297777777777,18.66378462023674
0.0016780943331335,0.0020057570171375,0.0005297777777777,18.09763537564028
0.0010290943331335,0.0020367570171375,0.0005297777777777,18.718723650136017
0.0013590943331335,0.0014587570171375,0.0005307777777777,26.653373160502035
0.0012830943331335,0.0014677570171375,0.0005307777777777,22.985612368982142
0.0012620943331335,0.0014957570171375,0.0005307777777777,21.316881480822904
0.0015990943331335,0.0015227570171375,0.0005307777777777,23.85652702197591
0.0015380943331335,0.0016647570171375,0.0005307777777777,21.7017427054099
0.0010940943331335,0.0016807570171375,0.0005307777777777,20.244561540253727
0.0017310943331335,0.0017737570171375,0.0005307777777777,20.44974273411296
0.0012840943331335,0.0019317570171375,0.0005307777777777,19.67100239319488
0.0015240943331335,0.0013837570171375,0.0005317777777777,25.56362853211998
0.0014850943331335,0.0014377570171375,0.0005317777777777,31.560721486669916
0.0010670943331335,0.0014837570171375,0.0005317777777777,20.747581147596566
0.0013630943331335,0.0015807570171375,0.0005317777777777,24.502217548582305
0.0012430943331335,0.0016707570171375,0.0005317777777777,21.68909479070259
0.0011600943331335,0.0017187570171375,0.0005317777777777,20.461216232467464
0.0014970943331335,0.0017527570171375,0.0005317777777777,21.6606965083808
0.0011060943331335,0.0018427570171375,0.0005317777777777,19.183074558141385
0.0012550943331335,0.0021077570171375,0.0005317777777777,18.479235711398267
0.0014550943331335,0.0014427570171375,0.0005327777777777,31.102104638638174
0.0011630943331335,0.0014577570171375,0.0005327777777777,21.292172641832366
0.0012180943331335,0.0014617570171375,0.0005327777777777,21.302898224503934
0.0009590943331335,0.0015637570171375,0.0005327777777777,23.607523644686452
0.0012080943331335,0.0015857570171375,0.0005327777777777,19.61813645933689
0.0013370943331335,0.0018357570171375,0.0005327777777777,20.065062500400632
0.0011670943331335,0.0019667570171375,0.0005327777777777,18.33174648228046
0.0013340943331335,0.0021937570171375,0.0005327777777777,11.588862422863814
0.0015410943331335,0.0014407570171375,0.0005337777777777,26.684972872078205
0.0010940943331335,0.0016897570171375,0.0005337777777777,20.350454252098757
0.0015040943331335,0.0019037570171375,0.0005337777777777,19.991000095446363
0.0017120943331335,0.0019837570171375,0.0005337777777777,19.263115566216438
0.0009690943331335,0.0014767570171375,0.0005347777777777,21.988448440822797
0.0013170943331335,0.0015027570171375,0.0005347777777777,21.574537487899825
0.0012760943331335,0.0015767570171375,0.0005347777777777,20.781716325230793
0.0010400943331335,0.0016377570171375,0.0005347777777777,22.16507214488305
0.0011740943331335,0.0016447570171375,0.0005347777777777,21.453161210539157
0.0011070943331335,0.0016657570171375,0.0005347777777777,20.08271383082152
0.0016800943331335,0.0017977570171375,0.0005347777777777,20.569620391444257
0.0014110943331335,0.0018497570171375,0.0005347777777777,20.3032293597267
0.0017480943331335,0.0019177570171375,0.0005347777777777,19.116020611486253
0.0014800943331335,0.0020577570171375,0.0005347777777777,19.077860156472468
0.0014750943331335,0.0020677570171375,0.0005347777777777,19.04040868907618
0.0016990943331335,0.0021067570171375,0.0005347777777777,19.087605801779713
0.0012860943331335,0.0013837570171375,0.0005357777777777,21.17257653434217
0.0011900943331335,0.0014317570171375,0.0005357777777777,20.281364157819482
0.0012380943331335,0.0016467570171375,0.0005357777777777,22.147085431520726
0.0011040943331335,0.0016527570171375,0.0005357777777777,20.01503794152887
0.0014230943331335,0.0016607570171375,0.0005357777777777,22.840966881157964
0.0016460943331335,0.0020947570171375,0.0005357777777777,18.232624922323826
0.0011780943331335,0.0013667570171375,0.0005367777777777,20.41808560107832
0.0010200943331335,0.0016237570171375,0.0005367777777777,22.983890429102413
0.0012040943331335,0.0016577570171375,0.0005367777777777,21.732935190982683
0.0011900943331335,0.0017587570171375,0.0005367777777777,20.058123781087662
0.0011740943331335,0.0018877570171375,0.0005367777777777,19.018121661006436
0.0014680943331335,0.0020387570171375,0.0005367777777777,19.81523260902793
0.0014100943331335,0.0013727570171375,0.0005377777777777,22.887910956230655
0.0015560943331335,0.0015087570171375,0.0005377777777777,27.037675333967332
0.0016980943331335,0.0016047570171375,0.0005377777777777,21.830431696756346
0.0015200943331335,0.0017397570171375,0.0005377777777777,21.648535425715075
0.0012340943331335,0.0017807570171375,0.0005377777777777,20.10050144500822
0.0011270943331335,0.0018807570171375,0.0005377777777777,18.727557414881748
0.0013700943331335,0.0018997570171375,0.0005377777777777,19.573120243809605
0.0013900943331335,0.0019337570171375,0.0005377777777777,19.86948464200847
0.0011770943331335,0.0020027570171375,0.0005377777777777,19.3440284706504
0.0010390943331335,0.0020137570171375,0.0005377777777777,18.681086809511296
0.0012340943331335,0.0014427570171375,0.0005387777777777,21.355143993740203
0.0014010943331335,0.0015927570171375,0.0005387777777777,25.072398286987628
0.0009820943331335,0.0016307570171375,0.0005387777777777,24.654406059904375
0.0010870943331335,0.0016377570171375,0.0005387777777777,19.992432804469406
0.0013100943331335,0.0017617570171375,0.0005387777777777,20.335418111353746
0.0009660943331335,0.0020747570171375,0.0005387777777777,21.732804493857994
0.0016520943331335,0.0014847570171375,0.0005397777777777,23.757106407406617
0.0010540943331335,0.0015457570171375,0.0005397777777777,20.643115272780147
0.0011810943331335,0.0017047570171375,0.0005397777777777,20.52171747076917
0.0015390943331335,0.0014267570171375,0.0005407777777777,26.55570909768972
0.0009660943331335,0.0014727570171375,0.0005407777777777,22.13159168394521
0.0011150943331335,0.0014727570171375,0.0005407777777777,20.90064593382848
0.0010980943331335,0.0015287570171375,0.0005407777777777,20.684638365816145
0.0014660943331335,0.0015527570171375,0.0005407777777777,27.562733172551013
0.0013800943331335,0.0016347570171375,0.0005407777777777,23.774309032045718
0.0013380943331335,0.0019747570171375,0.0005407777777777,20.528675695572776
0.0014340943331335,0.0020837570171375,0.0005407777777777,19.31399582468971
0.0017560943331335,0.0014037570171375,0.0005417777777777,18.714695744076618
0.0012670943331335,0.0014287570171375,0.0005417777777777,21.391975072628433
0.0015970943331335,0.0014677570171375,0.0005417777777777,23.80633874414864
0.0011290943331335,0.0015077570171375,0.0005417777777777,20.14409971533043
0.0009660943331335,0.0017097570171375,0.0005417777777777,21.839612573374986
0.0012260943331335,0.0019787570171375,0.0005417777777777,20.17383903810804
0.0010230943331335,0.0015297570171375,0.0005427777777777,20.70887698562005
0.0010500943331335,0.0015337570171375,0.0005427777777777,20.65362835128001
0.0017470943331335,0.0015917570171375,0.0005427777777777,21.28661799951745
0.0010450943331335,0.0016287570171375,0.0005427777777777,21.29316279362759
0.0012480943331335,0.0020477570171375,0.0005427777777777,20.23769992907933
0.0014410943331335,0.0014057570171375,0.0005437777777777,29.77319770614663
0.0012630943331335,0.0014287570171375,0.0005437777777777,21.39692353752988
0.0017470943331335,0.0014367570171375,0.0005437777777777,18.885519406410708
0.0017550943331335,0.0015267570171375,0.0005437777777777,19.791484852942496
0.0013720943331335,0.0015817570171375,0.0005437777777777,24.602579209662196
0.0015370943331335,0.0015847570171375,0.0005437777777777,25.496331166123493
0.0013190943331335,0.0016207570171375,0.0005437777777777,23.754661566920362
0.0014940943331335,0.0016287570171375,0.0005437777777777,23.83580701622189
0.0014070943331335,0.0016447570171375,0.0005437777777777,23.626075884341326
0.0017080943331335,0.0016727570171375,0.0005437777777777,20.729968136004718
0.0015940943331335,0.0016757570171375,0.0005437777777777,21.586787719335014
0.0011660943331335,0.0017067570171375,0.0005437777777777,20.486163102788126
0.0013270943331335,0.0017597570171375,0.0005437777777777,20.433069349401205
0.0013350943331335,0.0015287570171375,0.0005447777777777,22.558236281536892
0.0011970943331335,0.0015437570171375,0.0005447777777777,20.461577344237586
0.0010860943331335,0.0016257570171375,0.0005447777777777,20.20226013724003
0.0009690943331335,0.0016427570171375,0.0005447777777777,24.693126230760765
0.0010640943331335,0.0017377570171375,0.0005447777777777,20.804822370655756
0.0011840943331335,0.0017597570171375,0.0005447777777777,20.008022707399995
0.0016650943331335,0.0018237570171375,0.0005447777777777,20.527323975614937
0.0015550943331335,0.0018457570171375,0.0005447777777777,21.276699834464797
0.0014430943331335,0.0018817570171375,0.0005447777777777,19.390812260933732
0.0012580943331335,0.0019127570171375,0.0005447777777777,19.72302631408209
0.0011040943331335,0.0020427570171375,0.0005447777777777,18.744990179863006
0.0014780943331335,0.0013497570171375,0.0005457777777777,25.213095524185185
0.0014640943331335,0.0015507570171375,0.0005457777777777,27.037261591577376
0.0017240943331335,0.0015777570171375,0.0005457777777777,21.353574243352995
0.0016680943331335,0.0017657570171375,0.0005457777777777,20.783246177070048
0.0016600943331335,0.0018197570171375,0.0005457777777777,20.54953410346866
0.0015650943331335,0.0019927570171375,0.0005457777777777,18.825206550197553
0.0016890943331335,0.0015597570171375,0.0005467777777777,21.57854195354586
0.0012120943331335,0.0015917570171375,0.0005467777777777,19.84814718594806
0.0010020943331335,0.0017077570171375,0.0005467777777777,21.451999171965657
0.0015330943331335,0.0017147570171375,0.0005467777777777,21.74352456672436
0.0014030943331335,0.0018107570171375,0.0005467777777777,20.476947497503033
0.0011510943331335,0.0020847570171375,0.0005467777777777,18.94356452201402
0.0013350943331335,0.0013527570171375,0.0005477777777777,21.958072541867146
0.0012260943331335,0.0013847570171375,0.0005477777777777,21.549827874828782
0.0014880943331335,0.0014387570171375,0.0005477777777777,30.925551293349464
0.0015340943331335,0.0014397570171375,0.0005477777777777,26.884746770883805
0.0016600943331335,0.0017707570171375,0.0005477777777777,20.791211261997244
0.0014190943331335,0.0019357570171375,0.0005477777777777,19.851446993060833
0.0016360943331335,0.0019407570171375,0.0005477777777777,19.989746336684515
0.0015320943331335,0.0019837570171375,0.0005477777777777,18.985366177003094
0.0010490943331335,0.0020007570171375,0.0005477777777777,18.68105350100949
0.0017180943331335,0.0020697570171375,0.0005477777777777,18.254486473182556
0.0017470943331335,0.0014467570171375,0.0005487777777777,19.10784982308138
0.0010000943331335,0.0016207570171375,0.0005487777777777,23.81085788987686
0.0009740943331335,0.0016577570171375,0.0005487777777777,23.452610793717025
0.0016680943331335,0.0017287570171375,0.0005487777777777,20.756351450375877
0.0009790943331335,0.0018217570171375,0.0005487777777777,21.180432398466564
0.0010550943331335,0.0018987570171375,0.0005487777777777,18.345860568334626
0.0011050943331335,0.0019247570171375,0.0005487777777777,18.397569084717155
0.0010940943331335,0.0020317570171375,0.0005487777777777,18.714625481348293
0.0014900943331335,0.0020997570171375,0.0005487777777777,19.79804597130239
0.0015310943331335,0.0013877570171375,0.0005497777777777,25.595111297214867
0.0009920943331335,0.0018537570171375,0.0005497777777777,20.88990927916649
0.0015930943331335,0.0018667570171375,0.0005497777777777,20.707580631302452
0.0013510943331335,0.0020187570171375,0.0005497777777777,19.9679874481454
0.0012500943331335,0.0014337570171375,0.0005507777777777,21.413792692962897
0.0016080943331335,0.0015057570171375,0.0005507777777777,23.93055209362087
0.0012250943331335,0.0015307570171375,0.0005507777777777,21.087748006680286
0.0011520943331335,0.0015427570171375,0.0005507777777777,20.62389004884622
0.0009620943331335,0.0016507570171375,0.0005507777777777,24.728294836357982
0.0015200943331335,0.0016717570171375,0.0005507777777777,21.815185386884934
0.0014110943331335,0.0018127570171375,0.0005507777777777,20.505020246562466
0.0014890943331335,0.0019427570171375,0.0005507777777777,19.486008974030412
0.0010340943331335,0.0013727570171375,0.0005517777777777,19.72461077057312
0.0010530943331335,0.0015137570171375,0.0005517777777777,20.662915386224572
0.0013470943331335,0.0016707570171375,0.0005517777777777,21.992509674969863
0.0011510943331335,0.0016957570171375,0.0005517777777777,20.44613466360472
0.0014610943331335,0.0020387570171375,0.0005517777777777,19.99215321160744
0.0011680943331335,0.0021497570171375,0.0005517777777777,20.22334993716845
0.0017450943331335,0.0014177570171375,0.0005527777777777,18.905588508349755
0.0014830943331335,0.0014207570171375,0.0005527777777777,30.427288263726076
0.0017480943331335,0.0014257570171375,0.0005527777777777,18.909743669631904
0.0012150943331335,0.0016057570171375,0.0005527777777777,20.261063998447614
0.0012400943331335,0.0016177570171375,0.0005527777777777,20.382416110754825
0.0014930943331335,0.0016277570171375,0.0005527777777777,24.519641059937573
0.0016630943331335,0.0017357570171375,0.0005527777777777,20.760147343847677
0.0012590943331335,0.0017507570171375,0.0005527777777777,20.429513909706415
0.0011190943331335,0.0018087570171375,0.0005527777777777,20.639961336190424
0.0011090943331335,0.0019827570171375,0.0005527777777777,18.999652089896205
0.0017220943331335,0.0019957570171375,0.0005527777777777,19.35484285843221
0.0015530943331335,0.0020567570171375,0.0005527777777777,19.802802709944633
0.0015490943331335,0.0020577570171375,0.0005527777777777,19.807156584831578
0.0015290943331335,0.0021177570171375,0.0005527777777777,18.12216108445181
0.0014650943331335,0.0014087570171375,0.0005537777777777,30.103219998833616
0.0009600943331335,0.0015237570171375,0.0005537777777777,20.751734290796296
0.0010810943331335,0.0016147570171375,0.0005537777777777,20.456358409533653
0.0009660943331335,0.0016547570171375,0.0005537777777777,24.525088968603473
0.0012320943331335,0.0017737570171375,0.0005537777777777,20.24954057083756
0.0016620943331335,0.0017757570171375,0.0005537777777777,20.78296063473527
0.0014230943331335,0.0019307570171375,0.0005537777777777,19.829305654359096
0.0014820943331335,0.0019557570171375,0.0005537777777777,19.468476894643647
0.0010010943331335,0.0021307570171375,0.0005537777777777,23.13212255286674
0.0017300943331335,0.0014067570171375,0.0005547777777777,18.937891522433326
0.0013920943331335,0.0014937570171375,0.0005547777777777,28.111446827543237
0.0016020943331335,0.0017607570171375,0.0005547777777777,20.878814500441294
0.0013440943331335,0.0017697570171375,0.0005547777777777,20.250851806162242
0.0013260943331335,0.0018727570171375,0.0005547777777777,19.8326293171354
0.0014400943331335,0.0019107570171375,0.0005547777777777,19.729054494956124
0.0010570943331335,0.0019427570171375,0.0005547777777777,18.619809732975686
0.0016360943331335,0.0014917570171375,0.0005557777777777,23.841440950187543
0.0014900943331335,0.0016707570171375,0.0005557777777777,22.13097419704632
0.0014730943331335,0.0016777570171375,0.0005557777777777,22.24674091043852
0.0017170943331335,0.0017327570171375,0.0005557777777777,20.62749165722465
0.0010490943331335,0.0019557570171375,0.0005557777777777,18.668236885806294
0.0010290943331335,0.0019677570171375,0.0005557777777777,18.859559524231887
0.0015980943331335,0.0013957570171375,0.0005567777777777,26.650998346024156
0.0016590943331335,0.0014267570171375,0.0005567777777777,23.70885952287501
0.0014960943331335,0.0015557570171375,0.0005567777777777,26.07916372238638
0.0011190943331335,0.0015677570171375,0.0005567777777777,20.326934848145374
0.0010490943331335,0.0017717570171375,0.0005567777777777,19.959265465103677
0.0015950943331335,0.0017777570171375,0.0005567777777777,20.880582444636186
0.0016970943331335,0.0018077570171375,0.0005567777777777,20.745371040332614
0.0014560943331335,0.0018157570171375,0.0005567777777777,21.042807592327726
0.0016680943331335,0.0018887570171375,0.0005567777777777,19.74455548169335
0.0015220943331335,0.0019847570171375,0.0005567777777777,19.020419083665637
0.0009760943331335,0.0020067570171375,0.0005567777777777,21.567601260655543
0.0010300943331335,0.0013637570171375,0.0005577777777777,19.595798983401114
0.0010100943331335,0.0015247570171375,0.0005577777777777,20.800958781967722
0.0012120943331335,0.0015867570171375,0.0005577777777777,20.244159408605753
0.0013130943331335,0.0016087570171375,0.0005577777777777,24.7907167225631
0.0012220943331335,0.0016717570171375,0.0005577777777777,21.56881394022378
0.0012690943331335,0.0016737570171375,0.0005577777777777,21.16847228130142
0.0014810943331335,0.0017307570171375,0.0005577777777777,21.593224788103562
0.0014890943331335,0.0018277570171375,0.0005577777777777,21.06875737860992
0.0015680943331335,0.0020607570171375,0.0005577777777777,19.799844655368393
0.0014970943331335,0.0013487570171375,0.0005587777777777,25.371947376057026
0.0010330943331335,0.0013597570171375,0.0005587777777777,19.470907307870835
0.0017310943331335,0.0013977570171375,0.0005587777777777,18.923979836239393
0.0013060943331335,0.0014647570171375,0.0005587777777777,23.588703651752503
0.0011270943331335,0.0017447570171375,0.0005587777777777,20.67331545530398
0.0012620943331335,0.0018587570171375,0.0005587777777777,19.823698731351747
0.0016690943331335,0.0019117570171375,0.0005587777777777,19.737110872108456
0.0014300943331335,0.0018337570171375,0.0005597777777777,20.822351453620215
0.0015750943331335,0.0019677570171375,0.0005597777777777,19.335611036834525
0.0015630943331335,0.0020057570171375,0.0005597777777777,19.018738694247876
0.0011570943331335,0.0020717570171375,0.0005597777777777,19.070959108542045
0.0010140943331335,0.0014117570171375,0.0005607777777777,20.378962962347995
0.0011990943331335,0.0014617570171375,0.0005607777777777,20.430140963491105
0.0012900943331335,0.0015507570171375,0.0005607777777777,21.712610827921633
0.0012440943331335,0.0015707570171375,0.0005607777777777,22.225985342654614
0.0010840943331335,0.0016037570171375,0.0005607777777777,20.524751557328983
0.0016590943331335,0.0016057570171375,0.0005607777777777,22.60449183866465
0.0017130943331335,0.0016637570171375,0.0005607777777777,20.726939737907188
0.0013100943331335,0.0019677570171375,0.0005607777777777,20.419237857391735
0.0013570943331335,0.0020227570171375,0.0005607777777777,19.94219153023358
0.0014960943331335,0.0020967570171375,0.0005607777777777,19.858473153477846
0.0010810943331335,0.0015807570171375,0.0005617777777777,20.58004513432867
0.0010480943331335,0.0016767570171375,0.0005617777777777,20.53200870131648
0.0016380943331335,0.0016897570171375,0.0005617777777777,21.400450593698714
0.0014450943331335,0.0018087570171375,0.0005617777777777,21.080529075634246
0.0016450943331335,0.0018157570171375,0.0005617777777777,20.64092648733013
0.0010540943331335,0.0018937570171375,0.0005617777777777,18.610832713127976
0.0016830943331335,0.0019467570171375,0.0005617777777777,19.473281715127293
0.0017560943331335,0.0014237570171375,0.0005627777777777,18.956099905944463
0.0010560943331335,0.0014417570171375,0.0005627777777777,21.055827779513088
0.0015380943331335,0.0014567570171375,0.0005627777777777,27.4468526980271
0.0013700943331335,0.0017517570171375,0.0005627777777777,20.692905203818952
0.0012260943331335,0.0017717570171375,0.0005627777777777,20.38079441071997
0.0012030943331335,0.0019617570171375,0.0005627777777777,20.24305515230487
0.0009670943331335,0.0020167570171375,0.0005627777777777,21.6810804199181
0.0016550943331335,0.0022577570171375,0.0005627777777777,24.05469769134353
0.0015090943331335,0.0013527570171375,0.0005637777777777,25.34536406672253
0.0016590943331335,0.0017857570171375,0.0005637777777777,20.75251472982634
0.0011950943331335,0.0019457570171375,0.0005637777777777,20.257218043280126
0.0010810943331335,0.0015877570171375,0.0005647777777777,20.57621304197343
0.0009650943331335,0.0016157570171375,0.0005647777777777,24.973661619770425
0.0016430943331335,0.0016197570171375,0.0005647777777777,22.953497959980048
0.0014030943331335,0.0014097570171375,0.0005657777777777,26.16483889011351
0.0012990943331335,0.0015417570171375,0.0005657777777777,21.76432227611107
0.0015830943331335,0.0018517570171375,0.0005657777777777,21.003878692188618
0.0010690943331335,0.0018547570171375,0.0005657777777777,19.016277263064673
0.0010520943331335,0.0018957570171375,0.0005657777777777,18.714921566245156
0.0011500943331335,0.0019127570171375,0.0005657777777777,20.564190334725552
0.0013440943331335,0.0019177570171375,0.0005657777777777,19.98158478225123
0.0011050943331335,0.0019767570171375,0.0005657777777777,19.125292631892055
0.0012860943331335,0.0019807570171375,0.0005657777777777,20.592959344236288
0.0014190943331335,0.0020017570171375,0.0005657777777777,21.632468243447796
0.0017540943331335,0.0020897570171375,0.0005657777777777,18.215685750028193
0.0016490943331335,0.0014157570171375,0.0005667777777777,23.75847367199933
0.0016330943331335,0.0015417570171375,0.0005667777777777,24.149003412678752
0.0013310943331335,0.0015957570171375,0.0005667777777777,25.50535198685045
0.0015640943331335,0.0016197570171375,0.0005667777777777,25.01999985325383
0.0016620943331335,0.0016607570171375,0.0005667777777777,21.508927593896775
0.0013020943331335,0.0014197570171375,0.0005677777777777,23.013394842773383
0.0013350943331335,0.0014557570171375,0.0005677777777777,24.388715523394392
0.0010460943331335,0.0016787570171375,0.0005677777777777,20.52835328907704
0.0016130943331335,0.0021127570171375,0.0005677777777777,18.106389583260498
0.0009660943331335,0.0021207570171375,0.0005677777777777,25.528501746418634
0.0009770943331335,0.0013797570171375,0.0005687777777777,19.652012695835424
0.0010580943331335,0.0013997570171375,0.0005687777777777,20.8894363653199
0.0013330943331335,0.0019227570171375,0.0005687777777777,20.063714021021628
0.0016250943331335,0.0013497570171375,0.0005697777777777,24.06677315750931
0.0013510943331335,0.0015337570171375,0.0005697777777777,27.126117968024577
0.0017210943331335,0.0018947570171375,0.0005697777777777,19.669938915096452
0.0014120943331335,0.0021037570171375,0.0005697777777777,20.259005538153122
0.0010620943331335,0.0013967570171375,0.0005707777777777,20.88753715738667
0.0010000943331335,0.0014287570171375,0.0005707777777777,20.497205215283294
0.0013430943331335,0.0014507570171375,0.0005707777777777,24.427005417189154
0.0010430943331335,0.0015497570171375,0.0005707777777777,20.76827537914537
0.0013000943331335,0.0016067570171375,0.0005707777777777,24.395759492320767
0.0015370943331335,0.0018067570171375,0.0005707777777777,22.006557988329583
0.0016140943331335,0.0018997570171375,0.0005707777777777,20.853967524186736
0.0017330943331335,0.0019457570171375,0.0005707777777777,19.412972497654398
0.0017300943331335,0.0019967570171375,0.0005707777777777,19.4776111380819
0.0015190943331335,0.0013607570171375,0.0005717777777777,25.293973934483187
0.0016070943331335,0.0014517570171375,0.0005717777777777,24.081645887013575
0.0012660943331335,0.0016667570171375,0.0005717777777777,21.195060858015115
0.0015900943331335,0.0017147570171375,0.0005717777777777,21.93100134294553
0.0010680943331335,0.0020837570171375,0.0005717777777777,20.843792847768448
0.0012030943331335,0.0013877570171375,0.0005727777777777,21.656695070992882
0.0016780943331335,0.0014737570171375,0.0005727777777777,23.938000589021442
0.0016420943331335,0.0014967570171375,0.0005727777777777,23.896882793792713
0.0012640943331335,0.0015727570171375,0.0005727777777777,22.6844353232577
0.0016660943331335,0.0016007570171375,0.0005727777777777,22.818980980279726
0.0011230943331335,0.0017227570171375,0.0005727777777777,20.667355978468887
0.0016800943331335,0.0020597570171375,0.0005727777777777,19.01830620135059
0.0013780943331335,0.0013657570171375,0.0005737777777777,21.91672780240058
0.0010320943331335,0.0014897570171375,0.0005737777777777,20.908161701400605
0.0010920943331335,0.0016087570171375,0.0005737777777777,20.602051671073323
0.0016640943331335,0.0017747570171375,0.0005737777777777,20.764605982698058
0.0013270943331335,0.0020167570171375,0.0005737777777777,20.201234209480265
0.0012080943331335,0.0020877570171375,0.0005737777777777,20.049647182635255
0.0009820943331335,0.0013857570171375,0.0005747777777777,19.664032513030154
0.0014020943331335,0.0014157570171375,0.0005747777777777,26.571463800093692
0.0011330943331335,0.0014427570171375,0.0005747777777777,21.700656263157985
0.0011880943331335,0.0014747570171375,0.0005747777777777,20.49630652307902
0.0015680943331335,0.0015267570171375,0.0005747777777777,26.815855045429437
0.0017460943331335,0.0015527570171375,0.0005747777777777,21.461837618197347
0.0010210943331335,0.0015927570171375,0.0005747777777777,22.097484392488703
0.0014550943331335,0.0017397570171375,0.0005747777777777,21.755678285555085
0.0014990943331335,0.0020557570171375,0.0005747777777777,20.05969038766924
0.0012980943331335,0.0020627570171375,0.0005747777777777,20.51577464340389
0.0010640943331335,0.0014497570171375,0.0005757777777777,21.16009181068809
0.0009910943331335,0.0015527570171375,0.0005757777777777,21.020664802483036
0.0016650943331335,0.0016577570171375,0.0005757777777777,21.51797429575132
0.0014660943331335,0.0017177570171375,0.0005757777777777,21.79303597050063
0.0014430943331335,0.0017957570171375,0.0005757777777777,21.205209954760367
0.0012000943331335,0.0018957570171375,0.0005757777777777,20.25039090826833
0.0016410943331335,0.0016797570171375,0.0005767777777777,21.62231780478038
0.0017390943331335,0.0018677570171375,0.0005767777777777,19.488921542537934
0.0017610943331335,0.0020097570171375,0.0005767777777777,19.63433929010724
0.0011300943331335,0.0014127570171375,0.0005777777777777,21.95953370665486
0.0013720943331335,0.0014337570171375,0.0005777777777777,24.635389372101006
0.0015260943331335,0.0014837570171375,0.0005777777777777,27.759419533749604
0.0010760943331335,0.0016527570171375,0.0005777777777777,20.30684813743415
0.0010570943331335,0.0018387570171375,0.0005777777777777,19.85633993897207
0.0010610943331335,0.0016607570171375,0.0005787777777777,20.47684534434075
0.0015350943331335,0.0017327570171375,0.0005787777777777,22.001752886585347
0.0012880943331335,0.0017547570171375,0.0005787777777777,20.584036663736548
0.0011640943331335,0.0017687570171375,0.0005787777777777,20.902210349956285
0.0013700943331335,0.0017927570171375,0.0005787777777777,20.636275046833727
0.0010060943331335,0.0018007570171375,0.0005787777777777,20.924083061062465
0.0015980943331335,0.0018517570171375,0.0005787777777777,20.92025487571538
0.0012030943331335,0.0018567570171375,0.0005787777777777,20.05993862691756
0.0014400943331335,0.0018797570171375,0.0005787777777777,19.940851494938073
0.0010060943331335,0.0019107570171375,0.0005787777777777,20.406595968548267
0.0014670943331335,0.0020297570171375,0.0005787777777777,20.41797232841821
0.0012010943331335,0.0013517570171375,0.0005797777777777,21.89567736581876
0.0011370943331335,0.0014377570171375,0.0005797777777777,21.756259671430968
0.0017500943331335,0.0014777570171375,0.0005797777777777,19.52207855110838
0.0011170943331335,0.0015587570171375,0.0005797777777777,20.43340241617736
0.0015480943331335,0.0016147570171375,0.0005797777777777,25.062364414440484
0.0015430943331335,0.0016157570171375,0.0005797777777777,25.074524617631265
0.0016450943331335,0.0016787570171375,0.0005797777777777,21.607557037090633
0.0015990943331335,0.0017587570171375,0.0005797777777777,20.951945914414065
0.0014150943331335,0.0021457570171375,0.0005797777777777,18.942092440434145
0.0014140943331335,0.0013477570171375,0.0005807777777777,21.923385039168892
0.0010270943331335,0.0016397570171375,0.0005807777777777,22.520829874880476
0.0015420943331335,0.0017817570171375,0.0005807777777777,22.07035545386168
0.0013910943331335,0.0017867570171375,0.0005807777777777,20.695066917136298
0.0011340943331335,0.0018127570171375,0.0005807777777777,20.893344665904323
0.0012440943331335,0.0019037570171375,0.0005807777777777,20.097628078905394
0.0009690943331335,0.0013677570171375,0.0005817777777777,19.31025117781571
0.0014090943331335,0.0015437570171375,0.0005817777777777,25.666950254766764
0.0016670943331335,0.0016467570171375,0.0005817777777777,21.599057791160604
0.0012680943331335,0.0019377570171375,0.0005817777777777,20.091837955180708
0.0010110943331335,0.0014167570171375,0.0005827777777777,20.54634334171639
0.0010740943331335,0.0014507570171375,0.0005827777777777,21.252214233076245
0.0013010943331335,0.0014737570171375,0.0005827777777777,23.726216177676005
0.0016480943331335,0.0020247570171375,0.0005827777777777,18.87794010745902
0.0009570943331335,0.0020397570171375,0.0005827777777777,22.325445169533186
0.0013070943331335,0.0020777570171375,0.0005827777777777,20.561912792139584
0.0010710943331335,0.0020787570171375,0.0005827777777777,20.899396420812142
0.0014890943331335,0.0014497570171375,0.0005837777777777,29.339070108364567
0.0014810943331335,0.0015637570171375,0.0005837777777777,25.834036914456732
0.0013530943331335,0.0016307570171375,0.0005837777777777,23.359385850418917
0.0016130943331335,0.0018337570171375,0.0005837777777777,20.84671803574251
0.0011940943331335,0.0019287570171375,0.0005837777777777,20.291748381622106
0.0014620943331335,0.0020227570171375,0.0005837777777777,20.489439750383426
0.0011740943331335,0.0020427570171375,0.0005837777777777,19.669173418906233
0.0017030943331335,0.0014827570171375,0.0005847777777777,24.857099819084926
0.0016360943331335,0.0015057570171375,0.0005847777777777,24.02206502199583
0.0015080943331335,0.0019557570171375,0.0005847777777777,19.701702068341092
0.0015220943331335,0.0014687570171375,0.0005857777777777,27.98784165450137
0.0010320943331335,0.0015257570171375,0.0005857777777777,20.852873768005416
0.0010270943331335,0.0017867570171375,0.0005857777777777,20.437099752058135
0.0017550943331335,0.0014157570171375,0.0005867777777777,19.2380475684548
0.0017060943331335,0.0014927570171375,0.0005867777777777,24.287263932619855
0.0012400943331335,0.0019957570171375,0.0005867777777777,20.739137663991002
0.0013030943331335,0.0020477570171375,0.0005867777777777,20.4435875441986
0.0011000943331335,0.0020517570171375,0.0005867777777777,21.231630868211283
0.0015760943331335,0.0021447570171375,0.0005867777777777,17.78713648147603
0.0012120943331335,0.0013547570171375,0.0005877777777777,21.965007658663897
0.0017490943331335,0.0015997570171375,0.0005877777777777,21.93800385760984
0.0015040943331335,0.0016877570171375,0.0005877777777777,21.899462972093737
0.0011650943331335,0.0017577570171375,0.0005877777777777,20.921228569285905
0.0015020943331335,0.0018267570171375,0.0005877777777777,20.922562995551367
0.0017200943331335,0.0019967570171375,0.0005877777777777,19.559995835180008
0.0013610943331335,0.0020677570171375,0.0005877777777777,20.844685468604403
0.0016600943331335,0.0015987570171375,0.0005887777777777,22.950565286354486
0.0015350943331335,0.0017437570171375,0.0005887777777777,22.191187356858002
0.0012860943331335,0.0017627570171375,0.0005887777777777,20.60698735560719
0.0014830943331335,0.0013887570171375,0.0005897777777777,29.92962749970548
0.0013450943331335,0.0013927570171375,0.0005897777777777,23.093449921781957
0.0010750943331335,0.0015337570171375,0.0005897777777777,20.653506311889448
0.0010830943331335,0.0016577570171375,0.0005897777777777,20.379628960213505
0.0014650943331335,0.0017097570171375,0.0005897777777777,21.915958497246248
0.0009860943331335,0.0018357570171375,0.0005897777777777,22.573654368643886
0.0016890943331335,0.0020347570171375,0.0005897777777777,19.37809286392122
0.0012610943331335,0.0013877570171375,0.0005907777777777,21.753228212732733
0.0016970943331335,0.0014607570171375,0.0005907777777777,24.96428251429939
0.0014480943331335,0.0014787570171375,0.0005907777777777,26.90359815346041
0.0014410943331335,0.0014817570171375,0.0005907777777777,26.89328997643002
0.0014270943331335,0.0014987570171375,0.0005907777777777,26.846807377916296
0.0012630943331335,0.0015257570171375,0.0005907777777777,21.371750039050795
0.0009890943331335,0.0015347570171375,0.0005907777777777,21.21426496380039
0.0017220943331335,0.0015647570171375,0.0005907777777777,21.945632573183545
0.0014870943331335,0.0015687570171375,0.0005907777777777,25.75434475717162
0.0012610943331335,0.0016477570171375,0.0005907777777777,21.09892072753097
0.0012170943331335,0.0018157570171375,0.0005907777777777,20.74062011470356
0.0010530943331335,0.0018277570171375,0.0005907777777777,20.087433034549683
0.0013790943331335,0.0018607570171375,0.0005907777777777,21.432470320509022
0.0012180943331335,0.0019807570171375,0.0005907777777777,20.66793757672758
0.0013570943331335,0.0019857570171375,0.0005907777777777,20.150060789125437
0.0011700943331335,0.0016347570171375,0.0005917777777777,20.76377324256516
0.0016090943331335,0.0016657570171375,0.0005917777777777,23.032662774408806
0.0012450943331335,0.0019907570171375,0.0005917777777777,20.719285397538325
0.0016830943331335,0.0020077570171375,0.0005917777777777,19.65249611045783
0.0011750943331335,0.0020377570171375,0.0005917777777777,20.034487745901195
0.0010630943331335,0.0021327570171375,0.0005917777777777,22.847002578640552
0.0012790943331335,0.0015877570171375,0.0005927777777777,23.515375198270668
0.0010970943331335,0.0019527570171375,0.0005927777777777,20.29924774976834
0.0011000943331335,0.0020617570171375,0.0005927777777777,21.247485801298524
0.0015230943331335,0.0014427570171375,0.0005937777777777,28.097764310777173
0.0010290943331335,0.0014557570171375,0.0005937777777777,21.00237980344514
0.0017200943331335,0.0015097570171375,0.0005937777777777,23.879060278502518
0.0010260943331335,0.0015257570171375,0.0005937777777777,20.898830428642782
0.0014980943331335,0.0015327570171375,0.0005937777777777,26.451287695054415
0.0011810943331335,0.0015387570171375,0.0005937777777777,20.520257359867205
0.0011880943331335,0.0015567570171375,0.0005937777777777,20.509527576810953
0.0011230943331335,0.0016307570171375,0.0005937777777777,20.66177903210413
0.0010580943331335,0.0018937570171375,0.0005937777777777,19.18992607619175
0.0011560943331335,0.0018947570171375,0.0005937777777777,20.66803253291534
0.0014190943331335,0.0015947570171375,0.0005947777777777,25.204291994534614
0.0013430943331335,0.0016697570171375,0.0005947777777777,21.85726479262706
0.0016470943331335,0.0016937570171375,0.0005947777777777,21.732909079992343
0.0016530943331335,0.0017167570171375,0.0005947777777777,21.73274863472677
0.0015490943331335,0.0019087570171375,0.0005947777777777,19.628410398494303
0.0016290943331335,0.0020007570171375,0.0005947777777777,19.827912152548468
0.0012720943331335,0.0013967570171375,0.0005957777777777,22.196956614691224
0.0016160943331335,0.0016727570171375,0.0005957777777777,22.27515222719151
0.0014060943331335,0.0016967570171375,0.0005957777777777,22.11025558737804
0.0011320943331335,0.0021127570171375,0.0005957777777777,20.770440517002346
0.0016180943331335,0.0015167570171375,0.0005967777777777,24.507234304595357
0.0013860943331335,0.0015897570171375,0.0005967777777777,24.926053273306017
0.0012810943331335,0.0017867570171375,0.0005967777777777,20.888616098534392
0.0013610943331335,0.0020747570171375,0.0005967777777777,20.813873740694632
0.0017040943331335,0.0014577570171375,0.0005977777777777,24.94415998267723
0.0016490943331335,0.0015077570171375,0.0005977777777777,24.042028232629768
0.0011640943331335,0.0015267570171375,0.0005977777777777,20.539907795065623
0.0017200943331335,0.0015717570171375,0.0005977777777777,22.240636003050483
0.0012160943331335,0.0016717570171375,0.0005977777777777,21.88743541704753
0.0014430943331335,0.0017187570171375,0.0005977777777777,22.050843756221102
0.0016640943331335,0.0017217570171375,0.0005977777777777,21.465223346623407
0.0016180943331335,0.0019127570171375,0.0005977777777777,20.966267038529345
0.0010490943331335,0.0019657570171375,0.0005977777777777,21.045949502975986
0.0016470943331335,0.0020337570171375,0.0005977777777777,18.9950407181432
0.0015810943331335,0.0013547570171375,0.0005987777777777,24.646948807423747
0.0011360943331335,0.0018107570171375,0.0005987777777777,21.02653472807579
0.0014160943331335,0.0018887570171375,0.0005987777777777,20.342954969072
0.0009810943331335,0.0019457570171375,0.0005987777777777,20.786498528834954
0.0013670943331335,0.0020977570171375,0.0005987777777777,20.569449027510252
0.0015090943331335,0.0014557570171375,0.0005997777777777,28.41924220075335
0.0016790943331335,0.0017147570171375,0.0005997777777777,21.187578933181346
0.0010730943331335,0.0020757570171375,0.0005997777777777,21.27173119020629
0.0010980943331335,0.0013557570171375,0.0006007777777777,24.606432302917238
0.0010580943331335,0.0018937570171375,0.0006007777777777,19.274990745548696
0.0013020943331335,0.0020407570171375,0.0006007777777777,20.421140133927594
0.0016600943331335,0.0021477570171375,0.0006007777777777,16.886284800714563
0.0015640943331335,0.0013657570171375,0.0006017777777777,24.85413818696685
0.0010390943331335,0.0015697570171375,0.0006017777777777,20.798174353119403
0.0014890943331335,0.0015837570171375,0.0006017777777777,25.570770400294407
0.0016760943331335,0.0016607570171375,0.0006017777777777,21.6255253723387
0.0017490943331335,0.0017617570171375,0.0006017777777777,20.548889368030363
0.0014450943331335,0.0014257570171375,0.0006027777777777,27.93121427684724
0.0018820943331335,0.0014467570171375,0.0006027777777777,22.962015463093014
0.0014920943331335,0.0015167570171375,0.0006027777777777,26.431546372650644
0.0011080943331335,0.0015437570171375,0.0006027777777777,20.489704558443268
0.0012310943331335,0.0016267570171375,0.0006027777777777,20.93954807850122
0.0015570943331335,0.0016707570171375,0.0006027777777777,22.795671131808604
0.0013200943331335,0.0019447570171375,0.0006027777777777,20.42151935289219
0.0016890943331335,0.0019967570171375,0.0006027777777777,19.66081008084044
0.0012400943331335,0.0020847570171375,0.0006027777777777,20.399357172896664
0.0012320943331335,0.0020887570171375,0.0006027777777777,20.392848013675792
0.0012200943331335,0.0016097570171375,0.0006037777777777,20.902332679744852
0.0012870943331335,0.0016597570171375,0.0006037777777777,21.19981204995797
0.0014480943331335,0.0018737570171375,0.0006037777777777,20.19328260848812
0.0011370943331335,0.0014117570171375,0.0006047777777777,22.01490964397094
0.0014720943331335,0.0014497570171375,0.0006047777777777,28.43269402420759
0.0014300943331335,0.0016517570171375,0.0006047777777777,24.701270927848288
0.0016940943331335,0.0018017570171375,0.0006047777777777,21.361526935936105
0.0012690943331335,0.0019317570171375,0.0006047777777777,20.229834127391744
0.0013190943331335,0.0014107570171375,0.0006057777777777,23.009559959192494
0.0013930943331335,0.0014247570171375,0.0006057777777777,24.26928694458575
0.0011600943331335,0.0015247570171375,0.0006057777777777,20.546801483806764
0.0012140943331335,0.0017647570171375,0.0006057777777777,21.335271581173554
0.0012230943331335,0.0013477570171375,0.0006067777777777,22.111388768074043
0.0017030943331335,0.0014057570171375,0.0006067777777777,23.14819655339194
0.0013500943331335,0.0014207570171375,0.0006067777777777,23.65730826072285
0.0012570943331335,0.0018907570171375,0.0006067777777777,20.296275157508227
0.0014820943331335,0.0014897570171375,0.0006077777777777,27.029934484297897
0.0017140943331335,0.0015587570171375,0.0006077777777777,22.800613433207314
0.0010730943331335,0.0016577570171375,0.0006077777777777,20.537429740761436
0.0009830943331335,0.0018177570171375,0.0006077777777777,21.301715807486246
0.0011690943331335,0.0018807570171375,0.0006077777777777,20.70565488471303
0.0009840943331335,0.0020267570171375,0.0006077777777777,22.380637389830383
0.0014100943331335,0.0013607570171375,0.0006087777777777,23.60179291291225
0.0012010943331335,0.0014477570171375,0.0006087777777777,22.19308440197483
0.0016270943331335,0.0014607570171375,0.0006087777777777,24.866733647368026
0.0013750943331335,0.0015847570171375,0.0006087777777777,24.864612821542313
0.0015460943331335,0.0018047570171375,0.0006087777777777,22.225471103684175
0.0014250943331335,0.0019477570171375,0.0006087777777777,20.37310457449011
0.0015570943331335,0.0019527570171375,0.0006087777777777,20.298912214452333
0.0015690943331335,0.0014167570171375,0.0006097777777777,26.09714358643811
0.0015480943331335,0.0015457570171375,0.0006097777777777,25.95269772351236
0.0011530943331335,0.0015617570171375,0.0006097777777777,20.602473099821154
0.0015320943331335,0.0017447570171375,0.0006097777777777,22.371936435560777
0.0013280943331335,0.0018087570171375,0.0006097777777777,20.978513658035002
0.0017580943331335,0.0019047570171375,0.0006097777777777,20.094051267569437
0.0016700943331335,0.0021317570171375,0.0006097777777777,16.89306102273072
0.0013200943331335,0.0015217570171375,0.0006107777777777,24.11661930310328
0.0011000943331335,0.0015317570171375,0.0006107777777777,20.536431912566062
0.0010420943331335,0.0018227570171375,0.0006107777777777,20.55151906632783
0.0013270943331335,0.0019487570171375,0.0006107777777777,20.32030721335498
0.0013110943331335,0.0014097570171375,0.0006117777777777,22.914516778461074
0.0009990943331335,0.0014457570171375,0.0006117777777777,20.84526852397794
0.0010710943331335,0.0016017570171375,0.0006117777777777,21.00226044709822
0.0009870943331335,0.0016727570171375,0.0006117777777777,21.476563486203542
0.0012240943331335,0.0016947570171375,0.0006117777777777,22.11767942497585
0.0016120943331335,0.0017867570171375,0.0006117777777777,20.955901834289357
0.0013170943331335,0.0018787570171375,0.0006117777777777,20.782962613873885
0.0012480943331335,0.0019177570171375,0.0006117777777777,20.280468704819228
0.0014300943331335,0.0015067570171375,0.0006127777777777,26.325431331793585
0.0014620943331335,0.0017607570171375,0.0006127777777777,21.678697927558222
0.0011770943331335,0.0018477570171375,0.0006127777777777,20.967437645765862
0.0012830943331335,0.0019607570171375,0.0006127777777777,20.255737907270774
0.0017330943331335,0.0015027570171375,0.0006147777777777,23.91031836266882
0.0012320943331335,0.0018037570171375,0.0006147777777777,20.729026974334364
0.0012320943331335,0.0020657570171375,0.0006147777777777,20.39800506928522
0.0010090943331335,0.0013817570171375,0.0006157777777777,21.021924586312128
0.0011050943331335,0.0013887570171375,0.0006157777777777,21.72406959679793
0.0011500943331335,0.0015337570171375,0.0006157777777777,20.610517499544738
0.0014390943331335,0.0015447570171375,0.0006157777777777,25.836616952065555
0.0017400943331335,0.0018917570171375,0.0006157777777777,20.13615231548318
0.0016680943331335,0.0019837570171375,0.0006157777777777,19.724380837953312
0.0016700943331335,0.0016047570171375,0.0006167777777777,23.343978238483437
0.0014920943331335,0.0016157570171375,0.0006167777777777,25.186350094919632
0.0012550943331335,0.0016887570171375,0.0006167777777777,22.128946282792565
0.0015090943331335,0.0018457570171375,0.0006167777777777,20.871898951682837
0.0014540943331335,0.0018777570171375,0.0006167777777777,20.25673337419918
0.0009960943331335,0.0020267570171375,0.0006167777777777,22.386794110964882
0.0013220943331335,0.0013487570171375,0.0006177777777777,22.975284073955066
0.0010180943331335,0.0018227570171375,0.0006177777777777,21.17209509473524
0.0011130943331335,0.0019247570171375,0.0006177777777777,20.29910363808956
0.0012160943331335,0.0019747570171375,0.0006177777777777,20.744111667503272
0.0017380943331335,0.0019937570171375,0.0006177777777777,19.775939598662614
0.0016010943331335,0.0020957570171375,0.0006177777777777,19.021224949990902
0.0015480943331335,0.0015437570171375,0.0006187777777777,26.13416166007849
0.0012390943331335,0.0016997570171375,0.0006187777777777,22.161905412214512
0.0010320943331335,0.0017707570171375,0.0006187777777777,20.621448381319443
0.0012890943331335,0.0018457570171375,0.0006187777777777,20.660644841227946
0.0015500943331335,0.0020107570171375,0.0006187777777777,20.046921913296057
0.0014760943331335,0.0014527570171375,0.0006197777777777,27.992758093505753
0.0012200943331335,0.0016057570171375,0.0006197777777777,21.127913256898324
0.0011020943331335,0.0017347570171375,0.0006197777777777,20.962153165369354
0.0010260943331335,0.0018177570171375,0.0006197777777777,20.99267891338047
0.0010570943331335,0.0018947570171375,0.0006197777777777,19.660596123268803
0.0015320943331335,0.0021097570171375,0.0006197777777777,19.681221216773615
0.0014770943331335,0.0021157570171375,0.0006197777777777,19.779468664290786
0.0010840943331335,0.0014167570171375,0.0006207777777777,21.41599868597638
0.0017060943331335,0.0015497570171375,0.0006207777777777,22.8497026438136
0.0014370943331335,0.0020907570171375,0.0006207777777777,19.973105993652528
0.0014930943331335,0.0016307570171375,0.0006217777777777,24.99067461588855
0.0012470943331335,0.0016627570171375,0.0006217777777777,22.12506669523138
0.0010500943331335,0.0017217570171375,0.0006217777777777,20.901569169370372
0.0012020943331335,0.0019197570171375,0.0006217777777777,20.340887812849545
0.0016110943331335,0.0021217570171375,0.0006217777777777,18.28202609059742
0.0009670943331335,0.0013967570171375,0.0006227777777777,18.017280155427013
0.0012050943331335,0.0014417570171375,0.0006227777777777,22.367928190252897
0.0010920943331335,0.0018607570171375,0.0006227777777777,20.889419974197278
0.0013030943331335,0.0019947570171375,0.0006227777777777,20.94586051243344
0.0011350943331335,0.0020817570171375,0.0006227777777777,20.739517899701468
0.0013820943331335,0.0021237570171375,0.0006227777777777,20.378529029435104
0.0014170943331335,0.0015087570171375,0.0006237777777777,26.334678500808376
0.0009610943331335,0.0015837570171375,0.0006237777777777,23.5572472879348
0.0017600943331335,0.0017707570171375,0.0006237777777777,20.521374529799864
0.0012770943331335,0.0018537570171375,0.0006237777777777,20.72560110882772
0.0016930943331335,0.0018717570171375,0.0006237777777777,20.53250922099646
0.0015460943331335,0.0013807570171375,0.0006247777777777,25.298225531822617
0.0010750943331335,0.0014277570171375,0.0006247777777777,21.396179170258193
0.0009850943331335,0.0016357570171375,0.0006247777777777,21.261732760588465
0.0011100943331335,0.0017887570171375,0.0006247777777777,20.96801142064164
0.0016840943331335,0.0020397570171375,0.0006247777777777,19.352435073225905
0.0011950943331335,0.0021257570171375,0.0006247777777777,20.69652332063269
0.0009960943331335,0.0017867570171375,0.0006257777777777,21.628745211732806
0.0016990943331335,0.0018687570171375,0.0006257777777777,20.52490886834554
0.0015220943331335,0.0019537570171375,0.0006257777777777,20.341358062389386
0.0014650943331335,0.0014537570171375,0.0006267777777777,27.541026989451588
0.0015650943331335,0.0020537570171375,0.0006267777777777,19.77795965156186
0.0014930943331335,0.0020737570171375,0.0006267777777777,20.164460664740446
0.0010840943331335,0.0014377570171375,0.0006277777777777,21.370113289995746
0.0017410943331335,0.0016527570171375,0.0006277777777777,21.788958523752658
0.0016670943331335,0.0016597570171375,0.0006277777777777,21.936919070133595
0.0016620943331335,0.0017907570171375,0.0006277777777777,22.523210022336556
0.0009950943331335,0.0018217570171375,0.0006277777777777,21.47559912996838
0.0014020943331335,0.0014727570171375,0.0006287777777777,26.64696002944702
0.0015390943331335,0.0015837570171375,0.0006287777777777,25.72044912826173
0.0016390943331335,0.0017087570171375,0.0006287777777777,22.278241981808034
0.0009900943331335,0.0019357570171375,0.0006287777777777,20.62512180213562
0.0015150943331335,0.0019787570171375,0.0006287777777777,20.36752623760516
0.0015740943331335,0.0014887570171375,0.0006297777777777,27.333940108575042
0.0013400943331335,0.0016617570171375,0.0006297777777777,21.92999180277598
0.0010620943331335,0.0019917570171375,0.0006297777777777,21.332825392223086
0.0012140943331335,0.0014347570171375,0.0006307777777777,22.548415118612862
0.0015580943331335,0.0014877570171375,0.0006307777777777,27.46754455421522
0.0010850943331335,0.0015137570171375,0.0006307777777777,20.58553391396292
0.0010830943331335,0.0016587570171375,0.0006307777777777,20.804103154526214
0.0017390943331335,0.0018377570171375,0.0006307777777777,20.424709065948267
0.0016510943331335,0.0019827570171375,0.0006307777777777,19.80053198850739
0.0010530943331335,0.0021117570171375,0.0006307777777777,22.950250279007886
0.0010520943331335,0.0013537570171375,0.0006317777777777,19.908871740013016
0.0010610943331335,0.0014367570171375,0.0006317777777777,21.337227107551914
0.0012120943331335,0.0017647570171375,0.0006317777777777,21.768564353142974
0.0017540943331335,0.0013637570171375,0.0006327777777777,22.670446616689958
0.0015490943331335,0.0015127570171375,0.0006327777777777,26.995324220029396
0.0012560943331335,0.0015797570171375,0.0006327777777777,22.310374467791878
0.0011110943331335,0.0016707570171375,0.0006327777777777,20.867612228455354
0.0011220943331335,0.0016867570171375,0.0006327777777777,20.944436552931215
0.0013090943331335,0.0019217570171375,0.0006327777777777,20.948172932472456
0.0010750943331335,0.0019447570171375,0.0006327777777777,20.471838862470683
0.0010740943331335,0.0021377570171375,0.0006327777777777,23.05844346668563
0.0014130943331335,0.0014617570171375,0.0006337777777777,26.74219820168109
0.0014140943331335,0.0018377570171375,0.0006337777777777,21.919418431822336
0.0015320943331335,0.0014637570171375,0.0006347777777777,27.71397390467796
0.0010700943331335,0.0014907570171375,0.0006347777777777,20.673105211625
0.0009720943331335,0.0016857570171375,0.0006347777777777,21.65364830096614
0.0013030943331335,0.0017827570171375,0.0006347777777777,21.09968112447927
0.0011890943331335,0.0019157570171375,0.0006347777777777,20.411148891553047
0.0010080943331335,0.0019297570171375,0.0006347777777777,20.41141163001185
0.0012940943331335,0.0013467570171375,0.0006357777777777,22.921925431524393
0.0010830943331335,0.0015007570171375,0.0006357777777777,20.608577496955387
0.0012280943331335,0.0015127570171375,0.0006357777777777,23.896236017079293
0.0017200943331335,0.0015417570171375,0.0006357777777777,22.8800878857461
0.0017430943331335,0.0018347570171375,0.0006357777777777,20.41887866969257
0.0017340943331335,0.0020007570171375,0.0006357777777777,20.26205286027584
0.0017610943331335,0.0020927570171375,0.0006357777777777,17.289896687765495
0.0011900943331335,0.0021307570171375,0.0006357777777777,20.872484849665327
0.0009960943331335,0.0021347570171375,0.0006357777777777,26.491901642977606
0.0015990943331335,0.0015057570171375,0.0006367777777777,25.164365672442717
0.0013850943331335,0.0015527570171375,0.0006367777777777,24.791784214751022
0.0011000943331335,0.0015577570171375,0.0006367777777777,20.877475120205506
0.0016710943331335,0.0016577570171375,0.0006367777777777,21.92341777122338
0.0014840943331335,0.0017717570171375,0.0006367777777777,22.774547738871167
0.0010120943331335,0.0019247570171375,0.0006367777777777,20.38278432473186
0.0013500943331335,0.0019677570171375,0.0006367777777777,21.00939174117096
0.0014020943331335,0.0020427570171375,0.0006367777777777,20.068195132816175
0.0014150943331335,0.0021397570171375,0.0006367777777777,20.0960565848699
0.0015220943331335,0.0013817570171375,0.0006377777777777,25.44454355207052
0.0013430943331335,0.0014877570171375,0.0006377777777777,25.536873609683024
0.0009810943331335,0.0015067570171375,0.0006377777777777,21.173141703409517
0.0016450943331335,0.0017137570171375,0.0006377777777777,22.371891290410534
0.0011560943331335,0.0019037570171375,0.0006377777777777,20.36892623166196
0.0015140943331335,0.0021207570171375,0.0006377777777777,19.58646979209763
0.0013900943331335,0.0021257570171375,0.0006377777777777,20.25565810656909
0.0012320943331335,0.0014947570171375,0.0006387777777777,23.84162133000095
0.0014230943331335,0.0015327570171375,0.0006387777777777,25.995639196333318
0.0010770943331335,0.0015917570171375,0.0006387777777777,21.067825934531236
0.0011700943331335,0.0018187570171375,0.0006387777777777,21.26300984611682
0.0010400943331335,0.0018497570171375,0.0006387777777777,21.1897042841509
0.0010350943331335,0.0019107570171375,0.0006387777777777,20.147067605931408
0.0015630943331335,0.0020207570171375,0.0006387777777777,19.974239287999936
0.0014930943331335,0.0020847570171375,0.0006387777777777,20.306515443217027
0.0009760943331335,0.0015127570171375,0.0006397777777777,21.24641150532618
0.0013710943331335,0.0015897570171375,0.0006397777777777,24.748314309639778
0.0013940943331335,0.0016147570171375,0.0006397777777777,24.95325081191628
0.0015810943331335,0.0017117570171375,0.0006397777777777,22.571201135628275
0.0016500943331335,0.0017287570171375,0.0006397777777777,22.388548418804717
0.0013980943331335,0.0019307570171375,0.0006397777777777,20.887947447290024
0.0014390943331335,0.0019317570171375,0.0006397777777777,21.16567527167434
0.0016890943331335,0.0019447570171375,0.0006397777777777,20.719303184298784
0.0010680943331335,0.0020677570171375,0.0006397777777777,21.845339846224
0.0017040943331335,0.0014627570171375,0.0006407777777777,25.09128169141801
0.0011650943331335,0.0016067570171375,0.0006407777777777,21.05861679251682
0.0010790943331335,0.0016517570171375,0.0006407777777777,20.8809430001275
0.0015960943331335,0.0017177570171375,0.0006407777777777,22.472636467972112
0.0012610943331335,0.0018747570171375,0.0006407777777777,20.729327742886248
0.0013180943331335,0.0014607570171375,0.0006417777777777,24.409137101002116
0.0009620943331335,0.0015247570171375,0.0006417777777777,21.45531768665335
0.0011070943331335,0.0015617570171375,0.0006417777777777,20.869928298118975
0.0010120943331335,0.0017417570171375,0.0006417777777777,20.910756763690834
0.0011700943331335,0.0018777570171375,0.0006417777777777,20.530979778459624
0.0011470943331335,0.0019827570171375,0.0006417777777777,20.273825122561266
0.0009720943331335,0.0014927570171375,0.0006427777777777,20.93693122188891
0.0009640943331335,0.0020927570171375,0.0006427777777777,26.13950123412992
0.0012830943331335,0.0016047570171375,0.0006437777777777,22.6172225303955
0.0017240943331335,0.0017157570171375,0.0006437777777777,22.239794104889196
0.0009950943331335,0.0017377570171375,0.0006437777777777,21.015104050084503
0.0017520943331335,0.0018157570171375,0.0006437777777777,20.464454925926372
0.0014690943331335,0.0014007570171375,0.0006447777777777,29.142647919513376
0.0013740943331335,0.0016647570171375,0.0006447777777777,23.10283680848215
0.0010630943331335,0.0017237570171375,0.0006447777777777,20.97589960630323
0.0010360943331335,0.0018477570171375,0.0006447777777777,21.273884576317364
0.0014000943331335,0.0019327570171375,0.0006447777777777,20.937515036398764
0.0014700943331335,0.0019377570171375,0.0006447777777777,21.21792735536108
0.0015460943331335,0.0021477570171375,0.0006447777777777,19.445689681453462
0.0014630943331335,0.0015297570171375,0.0006457777777777,25.689929436818275
0.0014230943331335,0.0015377570171375,0.0006457777777777,25.67693970376771
0.0011560943331335,0.0016437570171375,0.0006457777777777,21.13041412668547
0.0010670943331335,0.0018897570171375,0.0006457777777777,20.129775228360103
0.0013090943331335,0.0013637570171375,0.0006467777777777,23.717751619112818
0.0011100943331335,0.0013657570171375,0.0006467777777777,21.29428350194516
0.0014990943331335,0.0018057570171375,0.0006467777777777,22.541210282124787
0.0011180943331335,0.0018997570171375,0.0006467777777777,20.317905252571055
0.0012420943331335,0.0019037570171375,0.0006467777777777,20.619076479655746
0.0014160943331335,0.0019337570171375,0.0006467777777777,21.014850825310774
0.0010180943331335,0.0019627570171375,0.0006467777777777,21.2211390195296
0.0015190943331335,0.0019777570171375,0.0006467777777777,20.415119657216653
0.0015090943331335,0.0020197570171375,0.0006467777777777,20.31345797718154
0.0011450943331335,0.0021057570171375,0.0006467777777777,21.06236825687347
0.0013340943331335,0.0021177570171375,0.0006467777777777,20.206611001269614
0.0011350943331335,0.0017857570171375,0.0006477777777777,21.13081111389627
0.0013270943331335,0.0020587570171375,0.0006477777777777,20.692956045798717
0.0011600943331335,0.0013727570171375,0.0006487777777777,21.862221967270884
0.0011790943331335,0.0015477570171375,0.0006487777777777,21.400466134649367
0.0011190943331335,0.0017307570171375,0.0006487777777777,21.23869546412053
0.0012250943331335,0.0020517570171375,0.0006487777777777,20.54312949801405
0.0009660943331335,0.0013807570171375,0.0006497777777777,17.274043014562174
0.0015500943331335,0.0013817570171375,0.0006497777777777,25.60127110669044
0.0016630943331335,0.0014697570171375,0.0006497777777777,25.59460410282845
0.0014320943331335,0.0015797570171375,0.0006497777777777,25.3675018015862
0.0013210943331335,0.0018897570171375,0.0006497777777777,21.169635072389518
0.0011060943331335,0.0013717570171375,0.0006507777777777,21.265794855277303
0.0010810943331335,0.0013857570171375,0.0006507777777777,21.188871340861517
0.0013440943331335,0.0015047570171375,0.0006507777777777,25.0812372249969
0.0017040943331335,0.0015257570171375,0.0006507777777777,24.061289983679597
0.0014700943331335,0.0015287570171375,0.0006507777777777,25.67465020584171
0.0012200943331335,0.0016187570171375,0.0006507777777777,21.392378994218365
0.0015360943331335,0.0017497570171375,0.0006507777777777,23.124986877544156
0.0015560943331335,0.0013767570171375,0.0006517777777777,25.614730253158655
0.0012640943331335,0.0016437570171375,0.0006517777777777,21.672809720352877
0.0016170943331335,0.0016537570171375,0.0006517777777777,23.530162393892315
0.0010670943331335,0.0018877570171375,0.0006517777777777,20.228944784821778
0.0012120943331335,0.0019167570171375,0.0006517777777777,20.550838713499406
0.0012780943331335,0.0019167570171375,0.0006517777777777,20.873365000564693
0.0013400943331335,0.0019647570171375,0.0006517777777777,20.9851091663757
0.0010420943331335,0.0016837570171375,0.0006527777777777,20.84412866987475
0.0014960943331335,0.0017067570171375,0.0006527777777777,23.394396505917598
0.0010590943331335,0.0017187570171375,0.0006527777777777,20.985632390774846
0.0010690943331335,0.0017207570171375,0.0006527777777777,21.00573035236196
0.0011660943331335,0.0017327570171375,0.0006527777777777,21.473913399216997
0.0017150943331335,0.0017377570171375,0.0006527777777777,22.208624256729998
0.0011570943331335,0.0020327570171375,0.0006527777777777,20.547710629401795
0.0015260943331335,0.0021317570171375,0.0006527777777777,19.500551355213737
0.0016930943331335,0.0014727570171375,0.0006537777777777,25.54390207908251
0.0017290943331335,0.0016787570171375,0.0006537777777777,21.352332978202703
0.0011760943331335,0.0018097570171375,0.0006537777777777,21.38762405908542
0.0017610943331335,0.0013887570171375,0.0006547777777777,22.806572001784737
0.0015660943331335,0.0016367570171375,0.0006547777777777,24.10058190526013
0.0015770943331335,0.0016417570171375,0.0006547777777777,24.07993963989556
0.0012600943331335,0.0016707570171375,0.0006547777777777,21.757122779951526
0.0010580943331335,0.0017737570171375,0.0006547777777777,21.126880452296817
0.0016940943331335,0.0019107570171375,0.0006547777777777,21.34307236019688
0.0012300943331335,0.0020917570171375,0.0006547777777777,20.667347081241374
0.0016800943331335,0.0014077570171375,0.0006557777777777,25.331702229936027
0.0014150943331335,0.0015357570171375,0.0006557777777777,25.615671208658057
0.0013660943331335,0.0015987570171375,0.0006557777777777,24.712531988713145
0.0017130943331335,0.0017627570171375,0.0006557777777777,21.940456739600265
0.0016380943331335,0.0017827570171375,0.0006557777777777,22.870119923067005
0.0010670943331335,0.0018907570171375,0.0006557777777777,20.295905182703528
0.0013360943331335,0.0021227570171375,0.0006557777777777,20.20539016303819
0.0016520943331335,0.0015187570171375,0.0006567777777777,25.003754386123713
0.0015350943331335,0.0016667570171375,0.0006567777777777,23.364817944651893
0.0012880943331335,0.0016907570171375,0.0006567777777777,21.908021316700232
0.0011310943331335,0.0021007570171375,0.0006567777777777,21.234433797938653
0.0013610943331335,0.0014107570171375,0.0006577777777777,23.843175575629182
0.0015450943331335,0.0014657570171375,0.0006577777777777,27.359879113311887
0.0016460943331335,0.0015227570171375,0.0006577777777777,25.030651620519176
0.0013850943331335,0.0019467570171375,0.0006577777777777,21.042688518780846
0.0016100943331335,0.0019637570171375,0.0006577777777777,20.424590045556343
0.0013940943331335,0.0021307570171375,0.0006577777777777,20.228858711535615
0.0011930943331335,0.0013677570171375,0.0006587777777777,22.373067817163196
0.0011540943331335,0.0015337570171375,0.0006587777777777,21.45399047371306
0.0013320943331335,0.0016297570171375,0.0006587777777777,23.289198470517334
0.0014560943331335,0.0016517570171375,0.0006587777777777,24.645484618368215
0.0011620943331335,0.0018567570171375,0.0006587777777777,20.64261971096933
0.0013500943331335,0.0018967570171375,0.0006587777777777,21.209471756998813
0.0013820943331335,0.0019557570171375,0.0006587777777777,21.051460580730264
0.0013640943331335,0.0013447570171375,0.0006597777777777,24.98554522525509
0.0009620943331335,0.0013617570171375,0.0006597777777777,16.171204548990005
0.0015680943331335,0.0014437570171375,0.0006597777777777,27.24348950497202
0.0016680943331335,0.0014687570171375,0.0006597777777777,25.660624272563823
0.0015190943331335,0.0016297570171375,0.0006597777777777,25.447304638006795
0.0014360943331335,0.0020867570171375,0.0006597777777777,20.153799877986014
0.0013570943331335,0.0017397570171375,0.0006607777777777,24.67376435142353
0.0012130943331335,0.0019217570171375,0.0006607777777777,20.653418758259896
0.0017040943331335,0.0020097570171375,0.0006607777777777,21.34779996470397
0.0012440943331335,0.0020617570171375,0.0006607777777777,20.621414591907204
0.0014650943331335,0.0014547570171375,0.0006617777777777,26.960740615271813
0.0015690943331335,0.0016927570171375,0.0006617777777777,22.842275747199665
0.0014110943331335,0.0018407570171375,0.0006617777777777,22.081605358103136
0.0016500943331335,0.0020617570171375,0.0006617777777777,19.277264669910377
0.0015680943331335,0.0014527570171375,0.0006627777777777,27.260808651049043
0.0013090943331335,0.0015297570171375,0.0006627777777777,24.972413740147037
0.0016440943331335,0.0017787570171375,0.0006627777777777,22.935793319988644
0.0011140943331335,0.0019737570171375,0.0006627777777777,20.445460579826175
0.0014710943331335,0.0014127570171375,0.0006637777777777,27.90654540333984
0.0011400943331335,0.0015367570171375,0.0006637777777777,21.472162286231207
0.0017290943331335,0.0017397570171375,0.0006637777777777,22.321109310295707
0.0012280943331335,0.0017757570171375,0.0006637777777777,22.228902843658588
0.0012700943331335,0.0018637570171375,0.0006637777777777,20.888018318947097
0.0012350943331335,0.0020817570171375,0.0006637777777777,20.65620954225527
0.0014260943331335,0.0017617570171375,0.0006647777777777,22.384529596164466
0.0010670943331335,0.0021097570171375,0.0006647777777777,25.891342228148535
0.0011320943331335,0.0018907570171375,0.0006657777777777,20.373521177930215
0.0010800943331335,0.0019287570171375,0.0006657777777777,20.399247995711306
0.0010100943331335,0.0019657570171375,0.0006657777777777,21.51594695496711
0.0017090943331335,0.0017617570171375,0.0006667777777777,22.027830861420945
0.0011880943331335,0.0018007570171375,0.0006667777777777,21.55272221965468
0.0014420943331335,0.0018257570171375,0.0006667777777777,22.506483974432392
0.0013470943331335,0.0018437570171375,0.0006667777777777,21.3452498068578
0.0016070943331335,0.0014117570171375,0.0006677777777777,26.830030577318244
0.0014970943331335,0.0014987570171375,0.0006677777777777,26.311229683888758
0.0009670943331335,0.0015757570171375,0.0006677777777777,22.398021704866125
0.0016380943331335,0.0016147570171375,0.0006677777777777,24.405999522712616
0.0015960943331335,0.0021317570171375,0.0006677777777777,19.42404555611139
0.0014730943331335,0.0014377570171375,0.0006687777777777,27.325723608384386
0.0012130943331335,0.0016187570171375,0.0006687777777777,21.47412434272568
0.0012750943331335,0.0018117570171375,0.0006687777777777,21.603218335106646
0.0010650943331335,0.0018457570171375,0.0006687777777777,22.014601729350773
0.0011350943331335,0.0019447570171375,0.0006687777777777,21.13098242010135
0.0015760943331335,0.0019457570171375,0.0006687777777777,20.576459104235035
0.0009660943331335,0.0014867570171375,0.0006697777777777,20.898721918597882
0.0013540943331335,0.0018807570171375,0.0006697777777777,21.259649720787507
0.0011100943331335,0.0020747570171375,0.0006697777777777,21.464429591533563
0.0015880943331335,0.0014457570171375,0.0006707777777777,27.190919596295217
0.0012090943331335,0.0017857570171375,0.0006707777777777,21.931587528051466
0.0010960943331335,0.0018307570171375,0.0006707777777777,21.49556643925355
0.0016810943331335,0.0019267570171375,0.0006707777777777,21.23257974695414
0.0011830943331335,0.0020107570171375,0.0006707777777777,20.540224075762534
0.0012190943331335,0.0018627570171375,0.0006717777777777,21.487461400607753
0.0016780943331335,0.0019347570171375,0.0006717777777777,21.068775246034942
0.0013670943331335,0.0020607570171375,0.0006717777777777,20.51192354468239
0.0012110943331335,0.0014807570171375,0.0006727777777777,23.581242644620993
0.0015300943331335,0.0016237570171375,0.0006727777777777,25.47196805248304
0.0014480943331335,0.0016587570171375,0.0006727777777777,24.574642543942527
0.0014250943331335,0.0020047570171375,0.0006727777777777,21.332675420711254
0.0012720943331335,0.0015437570171375,0.0006737777777777,24.493346194765426
0.0011860943331335,0.0016327570171375,0.0006737777777777,21.58539944636843
0.0009690943331335,0.0016607570171375,0.0006737777777777,22.09849642381825
0.0011190943331335,0.0019827570171375,0.0006737777777777,20.5030212763831
0.0014560943331335,0.0017237570171375,0.0006747777777777,23.29153065110223
0.0014670943331335,0.0019307570171375,0.0006747777777777,21.706599263503243
0.0014100943331335,0.0016557570171375,0.0006757777777777,23.92432366706059
0.0014940943331335,0.0017167570171375,0.0006757777777777,23.54236133980382
0.0014090943331335,0.0018857570171375,0.0006757777777777,21.5578889116939
0.0013030943331335,0.0021477570171375,0.0006757777777777,20.025501234042117
0.0013880943331335,0.0014157570171375,0.0006767777777777,24.324239246025066
0.0016030943331335,0.0014997570171375,0.0006767777777777,26.24821587247493
0.0010340943331335,0.0015787570171375,0.0006767777777777,21.426287300130674
0.0017320943331335,0.0017187570171375,0.0006767777777777,23.243469001709997
0.0012710943331335,0.0017617570171375,0.0006767777777777,23.02930274853714
0.0012590943331335,0.0017697570171375,0.0006767777777777,22.86583392945798
0.0016530943331335,0.0014647570171375,0.0006777777777777,26.0346428927691
0.0011260943331335,0.0016767570171375,0.0006777777777777,21.224222552372563
0.0017450943331335,0.0019267570171375,0.0006777777777777,22.150923387375624
0.0010160943331335,0.0014457570171375,0.0006787777777777,20.670207750107114
0.0010090943331335,0.0019277570171375,0.0006787777777777,21.173079276653183
0.0011420943331335,0.0019307570171375,0.0006787777777777,21.101688782921688
0.0015740943331335,0.0020277570171375,0.0006787777777777,19.96791940222422
0.0012760943331335,0.0013627570171375,0.0006797777777777,23.31304587509465
0.0014090943331335,0.0014877570171375,0.0006797777777777,25.85245925145537
0.0010240943331335,0.0016717570171375,0.0006797777777777,20.929592021966606
0.0015560943331335,0.0017827570171375,0.0006797777777777,22.903338042192765
0.0014560943331335,0.0018197570171375,0.0006797777777777,22.64483372958569
0.0013780943331335,0.0020737570171375,0.0006797777777777,20.499659009066818
0.0009800943331335,0.0021037570171375,0.0006797777777777,25.8569005757761
0.0011400943331335,0.0021317570171375,0.0006797777777777,22.447441204177476
0.0010280943331335,0.0013677570171375,0.0006807777777777,20.408508795308702
0.0013490943331335,0.0013857570171375,0.0006807777777777,23.780131461292353
0.0015490943331335,0.0014797570171375,0.0006807777777777,27.06368843148839
0.0012120943331335,0.0014827570171375,0.0006807777777777,23.559403383017983
0.0014240943331335,0.0014827570171375,0.0006807777777777,25.963117641623978
0.0015100943331335,0.0017267570171375,0.0006807777777777,23.540525292996247
0.0012630943331335,0.0017497570171375,0.0006807777777777,22.944696519501687
0.0015450943331335,0.0018697570171375,0.0006807777777777,23.13980662829307
0.0015420943331335,0.0019287570171375,0.0006807777777777,21.512808172309576
0.0015970943331335,0.0021217570171375,0.0006807777777777,19.385627383529556
0.0013080943331335,0.0014217570171375,0.0006817777777777,25.678845732428048
0.0011260943331335,0.0018707570171375,0.0006817777777777,21.008690851149094
0.0014050943331335,0.0018757570171375,0.0006817777777777,21.67753375006217
0.0017500943331335,0.0019327570171375,0.0006817777777777,22.239695955745184
0.0015920943331335,0.0013607570171375,0.0006827777777777,26.203121600910322
0.0010240943331335,0.0014357570171375,0.0006827777777777,20.65937100934648
0.0015910943331335,0.0016467570171375,0.0006827777777777,24.04679788298989
0.0010780943331335,0.0016607570171375,0.0006827777777777,21.68353461571619
0.0011540943331335,0.0016627570171375,0.0006827777777777,21.253126766612333
0.0011500943331335,0.0016787570171375,0.0006827777777777,21.268384947876346
0.0013850943331335,0.0019857570171375,0.0006827777777777,21.146951173250713
0.0017440943331335,0.0020057570171375,0.0006827777777777,19.08234246479709
0.0016270943331335,0.0014517570171375,0.0006837777777777,27.13536107861168
0.0014500943331335,0.0014627570171375,0.0006837777777777,26.58658356411674
0.0012260943331335,0.0015047570171375,0.0006837777777777,23.77843487189607
0.0012370943331335,0.0015517570171375,0.0006837777777777,24.23901277350919
0.0011560943331335,0.0016927570171375,0.0006837777777777,21.304493245076024
0.0014590943331335,0.0018847570171375,0.0006837777777777,21.7185921159904
0.0014670943331335,0.0013617570171375,0.0006847777777777,25.973679080781835
0.0013540943331335,0.0016007570171375,0.0006847777777777,24.537368870433873
0.0014490943331335,0.0015157570171375,0.0006857777777777,25.717856713390276
0.0017410943331335,0.0015167570171375,0.0006857777777777,24.628921184478347
0.0016990943331335,0.0016257570171375,0.0006857777777777,24.20135165643966
0.0012580943331335,0.0014587570171375,0.0006867777777777,23.987607887281825
0.0010570943331335,0.0014787570171375,0.0006867777777777,20.797947289067817
0.0010040943331335,0.0014907570171375,0.0006867777777777,20.850454947554002
0.0014370943331335,0.0014967570171375,0.0006867777777777,25.75149502441498
0.0016140943331335,0.0016927570171375,0.0006867777777777,23.598938441086815
0.0014700943331335,0.0017137570171375,0.0006867777777777,23.587635162402417
0.0012640943331335,0.0019497570171375,0.0006867777777777,21.307682730623082
0.0017560943331335,0.0020437570171375,0.0006867777777777,18.05047119089353
0.0011150943331335,0.0015877570171375,0.0006877777777777,21.92927925261849
0.0010700943331335,0.0017397570171375,0.0006877777777777,21.23580756925194
0.0013660943331335,0.0017437570171375,0.0006877777777777,24.531777995168035
0.0011280943331335,0.0017507570171375,0.0006877777777777,21.518009413462433
0.0016550943331335,0.0018237570171375,0.0006877777777777,23.108035064006064
0.0009720943331335,0.0018947570171375,0.0006877777777777,22.26105417467292
0.0009970943331335,0.0021177570171375,0.0006877777777777,25.59497518978494
0.0015820943331335,0.0014817570171375,0.0006887777777777,26.425915584997124
0.0013270943331335,0.0015307570171375,0.0006887777777777,25.143509973324793
0.0013490943331335,0.0016177570171375,0.0006887777777777,24.3776161694515
0.0016810943331335,0.0019507570171375,0.0006887777777777,20.716313064576255
0.0016640943331335,0.0020727570171375,0.0006887777777777,19.30479519662157
0.0011480943331335,0.0020887570171375,0.0006887777777777,20.993815330993215
0.0014700943331335,0.0021197570171375,0.0006887777777777,20.189942474638755
0.0017560943331335,0.0014347570171375,0.0006897777777777,27.25470592170229
0.0014540943331335,0.0014617570171375,0.0006897777777777,26.539420037935418
0.0013370943331335,0.0015307570171375,0.0006897777777777,25.18141664660224
0.0016970943331335,0.0019047570171375,0.0006897777777777,21.946250784888534
0.0015620943331335,0.0014757570171375,0.0006907777777777,26.81962460260467
0.0012180943331335,0.0016207570171375,0.0006907777777777,21.577703860342126
0.0010140943331335,0.0018117570171375,0.0006907777777777,22.63386935830445
0.0011410943331335,0.0014917570171375,0.0006917777777777,22.79619278350752
0.0015590943331335,0.0015217570171375,0.0006917777777777,26.33180791810628
0.0014350943331335,0.0015657570171375,0.0006917777777777,24.835617365753063
0.0015660943331335,0.0017407570171375,0.0006917777777777,23.16649023271731
0.0014570943331335,0.0018117570171375,0.0006917777777777,22.738799129395453
0.0016270943331335,0.0018187570171375,0.0006917777777777,23.076986126560307
0.0015220943331335,0.0018467570171375,0.0006917777777777,23.11153727516386
0.0010000943331335,0.0021167570171375,0.0006917777777777,25.566359910650114
0.0012710943331335,0.0014947570171375,0.0006927777777777,24.320939476055273
0.0015160943331335,0.0015057570171375,0.0006927777777777,26.366682591276916
0.0011470943331335,0.0017747570171375,0.0006927777777777,21.581327960667608
0.0015800943331335,0.0020167570171375,0.0006927777777777,19.973865704783773
0.0011410943331335,0.0013617570171375,0.0006937777777777,21.91006875772215
0.0014120943331335,0.0014397570171375,0.0006937777777777,25.80621527137042
0.0012330943331335,0.0015557570171375,0.0006937777777777,24.004117536889396
0.0013580943331335,0.0019897570171375,0.0006937777777777,21.106625331535085
0.0010010943331335,0.0020107570171375,0.0006937777777777,22.20944557484734
0.0010760943331335,0.0020707570171375,0.0006937777777777,22.0375933463473
0.0010340943331335,0.0021097570171375,0.0006937777777777,24.78016050179529
0.0010380943331335,0.0015367570171375,0.0006947777777777,20.86783174561809
0.0015860943331335,0.0017337570171375,0.0006947777777777,23.307580086820366
0.0010080943331335,0.0017997570171375,0.0006947777777777,22.713354210105663
0.0009990943331335,0.0019077570171375,0.0006947777777777,21.481401768959373
0.0009970943331335,0.0019427570171375,0.0006947777777777,21.60639547474439
0.0016270943331335,0.0021097570171375,0.0006947777777777,19.289487438072985
0.0013820943331335,0.0021417570171375,0.0006947777777777,20.26035033599583
0.0016900943331335,0.0015077570171375,0.0006957777777777,24.958981776181446
0.0010220943331335,0.0017807570171375,0.0006957777777777,22.759159431522704
0.0010710943331335,0.0017937570171375,0.0006957777777777,21.32358183469625
0.0009850943331335,0.0019517570171375,0.0006957777777777,21.654422952017107
0.0013270943331335,0.0020517570171375,0.0006957777777777,20.448076756409556
0.0015270943331335,0.0013527570171375,0.0006967777777777,26.94310215054169
0.0015600943331335,0.0014707570171375,0.0006967777777777,26.776364687413448
0.0013080943331335,0.0015277570171375,0.0006967777777777,24.93873911291341
0.0017140943331335,0.0015447570171375,0.0006967777777777,24.860288537646262
0.0015480943331335,0.0015987570171375,0.0006967777777777,25.681328513772606
0.0010790943331335,0.0016377570171375,0.0006967777777777,21.96930841574038
0.0011410943331335,0.0017757570171375,0.0006967777777777,21.57914471182884
0.0012410943331335,0.0019997570171375,0.0006967777777777,21.1157686631702
0.0010250943331335,0.0020597570171375,0.0006967777777777,23.10956084746602
0.0014030943331335,0.0014287570171375,0.0006977777777777,25.249730354506926
0.0016310943331335,0.0014487570171375,0.0006977777777777,27.17101852441355
0.0014760943331335,0.0016097570171375,0.0006977777777777,25.053608731308053
0.0014690943331335,0.0017797570171375,0.0006977777777777,22.74787755693907
0.0013700943331335,0.0018047570171375,0.0006977777777777,21.697493131583563
0.0014020943331335,0.0020737570171375,0.0006977777777777,20.512033829597886
0.0012620943331335,0.0014937570171375,0.0006987777777777,24.244126665828663
0.0016310943331335,0.0015917570171375,0.0006987777777777,24.202533525884764
0.0016960943331335,0.0016307570171375,0.0006987777777777,24.334014209096708
0.0017570943331335,0.0016897570171375,0.0006987777777777,23.128463355948703
0.0010240943331335,0.0021257570171375,0.0006987777777777,24.746184630279874
0.0009990943331335,0.0013537570171375,0.0006997777777777,20.34764162887963
0.0010110943331335,0.0014597570171375,0.0006997777777777,20.6133380971452
0.0015750943331335,0.0015307570171375,0.0006997777777777,26.271182602717346
0.0012380943331335,0.0017177570171375,0.0006997777777777,22.6785864264017
0.0016440943331335,0.0017687570171375,0.0006997777777777,23.32191678203241
0.0011080943331335,0.0017847570171375,0.0006997777777777,21.55805899101419
0.0013930943331335,0.0013677570171375,0.0007007777777777,25.807126025335915
0.0016010943331335,0.0014117570171375,0.0007007777777777,26.862688093159505
0.0015440943331335,0.0014977570171375,0.0007007777777777,26.827191975917458
0.0016190943331335,0.0015907570171375,0.0007007777777777,24.202564955395218
0.0015230943331335,0.0016897570171375,0.0007007777777777,23.74940541020938
0.0015900943331335,0.0018317570171375,0.0007007777777777,23.024889498215508
0.0010060943331335,0.0019007570171375,0.0007007777777777,21.64811477786712
0.0015790943331335,0.0019117570171375,0.0007007777777777,23.27315008197221
0.0010830943331335,0.0019457570171375,0.0007007777777777,20.720224045023944
0.0012690943331335,0.0020037570171375,0.0007007777777777,21.11481608148397
0.0010690943331335,0.0020687570171375,0.0007007777777777,22.177485449554318
0.0012330943331335,0.0017707570171375,0.0007017777777777,22.661416006520856
0.0016850943331335,0.0018237570171375,0.0007017777777777,23.201825194662668
0.0010550943331335,0.0018257570171375,0.0007017777777777,21.288571255665666
0.0015840943331335,0.0018267570171375,0.0007017777777777,23.028929834139003
0.0015100943331335,0.0018697570171375,0.0007017777777777,23.005443749232064
0.0015140943331335,0.0019977570171375,0.0007017777777777,22.09993434967744
0.0011480943331335,0.0021437570171375,0.0007017777777777,22.866120173619386
0.0012460943331335,0.0016497570171375,0.0007027777777777,22.00877495010148
0.0014390943331335,0.0016807570171375,0.0007027777777777,24.381683324637894
0.0010680943331335,0.0018777570171375,0.0007037777777777,20.850348451716236
0.0013020943331335,0.0019027570171375,0.0007037777777777,21.613067930919993
0.0012000943331335,0.0014667570171375,0.0007047777777777,23.447029887206465
0.0011550943331335,0.0014947570171375,0.0007047777777777,22.99792529600643
0.0015470943331335,0.0015007570171375,0.0007047777777777,26.785575285372524
0.0010780943331335,0.0016657570171375,0.0007047777777777,21.849720584598966
0.0017200943331335,0.0016847570171375,0.0007047777777777,23.790654977738516
0.0015970943331335,0.0017417570171375,0.0007047777777777,23.353156023844576
0.0013930943331335,0.0018167570171375,0.0007047777777777,21.959884350593196
0.0017430943331335,0.0018577570171375,0.0007047777777777,22.680758603623744
0.0013200943331335,0.0014617570171375,0.0007057777777777,24.845439517002525
0.0013480943331335,0.0016337570171375,0.0007057777777777,24.406768639122937
0.0013810943331335,0.0019147570171375,0.0007057777777777,21.811118122668784
0.0010740943331335,0.0020167570171375,0.0007057777777777,21.821889461658557
0.0013300943331335,0.0020907570171375,0.0007057777777777,20.258831760339223
0.0009620943331335,0.0020967570171375,0.0007057777777777,25.740780831383475
0.0013710943331335,0.0013607570171375,0.0007067777777777,25.232000447099672
0.0015210943331335,0.0013757570171375,0.0007067777777777,27.004732991630608
0.0012960943331335,0.0016047570171375,0.0007067777777777,23.998370129655093
0.0014810943331335,0.0016177570171375,0.0007067777777777,25.024032839217018
0.0013070943331335,0.0018097570171375,0.0007067777777777,22.070386265148112
0.0013090943331335,0.0019007570171375,0.0007067777777777,21.640027530387897
0.0009760943331335,0.0019827570171375,0.0007067777777777,21.838006223877443
0.0010660943331335,0.0019857570171375,0.0007067777777777,22.415268481624363
0.0012230943331335,0.0019977570171375,0.0007067777777777,21.14977311028722
0.0011380943331335,0.0014277570171375,0.0007077777777777,22.342293922333962
0.0016800943331335,0.0014987570171375,0.0007077777777777,25.002247409336896
0.0017030943331335,0.0016367570171375,0.0007077777777777,24.393107306258692
0.0017130943331335,0.0016907570171375,0.0007077777777777,23.809792281359034
0.0010280943331335,0.0017657570171375,0.0007077777777777,22.774904628186274
0.0015280943331335,0.0018007570171375,0.0007077777777777,23.032051714562005
0.0013980943331335,0.0018107570171375,0.0007077777777777,21.89051993899922
0.0015990943331335,0.0015077570171375,0.0007087777777777,26.06150450402965
0.0011470943331335,0.0015367570171375,0.0007087777777777,22.770905872658364
0.0012690943331335,0.0018247570171375,0.0007087777777777,22.203301109917714
0.0013540943331335,0.0019027570171375,0.0007087777777777,21.786612977036356
0.0012100943331335,0.0019767570171375,0.0007087777777777,21.15211842942232
0.0010410943331335,0.0021457570171375,0.0007087777777777,24.556502103438735
0.0011880943331335,0.0013697570171375,0.0007097777777777,22.356507088090908
0.0011780943331335,0.0014817570171375,0.0007097777777777,23.31881256576189
0.0013440943331335,0.0015527570171375,0.0007097777777777,25.100983851777098
0.0013410943331335,0.0016337570171375,0.0007097777777777,24.406887850658016
0.0014870943331335,0.0017607570171375,0.0007097777777777,22.81908548369745
0.0012350943331335,0.0017807570171375,0.0007097777777777,22.5785093789182
0.0011360943331335,0.0018897570171375,0.0007097777777777,21.393772824167012
0.0017480943331335,0.0020127570171375,0.0007097777777777,19.21006181560695
0.0014670943331335,0.0014347570171375,0.0007107777777777,26.489987090319662
0.0012050943331335,0.0014587570171375,0.0007107777777777,23.439754886009045
0.0010280943331335,0.0020547570171375,0.0007107777777777,23.05279365738627
0.0012890943331335,0.0015167570171375,0.0007117777777777,24.901774797429038
0.0012540943331335,0.0017087570171375,0.0007117777777777,22.5777027732854
0.0017080943331335,0.0017697570171375,0.0007117777777777,23.40590687915446
0.0016660943331335,0.0017837570171375,0.0007117777777777,23.38855128284532
0.0012550943331335,0.0018217570171375,0.0007117777777777,22.22232452260921
0.0009610943331335,0.0014397570171375,0.0007127777777777,18.390850156916
0.0010250943331335,0.0015137570171375,0.0007127777777777,20.856299844691776
0.0012470943331335,0.0018577570171375,0.0007127777777777,22.09307410002832
0.0011220943331335,0.0019077570171375,0.0007127777777777,21.197263466851908
0.0017080943331335,0.0018437570171375,0.0007137777777777,23.37733573095482
0.0012890943331335,0.0019057570171375,0.0007137777777777,21.56201910118818
0.0012670943331335,0.0013857570171375,0.0007147777777777,23.446546777936405
0.0009670943331335,0.0015817570171375,0.0007147777777777,21.491827407605555
0.0013490943331335,0.0016227570171375,0.0007147777777777,24.424754435140326
0.0017100943331335,0.0016837570171375,0.0007147777777777,23.848397059175152
0.0015920943331335,0.0017377570171375,0.0007147777777777,23.38787931968825
0.0016460943331335,0.0018337570171375,0.0007147777777777,23.30222063178024
0.0012410943331335,0.0013707570171375,0.0007157777777777,23.47558931167373
0.0016600943331335,0.0014327570171375,0.0007157777777777,27.361583120139723
0.0015420943331335,0.0015057570171375,0.0007157777777777,26.703615694111203
0.0009750943331335,0.0016307570171375,0.0007157777777777,22.47782513376058
0.0012460943331335,0.0018127570171375,0.0007157777777777,22.241678362659876
0.0013650943331335,0.0018887570171375,0.0007157777777777,21.805095442558407
0.0015230943331335,0.0019107570171375,0.0007157777777777,22.12640150684665
0.0014990943331335,0.0019607570171375,0.0007157777777777,22.305179986509714
0.0013390943331335,0.0021097570171375,0.0007157777777777,20.040472581844405
0.0014860943331335,0.0016177570171375,0.0007167777777777,24.99933004602685
0.0013930943331335,0.0016927570171375,0.0007167777777777,24.465153367062964
0.0012320943331335,0.0017767570171375,0.0007167777777777,22.558443848332587
0.0016660943331335,0.0020697570171375,0.0007167777777777,19.331946008511427
0.0015520943331335,0.0020927570171375,0.0007167777777777,20.92951983537293
0.0010750943331335,0.0014097570171375,0.0007177777777777,20.816578783145737
0.0010940943331335,0.0016687570171375,0.0007177777777777,21.92788922886904
0.0009820943331335,0.0016937570171375,0.0007177777777777,22.365718807298407
0.0015180943331335,0.0018197570171375,0.0007177777777777,23.103184309933336
0.0014050943331335,0.0019077570171375,0.0007177777777777,21.83680044129938
0.0016900943331335,0.0017907570171375,0.0007187777777777,23.436486209455744
0.0009930943331335,0.0015487570171375,0.0007197777777777,21.16656680208817
0.0012020943331335,0.0016137570171375,0.0007197777777777,21.717553521185145
0.0012740943331335,0.0016587570171375,0.0007197777777777,22.30282698085933
0.0016490943331335,0.0017917570171375,0.0007197777777777,23.38357346581405
0.0010090943331335,0.0019547570171375,0.0007197777777777,22.397413187406723
0.0012720943331335,0.0019567570171375,0.0007197777777777,21.286281063338592
0.0010000943331335,0.0020187570171375,0.0007197777777777,22.79875037704206
0.0013100943331335,0.0020337570171375,0.0007197777777777,20.62919335688938
0.0010560943331335,0.0020487570171375,0.0007197777777777,22.296954874989666
0.0014620943331335,0.0014227570171375,0.0007207777777777,26.493741030846746
0.0013810943331335,0.0014857570171375,0.0007207777777777,25.557269763782987
0.0017080943331335,0.0018197570171375,0.0007207777777777,23.480674807508365
0.0010960943331335,0.0020727570171375,0.0007207777777777,21.98690479783261
0.0009750943331335,0.0015597570171375,0.0007217777777777,21.19582302903514
0.0015790943331335,0.0016377570171375,0.0007217777777777,24.232235623035674
0.0016260943331335,0.0019197570171375,0.0007217777777777,23.909338379530773
0.0016060943331335,0.0019747570171375,0.0007217777777777,23.091862201289697
0.0013130943331335,0.0021257570171375,0.0007217777777777,19.81989111165331
0.0010090943331335,0.0015157570171375,0.0007227777777777,20.855547369918675
0.0016180943331335,0.0015307570171375,0.0007227777777777,25.652217070092327
0.0015530943331335,0.0020907570171375,0.0007227777777777,20.940862792818873
0.0016790943331335,0.0013707570171375,0.0007237777777777,26.058412192898473
0.0011940943331335,0.0014447570171375,0.0007237777777777,23.397018251040965
0.0016440943331335,0.0018007570171375,0.0007237777777777,23.341621478523386
0.0017150943331335,0.0018137570171375,0.0007237777777777,23.48576606228307
0.0014840943331335,0.0019377570171375,0.0007237777777777,22.418667551186974
0.0013690943331335,0.0013637570171375,0.0007247777777777,25.315556141911884
0.0010180943331335,0.0013797570171375,0.0007247777777777,20.572423632871757
0.0012390943331335,0.0019177570171375,0.0007247777777777,21.491839105055927
0.0012490943331335,0.0019197570171375,0.0007247777777777,21.498323590306768
0.0010160943331335,0.0019567570171375,0.0007247777777777,22.406526251333833
0.0017110943331335,0.0020507570171375,0.0007247777777777,19.345939506614037
0.0014640943331335,0.0013547570171375,0.0007257777777777,26.45807153125044
0.0014240943331335,0.0016837570171375,0.0007257777777777,24.443453698919715
0.0011680943331335,0.0016947570171375,0.0007257777777777,21.445102401369446
0.0017210943331335,0.0017637570171375,0.0007257777777777,23.65230345848736
0.0014390943331335,0.0014727570171375,0.0007267777777777,26.254631576646045
0.0011870943331335,0.0018457570171375,0.0007267777777777,21.804943937612816
0.0015580943331335,0.0018727570171375,0.0007267777777777,22.969176592747502
0.0016030943331335,0.0019767570171375,0.0007267777777777,23.086060069895336
0.0016670943331335,0.0020767570171375,0.0007267777777777,19.296915937196644
0.0012770943331335,0.0014737570171375,0.0007277777777777,24.275249468123626
0.0014440943331335,0.0015017570171375,0.0007277777777777,25.51277891254148
0.0015600943331335,0.0015617570171375,0.0007277777777777,26.116317212925754
0.0015740943331335,0.0016437570171375,0.0007277777777777,24.23634698686798
0.0016030943331335,0.0017377570171375,0.0007277777777777,23.472378293062903
0.0012400943331335,0.0021007570171375,0.0007277777777777,20.779963947089666
0.0011010943331335,0.0021207570171375,0.0007277777777777,22.783135573658882
0.0015700943331335,0.0013877570171375,0.0007287777777777,26.91923313416132
0.0017100943331335,0.0014377570171375,0.0007287777777777,27.604554883345628
0.0015230943331335,0.0017677570171375,0.0007287777777777,23.006131938926856
0.0010920943331335,0.0018927570171375,0.0007287777777777,21.17468971262825
0.0017190943331335,0.0021307570171375,0.0007287777777777,19.567622792683277
0.0012530943331335,0.0017637570171375,0.0007297777777777,22.535816565105986
0.0012480943331335,0.0020357570171375,0.0007297777777777,21.130169165727487
0.0016410943331335,0.0014247570171375,0.0007307777777777,27.20275285181656
0.0014360943331335,0.0015647570171375,0.0007307777777777,24.909337031445766
0.0016270943331335,0.0016717570171375,0.0007307777777777,24.006847636788777
0.0015070943331335,0.0017097570171375,0.0007307777777777,23.372674341774886
0.0016900943331335,0.0018837570171375,0.0007307777777777,24.204547898075134
0.0011810943331335,0.0020077570171375,0.0007307777777777,21.327425116204058
0.0010420943331335,0.0021097570171375,0.0007307777777777,24.348995521710673
0.0014450943331335,0.0021487570171375,0.0007307777777777,20.452929932073385
0.0010800943331335,0.0013477570171375,0.0007317777777777,21.521538058130204
0.0009990943331335,0.0013507570171375,0.0007317777777777,20.31353519316475
0.0010700943331335,0.0014097570171375,0.0007317777777777,20.824428834549867
0.0011990943331335,0.0015027570171375,0.0007317777777777,23.730502947613754
0.0013660943331335,0.0015917570171375,0.0007317777777777,24.481331213592043
0.0015340943331335,0.0019357570171375,0.0007317777777777,22.22911443082198
0.0012580943331335,0.0019387570171375,0.0007317777777777,21.320962768914807
0.0012900943331335,0.0020617570171375,0.0007317777777777,20.818342795960397
0.0011980943331335,0.0020667570171375,0.0007317777777777,20.919503402661043
0.0015240943331335,0.0014377570171375,0.0007327777777777,26.796877508998318
0.0014830943331335,0.0015937570171375,0.0007327777777777,24.79267772507343
0.0013600943331335,0.0015987570171375,0.0007327777777777,24.40669420311994
0.0014850943331335,0.0016217570171375,0.0007327777777777,24.65275986728234
0.0015640943331335,0.0013547570171375,0.0007337777777777,26.9963040368495
0.0012040943331335,0.0016147570171375,0.0007337777777777,21.78851701615487
0.0017130943331335,0.0016427570171375,0.0007337777777777,24.61076265395236
0.0011670943331335,0.0019967570171375,0.0007337777777777,21.33327098489415
0.0014190943331335,0.0014007570171375,0.0007347777777777,25.08585373922477
0.0014360943331335,0.0014707570171375,0.0007347777777777,26.150372764723528
0.0011450943331335,0.0016037570171375,0.0007347777777777,22.41354745306546
0.0016570943331335,0.0016057570171375,0.0007347777777777,24.70218669026049
0.0012290943331335,0.0016207570171375,0.0007347777777777,22.05371579942079
0.0016010943331335,0.0016547570171375,0.0007347777777777,24.165922203004538
0.0011730943331335,0.0017427570171375,0.0007347777777777,22.303871311203928
0.0011870943331335,0.0017517570171375,0.0007347777777777,22.310038955644114
0.0009870943331335,0.0017847570171375,0.0007347777777777,22.376180997057364
0.0013710943331335,0.0018757570171375,0.0007347777777777,21.91041324798963
0.0013030943331335,0.0021417570171375,0.0007347777777777,19.70708946883576
0.0009820943331335,0.0015047570171375,0.0007357777777777,20.83586473929848
0.0014420943331335,0.0015277570171375,0.0007357777777777,25.262971345997883
0.0014570943331335,0.0018097570171375,0.0007357777777777,23.20412111714673
0.0010480943331335,0.0018567570171375,0.0007357777777777,21.202649325368117
0.0014710943331335,0.0018797570171375,0.0007357777777777,22.689498299895977
0.0014020943331335,0.0013697570171375,0.0007367777777777,25.751140635698423
0.0010100943331335,0.0017817570171375,0.0007367777777777,22.54942189960635
0.0014770943331335,0.0018857570171375,0.0007367777777777,22.653914942919297
0.0014840943331335,0.0021077570171375,0.0007367777777777,20.798162048054287
0.0014610943331335,0.0014117570171375,0.0007377777777777,26.514057115123187
0.0013790943331335,0.0017557570171375,0.0007377777777777,24.149922392294894
0.0009710943331335,0.0019037570171375,0.0007377777777777,22.545957234477257
0.0014740943331335,0.0019437570171375,0.0007377777777777,22.392705967764027
0.0014360943331335,0.0020197570171375,0.0007377777777777,21.226843181785057
0.0014910943331335,0.0021077570171375,0.0007377777777777,20.801949194888827
0.0012900943331335,0.0021277570171375,0.0007377777777777,19.37520160646929
0.0013560943331335,0.0021407570171375,0.0007377777777777,20.34191294450787
0.0016250943331335,0.0015257570171375,0.0007387777777777,25.48509617777098
0.0013030943331335,0.0016797570171375,0.0007387777777777,22.598434193969624
0.0010140943331335,0.0017117570171375,0.0007387777777777,22.031788856248955
0.0015850943331335,0.0018067570171375,0.0007387777777777,23.522100897112736
0.0010970943331335,0.0018977570171375,0.0007387777777777,21.22924986390206
0.0014760943331335,0.0020657570171375,0.0007387777777777,20.96860658122714
0.0017350943331335,0.0014367570171375,0.0007397777777777,27.74813769734849
0.0015560943331335,0.0015247570171375,0.0007397777777777,26.502298312903314
0.0013010943331335,0.0017577570171375,0.0007397777777777,22.4421170807605
0.0011340943331335,0.0014257570171375,0.0007407777777777,22.345736906909636
0.0013300943331335,0.0014467570171375,0.0007407777777777,25.309950228710683
0.0015650943331335,0.0014807570171375,0.0007407777777777,26.255589980406462
0.0014580943331335,0.0017357570171375,0.0007407777777777,23.370998757441722
0.0010160943331335,0.0017637570171375,0.0007407777777777,22.85090678706021
0.0010010943331335,0.0018677570171375,0.0007407777777777,21.744844857936478
0.0016010943331335,0.0019387570171375,0.0007407777777777,23.254763989927085
0.0016940943331335,0.0021467570171375,0.0007407777777777,19.629777326322433
0.0010650943331335,0.0014597570171375,0.0007417777777777,20.81395348723391
0.0017430943331335,0.0015437570171375,0.0007417777777777,29.458024872370455
0.0016540943331335,0.0017047570171375,0.0007417777777777,23.84930604140273
0.0016580943331335,0.0017077570171375,0.0007417777777777,23.844766841902995
0.0011690943331335,0.0017267570171375,0.0007417777777777,22.298464433377895
0.0016310943331335,0.0018507570171375,0.0007417777777777,23.613360621574014
0.0016720943331335,0.0019967570171375,0.0007417777777777,23.15248915729883
0.0011460943331335,0.0019997570171375,0.0007417777777777,21.392194793239206
0.0015550943331335,0.0015307570171375,0.0007427777777777,26.43755983822577
0.0013110943331335,0.0015967570171375,0.0007427777777777,24.76916621576414
0.0016680943331335,0.0017197570171375,0.0007427777777777,23.77188158949741
0.0011310943331335,0.0018597570171375,0.0007427777777777,21.874191195142632
0.0013810943331335,0.0019607570171375,0.0007427777777777,22.032270558440736
0.0012530943331335,0.0014587570171375,0.0007437777777777,24.139712305046938
0.0014940943331335,0.0016507570171375,0.0007437777777777,24.439476750952466
0.0016110943331335,0.0017727570171375,0.0007437777777777,23.514504813845626
0.0012500943331335,0.0014347570171375,0.0007447777777777,23.95594316898127
0.0012400943331335,0.0014427570171375,0.0007447777777777,23.984111094432553
0.0009890943331335,0.0017957570171375,0.0007447777777777,22.33846292478971
0.0014040943331335,0.0015077570171375,0.0007457777777777,25.05197371876751
0.0012900943331335,0.0018657570171375,0.0007457777777777,22.12739575567558
0.0012030943331335,0.0018857570171375,0.0007457777777777,21.894374190668596
0.0014320943331335,0.0014687570171375,0.0007467777777777,26.062489870675797
0.0014120943331335,0.0018657570171375,0.0007467777777777,22.43247201503181
0.0014770943331335,0.0021347570171375,0.0007467777777777,20.81651500909417
0.0016920943331335,0.0021447570171375,0.0007467777777777,19.638324372578154
0.0013890943331335,0.0015477570171375,0.0007477777777777,24.7578585985824
0.0013630943331335,0.0018737570171375,0.0007477777777777,21.94756567995341
0.0014080943331335,0.0020407570171375,0.0007477777777777,21.185319298672468
0.0012270943331335,0.0014387570171375,0.0007487777777777,23.9002272623723
0.0014820943331335,0.0015817570171375,0.0007487777777777,24.828036882215674
0.0017220943331335,0.0016367570171375,0.0007487777777777,24.76105809758349
0.0010250943331335,0.0017197570171375,0.0007487777777777,21.954058072225195
0.0014020943331335,0.0020517570171375,0.0007487777777777,21.169597281389116
0.0017140943331335,0.0020817570171375,0.0007487777777777,19.59367693849175
0.0014950943331335,0.0021147570171375,0.0007487777777777,20.814275766412823
0.0014200943331335,0.0013547570171375,0.0007497777777777,26.11672946671248
0.0009580943331335,0.0014817570171375,0.0007497777777777,20.262365701963656
0.0014140943331335,0.0015977570171375,0.0007497777777777,24.812199097223562
0.0014730943331335,0.0016617570171375,0.0007497777777777,24.411438718081484
0.0011050943331335,0.0016767570171375,0.0007497777777777,22.080948164696036
0.0016760943331335,0.0017257570171375,0.0007497777777777,23.75009711700573
0.0010210943331335,0.0019557570171375,0.0007497777777777,22.53615444348492
0.0015800943331335,0.0016867570171375,0.0007507777777777,23.721628663633854
0.0011120943331335,0.0017877570171375,0.0007507777777777,22.015877035648877
0.0016330943331335,0.0019047570171375,0.0007507777777777,23.55858797587969
0.0014220943331335,0.0019257570171375,0.0007507777777777,22.072456053150447
0.0014570943331335,0.0020887570171375,0.0007507777777777,20.9697952314836
0.0012130943331335,0.0015117570171375,0.0007517777777777,23.79486664081896
0.0017350943331335,0.0018967570171375,0.0007517777777777,25.703290076889743
0.0012620943331335,0.0020787570171375,0.0007527777777777,21.237222991639687
0.0011890943331335,0.0021487570171375,0.0007527777777777,25.63773851373693
0.0015060943331335,0.0014177570171375,0.0007537777777777,26.309094891235887
0.0014920943331335,0.0015267570171375,0.0007537777777777,25.415341815797433
0.0010340943331335,0.0016537570171375,0.0007537777777777,22.114875219924233
0.0012920943331335,0.0018647570171375,0.0007537777777777,22.136991530238728
0.0017430943331335,0.0019977570171375,0.0007537777777777,22.137950786234015
0.0010260943331335,0.0020357570171375,0.0007537777777777,22.70477100354218
0.0011140943331335,0.0015367570171375,0.0007547777777777,22.23191590374318
0.0016860943331335,0.0017947570171375,0.0007547777777777,23.86252669207378
0.0013750943331335,0.0018337570171375,0.0007547777777777,22.354481782720576
0.0016400943331335,0.0018477570171375,0.0007547777777777,23.67831454845431
0.0011970943331335,0.0019067570171375,0.0007547777777777,21.489154448937207
0.0017350943331335,0.0019927570171375,0.0007547777777777,22.42734944610044
0.0014620943331335,0.0020847570171375,0.0007547777777777,20.964115942816285
0.0017440943331335,0.0014487570171375,0.0007557777777777,27.829765949970604
0.0016890943331335,0.0019697570171375,0.0007557777777777,23.376142223837004
0.0012030943331335,0.0019777570171375,0.0007557777777777,21.574747889796786
0.0014170943331335,0.0015987570171375,0.0007567777777777,24.84841424403084
0.0013540943331335,0.0020597570171375,0.0007567777777777,21.13906780276262
0.0012450943331335,0.0020727570171375,0.0007567777777777,21.293755224918236
0.0015060943331335,0.0013647570171375,0.0007577777777777,27.009910495794742
0.0014010943331335,0.0014517570171375,0.0007577777777777,24.917945735005947
0.0014540943331335,0.0018037570171375,0.0007577777777777,23.46644852225225
0.0013650943331335,0.0020577570171375,0.0007577777777777,21.14483946502769
0.0009820943331335,0.0014057570171375,0.0007587777777777,20.020935624126327
0.0014370943331335,0.0014737570171375,0.0007587777777777,25.975202259163886
0.0015370943331335,0.0019787570171375,0.0007587777777777,22.386605734102737
0.0009640943331335,0.0019897570171375,0.0007587777777777,28.505359188025082
0.0010070943331335,0.0021137570171375,0.0007587777777777,23.984804129545566
0.0016880943331335,0.0013837570171375,0.0007597777777777,26.1722614692024
0.0016190943331335,0.0015837570171375,0.0007597777777777,25.253345806373027
0.0015110943331335,0.0015887570171375,0.0007597777777777,25.062075878997405
0.0016700943331335,0.0016667570171375,0.0007597777777777,24.214861046127037
0.0014350943331335,0.0013497570171375,0.0007607777777777,26.123775725910967
0.0015370943331335,0.0014167570171375,0.0007607777777777,26.359525496143416
0.0009960943331335,0.0014317570171375,0.0007607777777777,20.24956166050416
0.0014740943331335,0.0016647570171375,0.0007607777777777,24.3872568548892
0.0011260943331335,0.0019007570171375,0.0007607777777777,21.34233796165717
0.0017430943331335,0.0020737570171375,0.0007607777777777,20.4260712269524
0.0011490943331335,0.0013607570171375,0.0007617777777777,22.497846546112484
0.0014080943331335,0.0015827570171375,0.0007617777777777,24.860013440034372
0.0011950943331335,0.0016047570171375,0.0007617777777777,21.812246247944383
0.0015190943331335,0.0017277570171375,0.0007617777777777,23.408925214109395
0.0014620943331335,0.0018647570171375,0.0007617777777777,22.884069765238685
0.0011900943331335,0.0019077570171375,0.0007617777777777,21.485698283259484
0.0010700943331335,0.0019427570171375,0.0007617777777777,21.931522959538793
0.0013410943331335,0.0021197570171375,0.0007617777777777,20.95368862870837
0.0011540943331335,0.0013567570171375,0.0007627777777777,22.50132400833071
0.0016320943331335,0.0015947570171375,0.0007627777777777,24.947375344021747
0.0015300943331335,0.0018897570171375,0.0007627777777777,22.82515877446447
0.0016730943331335,0.0020737570171375,0.0007627777777777,19.410304202809513
0.0011760943331335,0.0016897570171375,0.0007637777777777,22.000025132538397
0.0014620943331335,0.0020787570171375,0.0007637777777777,20.871110667498975
0.0015500943331335,0.0020947570171375,0.0007637777777777,21.042860742026015
0.0016970943331335,0.0016227570171375,0.0007647777777777,25.184608726251522
0.0014700943331335,0.0018127570171375,0.0007647777777777,23.446566779040037
0.0016090943331335,0.0016577570171375,0.0007657777777777,24.17440669484441
0.0012580943331335,0.0018357570171375,0.0007657777777777,22.195402173109695
0.0017610943331335,0.0019107570171375,0.0007657777777777,26.290417203906987
0.0011560943331335,0.0021327570171375,0.0007657777777777,25.13621847214896
0.0014610943331335,0.0014887570171375,0.0007667777777777,25.976148791863864
0.0014860943331335,0.0017437570171375,0.0007667777777777,23.39132846206426
0.0010440943331335,0.0018327570171375,0.0007667777777777,21.338930074655565
0.0011320943331335,0.0019067570171375,0.0007667777777777,21.39221925411952
0.0013790943331335,0.0019467570171375,0.0007667777777777,22.06710936797837
0.0010420943331335,0.0014117570171375,0.0007677777777777,20.57591440990362
0.0016520943331335,0.0015117570171375,0.0007677777777777,27.342093917696484
0.0014660943331335,0.0016707570171375,0.0007677777777777,24.35965785315154
0.0011360943331335,0.0018757570171375,0.0007677777777777,21.480976455964743
0.0013390943331335,0.0021277570171375,0.0007677777777777,20.972910085367978
0.0014380943331335,0.0013437570171375,0.0007687777777777,26.16163511835005
0.0010340943331335,0.0014757570171375,0.0007687777777777,20.735180689987132
0.0015990943331335,0.0015617570171375,0.0007687777777777,25.979087409393518
0.0015590943331335,0.0017777570171375,0.0007687777777777,23.46683131528249
0.0010940943331335,0.0021217570171375,0.0007687777777777,23.118017217093268
0.0014640943331335,0.0018607570171375,0.0007697777777777,22.957379942926437
0.0017260943331335,0.0019897570171375,0.0007697777777777,22.818821329058398
0.0015720943331335,0.0020217570171375,0.0007697777777777,22.261171747071405
0.0016350943331335,0.0020407570171375,0.0007697777777777,22.273639777936165
0.0013210943331335,0.0020697570171375,0.0007697777777777,21.173427779491306
0.0013770943331335,0.0021447570171375,0.0007697777777777,20.287974488407624
0.0015570943331335,0.0018027570171375,0.0007707777777777,23.490718484575456
0.0012070943331335,0.0018267570171375,0.0007707777777777,22.085064667815278
0.0013450943331335,0.0015257570171375,0.0007717777777777,24.59544353395731
0.0012630943331335,0.0015697570171375,0.0007717777777777,23.903467415448088
0.0011680943331335,0.0017487570171375,0.0007717777777777,22.077681684408773
0.0017070943331335,0.0018497570171375,0.0007717777777777,23.848598561795047
0.0017250943331335,0.0018537570171375,0.0007717777777777,23.857397286501882
0.0011390943331335,0.0018727570171375,0.0007717777777777,21.498489506111504
0.0015940943331335,0.0018887570171375,0.0007717777777777,23.531276728107272
0.0014760943331335,0.0014927570171375,0.0007727777777777,26.071882908414587
0.0013050943331335,0.0014937570171375,0.0007727777777777,24.29987234261698
0.0011980943331335,0.0019017570171375,0.0007727777777777,21.552536892077015
0.0013560943331335,0.0019347570171375,0.0007727777777777,22.00474740066846
0.0015850943331335,0.0020107570171375,0.0007727777777777,22.35833053247019
0.0009870943331335,0.0020407570171375,0.0007727777777777,22.563996730366178
0.0015650943331335,0.0020407570171375,0.0007727777777777,21.8111604577392
0.0010220943331335,0.0013597570171375,0.0007737777777777,20.690809502740265
0.0014530943331335,0.0015837570171375,0.0007737777777777,24.917346998157743
0.0011360943331335,0.0016327570171375,0.0007737777777777,21.449854766824792
0.0017570943331335,0.0018057570171375,0.0007737777777777,24.20361361047628
0.0010900943331335,0.0020227570171375,0.0007737777777777,21.71502303483778
0.0015030943331335,0.0014907570171375,0.0007747777777777,26.40965736510255
0.0014600943331335,0.0015777570171375,0.0007747777777777,24.921988586148224
0.0013930943331335,0.0016507570171375,0.0007747777777777,24.421621280230973
0.0009980943331335,0.0018957570171375,0.0007747777777777,22.617430132566998
0.0012300943331335,0.0019177570171375,0.0007747777777777,21.56571305122306
0.0017040943331335,0.0019677570171375,0.0007747777777777,23.564955945142295
0.0011250943331335,0.0019697570171375,0.0007747777777777,21.59481055263044
0.0017030943331335,0.0021107570171375,0.0007747777777777,19.683553628185184
0.0016090943331335,0.0013907570171375,0.0007757777777777,26.507219166609755
0.0015900943331335,0.0014297570171375,0.0007757777777777,26.2748931602472
0.0016160943331335,0.0016567570171375,0.0007757777777777,24.195765778100427
0.0011770943331335,0.0018457570171375,0.0007757777777777,21.643370383973974
0.0017580943331335,0.0019037570171375,0.0007757777777777,26.953150150600877
0.0013240943331335,0.0020067570171375,0.0007757777777777,21.34529077217133
0.0013170943331335,0.0020077570171375,0.0007757777777777,21.346650498253513
0.0017580943331335,0.0015877570171375,0.0007767777777777,25.252596522564176
0.0012570943331335,0.0017267570171375,0.0007767777777777,22.584799854401183
0.0009930943331335,0.0015037570171375,0.0007777777777777,20.699041360810213
0.0015680943331335,0.0015567570171375,0.0007777777777777,26.15645150007212
0.0017490943331335,0.0015817570171375,0.0007777777777777,25.25700938332836
0.0016480943331335,0.0018127570171375,0.0007777777777777,23.650645873833366
0.0010380943331335,0.0018217570171375,0.0007777777777777,21.415180671491793
0.0012930943331335,0.0020797570171375,0.0007777777777777,21.22620135005621
0.0010550943331335,0.0018447570171375,0.0007787777777777,21.365178642362213
0.0010300943331335,0.0019197570171375,0.0007787777777777,22.85210666414971
0.0014490943331335,0.0020717570171375,0.0007787777777777,20.722875066916295
0.0012820943331335,0.0013947570171375,0.0007797777777777,24.32507341274074
0.0016200943331335,0.0015227570171375,0.0007797777777777,25.760210935323755
0.0012520943331335,0.0019837570171375,0.0007797777777777,21.47791294092024
0.0014320943331335,0.0014787570171375,0.0007807777777777,25.680811248394672
0.0010040943331335,0.0015057570171375,0.0007807777777777,20.744628019229236
0.0011700943331335,0.0015797570171375,0.0007807777777777,21.779098827818473
0.0015110943331335,0.0017177570171375,0.0007807777777777,23.527404066205392
0.0011400943331335,0.0017717570171375,0.0007807777777777,22.014990504203375
0.0015250943331335,0.0018227570171375,0.0007807777777777,23.479365716991072
0.0016160943331335,0.0019637570171375,0.0007807777777777,23.16553569483579
0.0011600943331335,0.0015657570171375,0.0007817777777777,21.762040568060016
0.0012780943331335,0.0019797570171375,0.0007817777777777,21.420857647210024
0.0015760943331335,0.0014697570171375,0.0007827777777777,26.245218974338393
0.0014620943331335,0.0015697570171375,0.0007827777777777,24.96468741913173
0.0010960943331335,0.0020027570171375,0.0007827777777777,21.64905965479302
0.0010140943331335,0.0014787570171375,0.0007837777777777,20.606463140006138
0.0017340943331335,0.0018087570171375,0.0007837777777777,24.056168914314227
0.0011300943331335,0.0018647570171375,0.0007837777777777,21.525854823752965
0.0012460943331335,0.0018707570171375,0.0007837777777777,21.963929417792933
0.0015940943331335,0.0019457570171375,0.0007837777777777,23.090746313775426
0.0015490943331335,0.0019887570171375,0.0007837777777777,22.585647869484493
0.0015150943331335,0.0021017570171375,0.0007837777777777,21.018662198471894
0.0012910943331335,0.0013647570171375,0.0007847777777777,24.95207087354901
0.0015120943331335,0.0014907570171375,0.0007847777777777,26.393148991142965
0.0014750943331335,0.0015077570171375,0.0007847777777777,26.020001909298102
0.0014150943331335,0.0017047570171375,0.0007847777777777,23.535024293398937
0.0011350943331335,0.0018117570171375,0.0007847777777777,21.885604846033328
0.0012450943331335,0.0018647570171375,0.0007847777777777,21.95583248288887
0.0016810943331335,0.0020017570171375,0.0007847777777777,21.804944389367897
0.0014660943331335,0.0013737570171375,0.0007857777777777,25.647164115872414
0.0013720943331335,0.0013847570171375,0.0007857777777777,25.201119535438576
0.0017620943331335,0.0016127570171375,0.0007857777777777,25.221022400451726
0.0014120943331335,0.0016457570171375,0.0007857777777777,24.431279571926382
0.0009780943331335,0.0017707570171375,0.0007857777777777,21.673316471319005
0.0016310943331335,0.0019927570171375,0.0007857777777777,23.079642099231755
0.0015180943331335,0.0020917570171375,0.0007857777777777,21.026131767191398
0.0013500943331335,0.0021137570171375,0.0007857777777777,21.020896497014636
0.0017430943331335,0.0016667570171375,0.0007867777777777,25.094285932899954
0.0012700943331335,0.0017547570171375,0.0007867777777777,22.816343582037113
0.0010970943331335,0.0020097570171375,0.0007867777777777,21.648465965218328
0.0010150943331335,0.0014737570171375,0.0007877777777777,20.591708894503988
0.0017320943331335,0.0014837570171375,0.0007877777777777,28.226289864534362
0.0014210943331335,0.0016457570171375,0.0007877777777777,24.428519672536172
0.0015380943331335,0.0018147570171375,0.0007877777777777,23.484814895500378
0.0011360943331335,0.0019567570171375,0.0007877777777777,21.59494861116124
0.0009840943331335,0.0021127570171375,0.0007877777777777,23.886619961563863
0.0012360943331335,0.0013457570171375,0.0007887777777777,23.606266392100725
0.0016370943331335,0.0018127570171375,0.0007887777777777,23.643948194443354
0.0016710943331335,0.0019607570171375,0.0007887777777777,23.4671791464284
0.0017230943331335,0.0015077570171375,0.0007897777777777,28.037692859048402
0.0015110943331335,0.0016707570171375,0.0007897777777777,24.349629984711285
0.0010790943331335,0.0017927570171375,0.0007897777777777,22.163892157880444
0.0012640943331335,0.0014147570171375,0.0007907777777777,24.161341220217697
0.0010340943331335,0.0014547570171375,0.0007907777777777,21.1176797660789
0.0011610943331335,0.0014827570171375,0.0007907777777777,22.975314805927855
0.0010350943331335,0.0018107570171375,0.0007907777777777,21.49333389089152
0.0011390943331335,0.0018117570171375,0.0007907777777777,21.890541469175155
0.0011420943331335,0.0019167570171375,0.0007907777777777,21.5296550910296
0.0016340943331335,0.0019777570171375,0.0007907777777777,23.206671768858087
0.0010360943331335,0.0019977570171375,0.0007907777777777,22.274736508099675
0.0011820943331335,0.0020077570171375,0.0007907777777777,21.49581584603134
0.0011780943331335,0.0020477570171375,0.0007907777777777,21.698702605186753
0.0017350943331335,0.0020497570171375,0.0007907777777777,20.969023223164058
0.0016870943331335,0.0015487570171375,0.0007917777777777,26.904793233088963
0.0013280943331335,0.0018357570171375,0.0007917777777777,22.402665467955053
0.0011360943331335,0.0019537570171375,0.0007917777777777,21.59580776595079
0.0015370943331335,0.0019607570171375,0.0007917777777777,22.66715064962714
0.0016110943331335,0.0019917570171375,0.0007917777777777,22.639066532242605
0.0017490943331335,0.0015217570171375,0.0007927777777777,28.0953895838573
0.0014460943331335,0.0016997570171375,0.0007927777777777,24.02477361997433
0.0014050943331335,0.0019377570171375,0.0007927777777777,22.132599037073323
0.0010480943331335,0.0021247570171375,0.0007927777777777,23.397488751167845
0.0013970943331335,0.0013887570171375,0.0007937777777777,25.260422854347407
0.0011600943331335,0.0014687570171375,0.0007937777777777,22.910890582250254
0.0010800943331335,0.0016647570171375,0.0007937777777777,22.158862582071627
0.0014590943331335,0.0018757570171375,0.0007937777777777,22.777687598425885
0.0014510943331335,0.0020247570171375,0.0007937777777777,21.154656928674065
0.0012110943331335,0.0013477570171375,0.0007947777777777,23.534250581896686
0.0013760943331335,0.0013877570171375,0.0007947777777777,25.180641485331808
0.0016780943331335,0.0015567570171375,0.0007947777777777,26.653692156797497
0.0010980943331335,0.0017057570171375,0.0007947777777777,21.68725398432945
0.0010980943331335,0.0017657570171375,0.0007947777777777,22.019458183870963
0.0010400943331335,0.0018077570171375,0.0007947777777777,21.523535228023235
0.0012410943331335,0.0013517570171375,0.0007957777777777,23.61066482226482
0.0011740943331335,0.0013707570171375,0.0007957777777777,22.680876195847556
0.0009720943331335,0.0015197570171375,0.0007957777777777,20.741960725713312
0.0010360943331335,0.0017537570171375,0.0007957777777777,21.60851123706096
0.0016970943331335,0.0019497570171375,0.0007957777777777,23.71127519450455
0.0015550943331335,0.0013827570171375,0.0007967777777777,26.53495651710152
0.0014340943331335,0.0014047570171375,0.0007967777777777,25.623737934032842
0.0014610943331335,0.0014387570171375,0.0007967777777777,25.3639336618308
0.0013990943331335,0.0014927570171375,0.0007967777777777,25.565023573499943
0.0017590943331335,0.0016537570171375,0.0007967777777777,25.24636303643258
0.0017270943331335,0.0017747570171375,0.0007967777777777,24.012270383910852
0.0010570943331335,0.0018577570171375,0.0007967777777777,21.470419682230165
0.0016970943331335,0.0021057570171375,0.0007967777777777,19.74290465966332
0.0010320943331335,0.0013737570171375,0.0007977777777777,20.92193645620485
0.0010770943331335,0.0016157570171375,0.0007977777777777,21.742261162565505
0.0013080943331335,0.0018507570171375,0.0007977777777777,22.34615366478501
0.0011390943331335,0.0019227570171375,0.0007977777777777,21.59012967282418
0.0014600943331335,0.0020327570171375,0.0007977777777777,21.140806793537262
0.0015830943331335,0.0014597570171375,0.0007987777777777,26.2117887064957
0.0016530943331335,0.0015667570171375,0.0007987777777777,26.074125632584312
0.0014540943331335,0.0017737570171375,0.0007987777777777,22.95604669474303
0.0011120943331335,0.0018247570171375,0.0007987777777777,21.901864393772563
0.0011560943331335,0.0019127570171375,0.0007987777777777,21.569899493459985
0.0014070943331335,0.0020457570171375,0.0007987777777777,21.394258994667613
0.0010880943331335,0.0014967570171375,0.0007997777777777,21.063420169132165
0.0016710943331335,0.0015837570171375,0.0007997777777777,25.711322622386874
0.0014270943331335,0.0015947570171375,0.0007997777777777,24.6735412301976
0.0010710943331335,0.0016167570171375,0.0007997777777777,21.742650119792312
0.0012930943331335,0.0017047570171375,0.0007997777777777,22.6694474842251
0.0010870943331335,0.0017717570171375,0.0007997777777777,22.006037738052786
0.0014500943331335,0.0018817570171375,0.0007997777777777,22.725498721697193
0.0014120943331335,0.0018977570171375,0.0007997777777777,22.32054714510129
0.0016830943331335,0.0018997570171375,0.0007997777777777,24.23596909081607
0.0012780943331335,0.0020887570171375,0.0007997777777777,21.25913487708867
0.0013080943331335,0.0013907570171375,0.0008007777777777,24.380455733794467
0.0014850943331335,0.0019457570171375,0.0008007777777777,22.394650540552167
0.0012140943331335,0.0019877570171375,0.0008007777777777,21.53909506889389
0.0014000943331335,0.0021077570171375,0.0008007777777777,21.095711267381063
0.0009890943331335,0.0021187570171375,0.0008007777777777,23.795285056773007
0.0014350943331335,0.0015857570171375,0.0008017777777777,24.835969946129705
0.0013730943331335,0.0017587570171375,0.0008017777777777,23.616563183011074
0.0014030943331335,0.0020387570171375,0.0008017777777777,21.477399518217016
0.0014950943331335,0.0020567570171375,0.0008017777777777,21.058041330886013
0.0015880943331335,0.0021027570171375,0.0008017777777777,21.00051187643395
0.0015180943331335,0.0013517570171375,0.0008027777777777,26.82048683622488
0.0014630943331335,0.0014377570171375,0.0008027777777777,25.376893795637567
0.0017590943331335,0.0015317570171375,0.0008027777777777,28.114808217561553
0.0011380943331335,0.0020187570171375,0.0008027777777777,21.75735417128359
0.0015740943331335,0.0015717570171375,0.0008037777777777,25.996769003010684
0.0012650943331335,0.0016807570171375,0.0008037777777777,22.563472362695105
0.0010070943331335,0.0016927570171375,0.0008037777777777,23.162780920056292
0.0014520943331335,0.0020257570171375,0.0008037777777777,21.147236521513527
0.0010190943331335,0.0020757570171375,0.0008037777777777,23.605736863945573
0.0012700943331335,0.0021427570171375,0.0008037777777777,21.10680701305026
0.0016150943331335,0.0014837570171375,0.0008047777777777,26.515898507137212
0.0013050943331335,0.0017627570171375,0.0008047777777777,22.94186776082549
0.0014570943331335,0.0018817570171375,0.0008047777777777,22.73689369166929
0.0015310943331335,0.0018957570171375,0.0008047777777777,23.131631568148975
0.0011400943331335,0.0019697570171375,0.0008047777777777,21.61187866470618
0.0015680943331335,0.0019937570171375,0.0008047777777777,22.591387049571555
0.0014090943331335,0.0020857570171375,0.0008047777777777,21.210328963351458
0.0010080943331335,0.0021287570171375,0.0008047777777777,23.6231152101417
0.0015030943331335,0.0021447570171375,0.0008047777777777,20.908285073331893
0.0015280943331335,0.0016337570171375,0.0008057777777777,25.500722960758253
0.0015400943331335,0.0016787570171375,0.0008057777777777,24.309697733806537
0.0010710943331335,0.0017277570171375,0.0008057777777777,21.6486717754867
0.0009910943331335,0.0018987570171375,0.0008067777777777,23.006456949307566
0.0010630943331335,0.0020347570171375,0.0008067777777777,22.30233214517825
0.0017360943331335,0.0013447570171375,0.0008077777777777,26.587075711444438
0.0012990943331335,0.0013947570171375,0.0008077777777777,24.34890973655026
0.0015810943331335,0.0014497570171375,0.0008077777777777,26.185514373705974
0.0012870943331335,0.0014797570171375,0.0008077777777777,24.03878953092595
0.0016190943331335,0.0015827570171375,0.0008077777777777,25.81998649817885
0.0011700943331335,0.0015837570171375,0.0008077777777777,21.79735940174861
0.0010300943331335,0.0015997570171375,0.0008077777777777,21.792174782291518
0.0013760943331335,0.0017567570171375,0.0008077777777777,23.590683852076634
0.0017620943331335,0.0019127570171375,0.0008077777777777,24.705794395797124
0.0014940943331335,0.0019297570171375,0.0008077777777777,22.451779721462884
0.0010090943331335,0.0020867570171375,0.0008077777777777,23.83474529638488
0.0012580943331335,0.0015657570171375,0.0008087777777777,23.844592886638083
0.0012920943331335,0.0015687570171375,0.0008087777777777,24.01621985408324
0.0016780943331335,0.0017427570171375,0.0008087777777777,23.8535436135174
0.0016550943331335,0.0017867570171375,0.0008087777777777,23.671252411189965
0.0012420943331335,0.0018267570171375,0.0008087777777777,22.315688445627664
0.0009980943331335,0.0018997570171375,0.0008087777777777,22.876310181734443
0.0011040943331335,0.0015697570171375,0.0008097777777777,21.711930454121887
0.0016840943331335,0.0016587570171375,0.0008097777777777,24.251526305554187
0.0016630943331335,0.0016617570171375,0.0008097777777777,24.25979029045333
0.0013760943331335,0.0018487570171375,0.0008097777777777,22.481493570192836
0.0015030943331335,0.0020557570171375,0.0008097777777777,21.047067922598075
0.0016070943331335,0.0020747570171375,0.0008097777777777,20.937984408858508
0.0012550943331335,0.0021407570171375,0.0008097777777777,21.060134644043096
0.0015720943331335,0.0014887570171375,0.0008107777777777,26.447726182040412
0.0016460943331335,0.0017937570171375,0.0008107777777777,23.66073433522142
0.0011750943331335,0.0014147570171375,0.0008117777777777,23.460533187962792
0.0014120943331335,0.0016357570171375,0.0008117777777777,24.39232319195356
0.0016240943331335,0.0017227570171375,0.0008117777777777,23.96663561943665
0.0017200943331335,0.0019287570171375,0.0008117777777777,24.072519266184173
0.0009790943331335,0.0021037570171375,0.0008117777777777,23.89976378889478
0.0017030943331335,0.0022517570171375,0.0008117777777777,21.125157949355565
0.0011160943331335,0.0013997570171375,0.0008127777777777,22.257166593529384
0.0014440943331335,0.0014877570171375,0.0008127777777777,25.389352801214553
0.0015150943331335,0.0015927570171375,0.0008127777777777,25.5958337882585
0.0012030943331335,0.0016297570171375,0.0008127777777777,22.153252385970273
0.0011930943331335,0.0018637570171375,0.0008127777777777,21.894603882573122
0.0011810943331335,0.0019187570171375,0.0008127777777777,21.59760340045794
0.0014680943331335,0.0019527570171375,0.0008127777777777,22.35076375830011
0.0012290943331335,0.0015457570171375,0.0008137777777777,23.724350374851532
0.0012680943331335,0.0016797570171375,0.0008137777777777,22.484314617927936
0.0011620943331335,0.0017557570171375,0.0008137777777777,21.941396479009086
0.0015690943331335,0.0018127570171375,0.0008137777777777,23.508769137937403
0.0016210943331335,0.0019137570171375,0.0008137777777777,23.545919791201342
0.0017020943331335,0.0021177570171375,0.0008137777777777,19.881615198901663
0.0011490943331335,0.0013817570171375,0.0008147777777777,22.54115708813161
0.0010620943331335,0.0014977570171375,0.0008147777777777,20.944544806535802
0.0015540943331335,0.0015377570171375,0.0008147777777777,25.957390333618317
0.0015760943331335,0.0016887570171375,0.0008147777777777,24.228338326757672
0.0014340943331335,0.0018187570171375,0.0008147777777777,22.596082749871286
0.0013300943331335,0.0020097570171375,0.0008147777777777,21.39108602782199
0.0015310943331335,0.0015907570171375,0.0008157777777777,25.74079766724408
0.0010580943331335,0.0017987570171375,0.0008157777777777,21.63773721457794
0.0010320943331335,0.0019957570171375,0.0008157777777777,22.36030265288866
0.0012460943331335,0.0020647570171375,0.0008157777777777,21.6516054888212
0.0014320943331335,0.0013547570171375,0.0008167777777777,26.472020271181524
0.0016750943331335,0.0013587570171375,0.0008167777777777,26.965532546022256
0.0010590943331335,0.0014017570171375,0.0008167777777777,21.12205344624713
0.0013280943331335,0.0015457570171375,0.0008167777777777,24.19518053489567
0.0015800943331335,0.0016867570171375,0.0008167777777777,24.229561455441075
0.0010120943331335,0.0019037570171375,0.0008167777777777,22.851283765637323
0.0017240943331335,0.0019977570171375,0.0008167777777777,21.178081751135228
0.0013730943331335,0.0013907570171375,0.0008177777777777,25.094958615716237
0.0015810943331335,0.0014467570171375,0.0008177777777777,26.138956314557735
0.0013310943331335,0.0015397570171375,0.0008177777777777,24.201515418343696
0.0016120943331335,0.0015737570171375,0.0008177777777777,25.83410331126297
0.0015340943331335,0.0016237570171375,0.0008177777777777,25.567006538590807
0.0016810943331335,0.0014147570171375,0.0008187777777777,26.013138967720135
0.0011900943331335,0.0014277570171375,0.0008187777777777,23.67561760404869
0.0012830943331335,0.0014677570171375,0.0008187777777777,24.018293413938807
0.0012640943331335,0.0018747570171375,0.0008187777777777,21.86093510212883
0.0014620943331335,0.0019547570171375,0.0008187777777777,22.3008212510887
0.0013490943331335,0.0021447570171375,0.0008187777777777,20.722631113982942
0.0013650943331335,0.0014477570171375,0.0008197777777777,24.620540680333157
0.0013680943331335,0.0018537570171375,0.0008197777777777,22.500725530874874
0.0014590943331335,0.0018897570171375,0.0008197777777777,22.656121275305356
0.0011770943331335,0.0014697570171375,0.0008207777777777,22.938276792227
0.0016600943331335,0.0015957570171375,0.0008207777777777,25.64138655722858
0.0013340943331335,0.0017827570171375,0.0008207777777777,23.11035015239202
0.0015190943331335,0.0019907570171375,0.0008207777777777,22.414080257921988
0.0016280943331335,0.0020527570171375,0.0008207777777777,21.16206995115908
0.0013620943331335,0.0020647570171375,0.0008207777777777,21.10996178967475
0.0014450943331335,0.0016897570171375,0.0008217777777777,24.03341097695253
0.0015150943331335,0.0017587570171375,0.0008217777777777,23.52329889441377
0.0010300943331335,0.0019977570171375,0.0008217777777777,22.373180285739785
0.0010650943331335,0.0015537570171375,0.0008227777777777,21.29092499589057
0.0012290943331335,0.0017027570171375,0.0008227777777777,22.286201880406377
0.0016850943331335,0.0019827570171375,0.0008227777777777,22.580668111708903
0.0011860943331335,0.0021377570171375,0.0008227777777777,21.819205503510076
0.0009580943331335,0.0014637570171375,0.0008237777777777,19.96931970890632
0.0013100943331335,0.0014717570171375,0.0008237777777777,24.116585883550666
0.0014930943331335,0.0015957570171375,0.0008237777777777,25.393893067546102
0.0012150943331335,0.0016427570171375,0.0008237777777777,22.450446630714442
0.0010670943331335,0.0017917570171375,0.0008237777777777,21.684819418793367
0.0014720943331335,0.0019087570171375,0.0008237777777777,22.554543808409154
0.0010670943331335,0.0019327570171375,0.0008237777777777,22.1204175800764
0.0013120943331335,0.0020327570171375,0.0008237777777777,21.38915640507088
0.0016820943331335,0.0020517570171375,0.0008237777777777,20.661081193648055
0.0010790943331335,0.0020907570171375,0.0008237777777777,22.5479297108254
0.0016710943331335,0.0013457570171375,0.0008247777777777,26.982097972999114
0.0011190943331335,0.0013917570171375,0.0008247777777777,22.275510348597827
0.0016520943331335,0.0014237570171375,0.0008247777777777,26.124676720723716
0.0016330943331335,0.0014377570171375,0.0008247777777777,26.128345657818297
0.0013630943331335,0.0017197570171375,0.0008247777777777,23.74022534501068
0.0014280943331335,0.0013557570171375,0.0008257777777777,26.52977195859149
0.0009620943331335,0.0016887570171375,0.0008257777777777,22.680866462733587
0.0012770943331335,0.0021097570171375,0.0008257777777777,21.192834197903057
0.0012800943331335,0.0021257570171375,0.0008257777777777,21.156590398955764
0.0015960943331335,0.0015807570171375,0.0008267777777777,25.84871917098577
0.0015970943331335,0.0016317570171375,0.0008267777777777,24.828161510414343
0.0012090943331335,0.0019557570171375,0.0008267777777777,21.667986351798564
0.0016890943331335,0.0020977570171375,0.0008267777777777,20.265931036538763
0.0009660943331335,0.0013477570171375,0.0008277777777777,17.39441682223779
0.0015910943331335,0.0014487570171375,0.0008277777777777,26.130805570088167
0.0013210943331335,0.0014697570171375,0.0008277777777777,24.156626573073424
0.0017300943331335,0.0015147570171375,0.0008277777777777,27.50459296218434
0.0014830943331335,0.0015437570171375,0.0008277777777777,25.16236222295824
0.0010580943331335,0.0015487570171375,0.0008277777777777,21.197247049692596
0.0010680943331335,0.0017817570171375,0.0008277777777777,21.720329239321615
0.0016670943331335,0.0019117570171375,0.0008277777777777,23.84369024184043
0.0016160943331335,0.0019327570171375,0.0008277777777777,23.3755646172705
0.0015340943331335,0.0019947570171375,0.0008277777777777,22.431339892100187
0.0016210943331335,0.0020527570171375,0.0008277777777777,21.316979927955497
0.0016800943331335,0.0020917570171375,0.0008277777777777,20.287621253952487
0.0011840943331335,0.0021327570171375,0.0008277777777777,21.864162411188275
0.0015210943331335,0.0014167570171375,0.0008287777777777,25.80319071675616
0.0015860943331335,0.0015187570171375,0.0008287777777777,26.012232959449623
0.0010200943331335,0.0015767570171375,0.0008287777777777,21.733896760023498
0.0015350943331335,0.0016807570171375,0.0008287777777777,24.3206137964916
0.0011930943331335,0.0017417570171375,0.0008287777777777,22.018875747516823
0.0010300943331335,0.0018937570171375,0.0008287777777777,22.79160323820209
0.0013280943331335,0.0019177570171375,0.0008287777777777,21.889376116352512
0.0015080943331335,0.0017577570171375,0.0008297777777777,23.526264816684883
0.0015580943331335,0.0020357570171375,0.0008297777777777,20.989162823308845
0.0016500943331335,0.0020387570171375,0.0008297777777777,21.013201659433594
0.0017230943331335,0.0021527570171375,0.0008297777777777,19.86722549988715
0.0016030943331335,0.0014407570171375,0.0008307777777777,26.130968014279148
0.0012020943331335,0.0014717570171375,0.0008307777777777,22.997781380855255
0.0013420943331335,0.0015207570171375,0.0008307777777777,24.31395517975233
0.0014450943331335,0.0016927570171375,0.0008307777777777,24.010284001739123
0.0015780943331335,0.0018057570171375,0.0008307777777777,23.509609802318337
0.0010280943331335,0.0018457570171375,0.0008307777777777,22.610322403785396
0.0012200943331335,0.0019107570171375,0.0008307777777777,21.65404285153024
0.0012810943331335,0.0021287570171375,0.0008307777777777,21.155275351987015
0.0015850943331335,0.0014547570171375,0.0008317777777777,26.124235068589332
0.0013350943331335,0.0016547570171375,0.0008317777777777,23.776345891370635
0.0016470943331335,0.0019787570171375,0.0008317777777777,23.195892874968248
0.0016440943331335,0.0020407570171375,0.0008317777777777,21.075460179152294
0.0012400943331335,0.0014607570171375,0.0008327777777777,23.53764787693716
0.0011720943331335,0.0014737570171375,0.0008327777777777,22.927668272947983
0.0014430943331335,0.0014997570171375,0.0008327777777777,25.266212814276667
0.0014600943331335,0.0017517570171375,0.0008327777777777,23.174169136157023
0.0016250943331335,0.0017927570171375,0.0008327777777777,23.640178076786356
0.0010400943331335,0.0017997570171375,0.0008327777777777,21.673156960373433
0.0011170943331335,0.0020397570171375,0.0008327777777777,21.824231025050096
0.0015590943331335,0.0020407570171375,0.0008327777777777,20.97842170730438
0.0011260943331335,0.0021337570171375,0.0008327777777777,22.942795520934126
0.0016000943331335,0.0013577570171375,0.0008337777777777,27.0230469881213
0.0014590943331335,0.0015167570171375,0.0008337777777777,25.23777470526698
0.0014800943331335,0.0015257570171375,0.0008337777777777,25.203182199605923
0.0016920943331335,0.0016317570171375,0.0008337777777777,24.794753354321678
0.0011370943331335,0.0019837570171375,0.0008337777777777,21.964806252798862
0.0016750943331335,0.0019917570171375,0.0008337777777777,22.733867065159455
0.0014850943331335,0.0013697570171375,0.0008347777777777,27.075561682459576
0.0013120943331335,0.0016387570171375,0.0008347777777777,23.632891850265803
0.0017200943331335,0.0018657570171375,0.0008347777777777,23.666654364373514
0.0013260943331335,0.0019197570171375,0.0008347777777777,21.729686688988615
0.0011280943331335,0.0019307570171375,0.0008347777777777,21.79069530427585
0.0017110943331335,0.0019737570171375,0.0008347777777777,21.26074362910915
0.0015620943331335,0.0020287570171375,0.0008347777777777,21.00131806421752
0.0016790943331335,0.0020747570171375,0.0008347777777777,20.319095853857117
0.0015070943331335,0.0020847570171375,0.0008347777777777,20.87746784846459
0.0014930943331335,0.0013717570171375,0.0008357777777777,27.113414139305775
0.0013740943331335,0.0015057570171375,0.0008357777777777,24.367709870933034
0.0015950943331335,0.0016817570171375,0.0008357777777777,24.233157508079827
0.0015970943331335,0.0019677570171375,0.0008357777777777,23.262896514769015
0.0014510943331335,0.0020277570171375,0.0008357777777777,21.144793932984268
0.0015780943331335,0.0014607570171375,0.0008367777777777,26.02574984190944
0.0013300943331335,0.0018887570171375,0.0008367777777777,21.87964124107565
0.0017130943331335,0.0020807570171375,0.0008367777777777,20.75531687635142
0.0013310943331335,0.0019237570171375,0.0008377777777777,21.72459347514271
0.0011380943331335,0.0021487570171375,0.0008377777777777,22.85436960217679
0.0015470943331335,0.0013607570171375,0.0008387777777777,27.39111346470193
0.0010570943331335,0.0016457570171375,0.0008387777777777,22.05785876844336
0.0016420943331335,0.0016527570171375,0.0008387777777777,24.718442967602936
0.0013660943331335,0.0017147570171375,0.0008387777777777,23.74071924970454
0.0015760943331335,0.0018047570171375,0.0008387777777777,23.498550889702585
0.0010390943331335,0.0018427570171375,0.0008387777777777,22.595369380401397
0.0010010943331335,0.0019467570171375,0.0008387777777777,23.221447030174605
0.0016050943331335,0.0013627570171375,0.0008397777777777,27.010375130466763
0.0016340943331335,0.0013957570171375,0.0008397777777777,26.419115813330453
0.0013600943331335,0.0014367570171375,0.0008397777777777,24.641696612269328
0.0015900943331335,0.0018587570171375,0.0008397777777777,23.324263793517265
0.0013930943331335,0.0018877570171375,0.0008397777777777,21.90506207961699
0.0014970943331335,0.0016597570171375,0.0008407777777777,24.82959030990442
0.0009830943331335,0.0018397570171375,0.0008407777777777,22.014381185363614
0.0015340943331335,0.0019507570171375,0.0008407777777777,22.196746770116675
0.0009780943331335,0.0020507570171375,0.0008407777777777,22.917000303446503
0.0009960943331335,0.0020967570171375,0.0008407777777777,23.70276432618907
0.0010570943331335,0.0014677570171375,0.0008417777777777,21.23187540390562
0.0016870943331335,0.0014917570171375,0.0008417777777777,26.165125258268112
0.0015520943331335,0.0018347570171375,0.0008417777777777,23.300099912306592
0.0016620943331335,0.0019707570171375,0.0008417777777777,23.142164347090215
0.0012150943331335,0.0013577570171375,0.0008427777777777,23.173209981415216
0.0012500943331335,0.0013607570171375,0.0008427777777777,23.941523636884437
0.0015700943331335,0.0014707570171375,0.0008427777777777,25.995017853960153
0.0012140943331335,0.0018497570171375,0.0008427777777777,22.110598291032865
0.0017280943331335,0.0018767570171375,0.0008427777777777,23.670109423910123
0.0011210943331335,0.0020447570171375,0.0008427777777777,21.832113299756415
0.0013490943331335,0.0020527570171375,0.0008427777777777,21.1469358009752
0.0010840943331335,0.0016157570171375,0.0008437777777777,22.010565431259888
0.0015210943331335,0.0016777570171375,0.0008437777777777,24.33457021453399
0.0012550943331335,0.0017297570171375,0.0008437777777777,22.516288069667024
0.0017130943331335,0.0017307570171375,0.0008437777777777,24.47024423163633
0.0010300943331335,0.0017907570171375,0.0008437777777777,21.702689234079706
0.0015210943331335,0.0021307570171375,0.0008437777777777,20.74810072443361
0.0017420943331335,0.0015067570171375,0.0008447777777777,27.258936593057445
0.0017060943331335,0.0017277570171375,0.0008447777777777,24.395286824505682
0.0010360943331335,0.0018037570171375,0.0008447777777777,21.73070361786874
0.0010480943331335,0.0018727570171375,0.0008447777777777,21.759692676630557
0.0011800943331335,0.0018757570171375,0.0008447777777777,22.078063919604826
0.0011450943331335,0.0020767570171375,0.0008447777777777,22.93319654726707
0.0009720943331335,0.0013537570171375,0.0008457777777777,17.50768355232671
0.0011520943331335,0.0013897570171375,0.0008457777777777,23.069194518598295
0.0011010943331335,0.0017917570171375,0.0008457777777777,21.791271331041315
0.0010020943331335,0.0020947570171375,0.0008457777777777,23.609084457186785
0.0016490943331335,0.0015957570171375,0.0008467777777777,25.692553682297504
0.0014400943331335,0.0017077570171375,0.0008467777777777,23.828246743558314
0.0014710943331335,0.0017657570171375,0.0008467777777777,23.182602796001653
0.0012100943331335,0.0018507570171375,0.0008467777777777,22.106795471756634
0.0014830943331335,0.0018607570171375,0.0008467777777777,22.540246654896283
0.0012670943331335,0.0017237570171375,0.0008477777777777,22.49109753274775
0.0014770943331335,0.0017627570171375,0.0008477777777777,23.205874707878834
0.0013010943331335,0.0018077570171375,0.0008477777777777,22.897618793894353
0.0015000943331335,0.0018737570171375,0.0008477777777777,22.53713372076816
0.0015180943331335,0.0015337570171375,0.0008487777777777,25.23431666921768
0.0013070943331335,0.0016227570171375,0.0008487777777777,23.559085758666203
0.0016410943331335,0.0016467570171375,0.0008487777777777,24.727755311137685
0.0015660943331335,0.0017847570171375,0.0008487777777777,23.58352166976125
0.0012510943331335,0.0019047570171375,0.0008487777777777,21.690364530294485
0.0013890943331335,0.0021167570171375,0.0008487777777777,21.00502749022046
0.0013800943331335,0.0014097570171375,0.0008497777777777,25.00653563184248
0.0010510943331335,0.0014377570171375,0.0008497777777777,20.98781180400224
0.0014320943331335,0.0015087570171375,0.0008497777777777,25.166348950522977
0.0016660943331335,0.0017687570171375,0.0008497777777777,23.79684317833642
0.0009810943331335,0.0019657570171375,0.0008497777777777,23.341322870493162
0.0016210943331335,0.0020097570171375,0.0008497777777777,23.247035800585397
0.0011700943331335,0.0013777570171375,0.0008507777777777,23.093718069519014
0.0017180943331335,0.0013907570171375,0.0008507777777777,27.152127409623397
0.0016840943331335,0.0015047570171375,0.0008507777777777,26.0993178446975
0.0016920943331335,0.0016397570171375,0.0008507777777777,24.695033974832988
0.0016550943331335,0.0017157570171375,0.0008507777777777,24.149111708201282
0.0016730943331335,0.0019567570171375,0.0008507777777777,23.217779579880172
0.0009880943331335,0.0020337570171375,0.0008507777777777,22.944108951282118
0.0013720943331335,0.0014337570171375,0.0008517777777777,24.759572245876747
0.0014170943331335,0.0020937570171375,0.0008517777777777,20.99497657822901
0.0015240943331335,0.0015297570171375,0.0008527777777777,25.234357722970817
0.0014930943331335,0.0015997570171375,0.0008527777777777,25.10481015364673
0.0014320943331335,0.0016317570171375,0.0008527777777777,24.39018313073765
0.0012370943331335,0.0017307570171375,0.0008527777777777,22.5603483146791
0.0016930943331335,0.0017827570171375,0.0008527777777777,23.840405371869615
0.0014920943331335,0.0017917570171375,0.0008527777777777,23.065735968643356
0.0012040943331335,0.0020477570171375,0.0008527777777777,21.710220055148437
0.0013520943331335,0.0013667570171375,0.0008537777777777,24.88013716704476
0.0010940943331335,0.0015227570171375,0.0008537777777777,22.376733334929366
0.0014680943331335,0.0016797570171375,0.0008537777777777,24.255597151340186
0.0012050943331335,0.0019537570171375,0.0008537777777777,21.714721830236236
0.0016080943331335,0.0021197570171375,0.0008537777777777,20.52862277188763
0.0017150943331335,0.0013897570171375,0.0008547777777777,27.146023820596866
0.0016600943331335,0.0017697570171375,0.0008547777777777,23.790541146411247
0.0011400943331335,0.0019487570171375,0.0008547777777777,21.88761785086378
0.0010940943331335,0.0020947570171375,0.0008547777777777,22.62908153336308
0.0017550943331335,0.0014247570171375,0.0008557777777777,27.331756738096562
0.0011410943331335,0.0014987570171375,0.0008557777777777,22.508822181750034
0.0011330943331335,0.0015027570171375,0.0008557777777777,22.48639136873408
0.0013620943331335,0.0015247570171375,0.0008557777777777,24.52935515829524
0.0017100943331335,0.0015417570171375,0.0008557777777777,26.06066993262736
0.0016220943331335,0.0015977570171375,0.0008557777777777,25.671790642982373
0.0016370943331335,0.0016007570171375,0.0008557777777777,25.66993720236829
0.0010420943331335,0.0016187570171375,0.0008557777777777,22.003813333014307
0.0015210943331335,0.0020027570171375,0.0008557777777777,22.214900882079778
0.0011230943331335,0.0014007570171375,0.0008567777777777,22.391868774743894
0.0014730943331335,0.0014237570171375,0.0008567777777777,25.43967579757773
0.0015740943331335,0.0015817570171375,0.0008567777777777,25.542596996603766
0.0014070943331335,0.0018167570171375,0.0008567777777777,22.73769456805691
0.0013190943331335,0.0018767570171375,0.0008567777777777,21.86529181544242
0.0012790943331335,0.0019827570171375,0.0008567777777777,21.48283635863003
0.0011000943331335,0.0020747570171375,0.0008567777777777,22.688635677329152
0.0009880943331335,0.0014317570171375,0.0008577777777777,20.42831754749465
0.0010060943331335,0.0014337570171375,0.0008577777777777,20.515593524227125
0.0010840943331335,0.0016437570171375,0.0008577777777777,22.071387354473185
0.0010770943331335,0.0017447570171375,0.0008577777777777,21.839657043076652
0.0017190943331335,0.0020857570171375,0.0008577777777777,20.910479012029267
0.0010160943331335,0.0014417570171375,0.0008587777777777,20.549604860354503
0.0015550943331335,0.0014807570171375,0.0008587777777777,25.955075450955345
0.0015130943331335,0.0015467570171375,0.0008587777777777,25.247016947815347
0.0011060943331335,0.0019237570171375,0.0008587777777777,21.902885953022444
0.0012010943331335,0.0019397570171375,0.0008587777777777,21.72888236708347
0.0010940943331335,0.0020907570171375,0.0008587777777777,22.607452723115426
0.0014990943331335,0.0015957570171375,0.0008597777777777,24.9677869537271
0.0015680943331335,0.0017707570171375,0.0008597777777777,23.620647017409397
0.0010690943331335,0.0019357570171375,0.0008607777777777,22.199494359210718
0.0014560943331335,0.0020337570171375,0.0008607777777777,21.09149741093374
0.0013620943331335,0.0014647570171375,0.0008617777777777,24.638366677631076
0.0011070943331335,0.0015037570171375,0.0008617777777777,22.408179636722995
0.0017260943331335,0.0015897570171375,0.0008617777777777,25.62094243995879
0.0016110943331335,0.0017327570171375,0.0008617777777777,23.781557437992515
0.0009640943331335,0.0019627570171375,0.0008617777777777,23.82465661206161
0.0012340943331335,0.0015297570171375,0.0008627777777777,22.84983525828594
0.0016450943331335,0.0016077570171375,0.0008627777777777,25.664131377971863
0.0012660943331335,0.0020907570171375,0.0008627777777777,21.294023057342915
0.0011470943331335,0.0017117570171375,0.0008637777777777,22.071993485204786
0.0010270943331335,0.0018127570171375,0.0008637777777777,21.840661659802727
0.0010830943331335,0.0019317570171375,0.0008637777777777,22.072230336114465
0.0011630943331335,0.0021117570171375,0.0008637777777777,22.01257153533683
0.0012540943331335,0.0015477570171375,0.0008647777777777,22.85575432681096
0.0015960943331335,0.0020317570171375,0.0008647777777777,20.959805111461755
0.0014390943331335,0.0020357570171375,0.0008647777777777,21.093158068132915
0.0016930943331335,0.0016827570171375,0.0008657777777777,24.359034625191867
0.0012350943331335,0.0016937570171375,0.0008657777777777,22.517202960786527
0.0010120943331335,0.0021027570171375,0.0008657777777777,23.50664138819989
0.0010460943331335,0.0013577570171375,0.0008667777777777,20.702082247175934
0.0010040943331335,0.0014757570171375,0.0008667777777777,20.470272502355748
0.0014890943331335,0.0019247570171375,0.0008667777777777,22.50893309582018
0.0013710943331335,0.0019777570171375,0.0008667777777777,21.44919972147433
0.0015330943331335,0.0020477570171375,0.0008667777777777,20.852807406219423
0.0013300943331335,0.0013707570171375,0.0008677777777777,24.7875847482488
0.0015470943331335,0.0014077570171375,0.0008677777777777,26.151942991880315
0.0017160943331335,0.0014817570171375,0.0008677777777777,26.355512158830965
0.0015660943331335,0.0016037570171375,0.0008677777777777,25.133242068757568
0.0014210943331335,0.0016757570171375,0.0008677777777777,24.309416054331155
0.0015540943331335,0.0019637570171375,0.0008677777777777,21.833989176102694
0.0010700943331335,0.0017307570171375,0.0008687777777777,22.07379621724115
0.0009970943331335,0.0018397570171375,0.0008687777777777,21.992768297403597
0.0009860943331335,0.0018557570171375,0.0008687777777777,22.04933783709736
0.0010380943331335,0.0014927570171375,0.0008697777777777,20.635319343291865
0.0011490943331335,0.0015117570171375,0.0008697777777777,22.51306509347526
0.0014220943331335,0.0015287570171375,0.0008697777777777,24.96908672645013
0.0017440943331335,0.0018847570171375,0.0008697777777777,23.537571830242303
0.0012690943331335,0.0013777570171375,0.0008707777777777,24.31053081955204
0.0013280943331335,0.0013867570171375,0.0008707777777777,24.76940917660987
0.0012780943331335,0.0018297570171375,0.0008707777777777,22.77707698813358
0.0010410943331335,0.0013687570171375,0.0008717777777777,20.723706210780446
0.0015310943331335,0.0014197570171375,0.0008717777777777,26.08175410123833
0.0013560943331335,0.0014957570171375,0.0008717777777777,24.526573026530848
0.0017260943331335,0.0015257570171375,0.0008717777777777,26.240968210182373
0.0013100943331335,0.0015737570171375,0.0008717777777777,23.40676416489395
0.0017540943331335,0.0016247570171375,0.0008717777777777,25.509194025919466
0.0011420943331335,0.0017137570171375,0.0008717777777777,22.054841558823927
0.0012800943331335,0.0019347570171375,0.0008717777777777,21.701584290278674
0.0014170943331335,0.0019467570171375,0.0008717777777777,21.7304966233891
0.0014300943331335,0.0020317570171375,0.0008717777777777,21.09581185074958
0.0016980943331335,0.0019327570171375,0.0008727777777777,23.731513170245208
0.0015470943331335,0.0021227570171375,0.0008727777777777,20.687030782279297
0.0014710943331335,0.0014567570171375,0.0008737777777777,25.565588826610163
0.0010090943331335,0.0015907570171375,0.0008737777777777,21.811845277849226
0.0010130943331335,0.0021127570171375,0.0008737777777777,23.386918759732453
0.0013660943331335,0.0021457570171375,0.0008737777777777,20.795918815678377
0.0012140943331335,0.0014207570171375,0.0008747777777777,24.187809591313844
0.0012590943331335,0.0015647570171375,0.0008747777777777,22.825441140269564
0.0015560943331335,0.0015667570171375,0.0008747777777777,25.43842594385096
0.0016910943331335,0.0015927570171375,0.0008747777777777,25.67077959827067
0.0011900943331335,0.0016597570171375,0.0008747777777777,22.200112942789094
0.0015960943331335,0.0016637570171375,0.0008747777777777,24.792340643605037
0.0009660943331335,0.0017167570171375,0.0008747777777777,22.95642180056664
0.0012800943331335,0.0019397570171375,0.0008747777777777,21.700591560047947
0.0009800943331335,0.0020317570171375,0.0008747777777777,23.054533230689813
0.0013130943331335,0.0020637570171375,0.0008747777777777,21.190457937084044
0.0014060943331335,0.0015277570171375,0.0008757777777777,24.92739857507492
0.0011750943331335,0.0017777570171375,0.0008757777777777,22.095116215128808
0.0016020943331335,0.0020257570171375,0.0008757777777777,20.963248069001292
0.0016080943331335,0.0018167570171375,0.0008767777777777,23.3005944341615
0.0012260943331335,0.0014097570171375,0.0008777777777777,24.22246109738117
0.0015530943331335,0.0017337570171375,0.0008777777777777,23.706386484082234
0.0017310943331335,0.0017387570171375,0.0008777777777777,24.100268561885418
0.0010380943331335,0.0018017570171375,0.0008777777777777,21.85381460368975
0.0010060943331335,0.0018267570171375,0.0008777777777777,21.961437814038845
0.0013570943331335,0.0019157570171375,0.0008777777777777,21.844597718498168
0.0014660943331335,0.0013477570171375,0.0008787777777777,27.921993773984084
0.0011220943331335,0.0014027570171375,0.0008787777777777,22.345980045592814
0.0015160943331335,0.0014167570171375,0.0008787777777777,26.011699042477794
0.0011950943331335,0.0014837570171375,0.0008787777777777,23.176480775766123
0.0012250943331335,0.0015457570171375,0.0008787777777777,22.715283788014105
0.0010480943331335,0.0019617570171375,0.0008787777777777,23.090509954640037
0.0014250943331335,0.0014077570171375,0.0008797777777777,25.702160671299787
0.0014300943331335,0.0014927570171375,0.0008797777777777,24.820882714474273
0.0016750943331335,0.0016067570171375,0.0008797777777777,25.63979598312614
0.0011920943331335,0.0016547570171375,0.0008797777777777,22.205993924463375
0.0009700943331335,0.0019707570171375,0.0008797777777777,24.45356800276885
0.0010680943331335,0.0021197570171375,0.0008797777777777,22.341496950927315
0.0013050943331335,0.0013697570171375,0.0008807777777777,24.698549890490277
0.0016140943331335,0.0017407570171375,0.0008807777777777,23.78539045496626
0.0011280943331335,0.0016327570171375,0.0008817777777777,22.137983943655744
0.0017410943331335,0.0017547570171375,0.0008817777777777,24.137340037810613
0.0013390943331335,0.0018037570171375,0.0008817777777777,22.259545735883908
0.0017530943331335,0.0019497570171375,0.0008817777777777,20.739261345422698
0.0012770943331335,0.0013827570171375,0.0008827777777777,24.459905729780996
0.0010550943331335,0.0017047570171375,0.0008827777777777,22.017447642299555
0.0015310943331335,0.0019037570171375,0.0008827777777777,22.488743976317565
0.0016260943331335,0.0013927570171375,0.0008837777777777,26.764680401033136
0.0015030943331335,0.0017317570171375,0.0008837777777777,24.039206094705037
0.0013870943331335,0.0020497570171375,0.0008837777777777,21.10283568045605
0.0015990943331335,0.0013467570171375,0.0008847777777777,27.427003454504188
0.0016750943331335,0.0013607570171375,0.0008847777777777,26.950409695494255
0.0011920943331335,0.0014227570171375,0.0008847777777777,24.079264608063728
0.0009990943331335,0.0015907570171375,0.0008847777777777,21.802475000056184
0.0009730943331335,0.0016157570171375,0.0008847777777777,21.95879878643401
0.0011250943331335,0.0017887570171375,0.0008847777777777,21.871197372962314
0.0014350943331335,0.0017927570171375,0.0008847777777777,22.886041044187124
0.0012950943331335,0.0021477570171375,0.0008847777777777,21.16286668580605
0.0017070943331335,0.0016757570171375,0.0008857777777777,24.459685270151102
0.0013030943331335,0.0017337570171375,0.0008857777777777,22.39637153999329
0.0011650943331335,0.0017707570171375,0.0008857777777777,22.09406679307118
0.0016690943331335,0.0018187570171375,0.0008857777777777,23.07493204703483
0.0012830943331335,0.0019457570171375,0.0008857777777777,21.699633768464324
0.0009730943331335,0.0020307570171375,0.0008857777777777,23.157181071875165
0.0015110943331335,0.0014127570171375,0.0008867777777777,25.999174841508996
0.0010880943331335,0.0014847570171375,0.0008867777777777,22.247226884599176
0.0010300943331335,0.0016567570171375,0.0008867777777777,22.005199453254715
0.0010500943331335,0.0016877570171375,0.0008867777777777,22.011720491152136
0.0014970943331335,0.0018527570171375,0.0008867777777777,22.38168205880532
0.0012450943331335,0.0019597570171375,0.0008867777777777,21.698304061525818
0.0011480943331335,0.0021097570171375,0.0008867777777777,22.06791413081128
0.0017260943331335,0.0013597570171375,0.0008877777777777,28.361789810541413
0.0014810943331335,0.0014617570171375,0.0008877777777777,25.576864147546008
0.0012650943331335,0.0014737570171375,0.0008877777777777,24.146701291881453
0.0011150943331335,0.0015557570171375,0.0008877777777777,22.218296356632877
0.0016870943331335,0.0015737570171375,0.0008877777777777,25.717369386885387
0.0009680943331335,0.0016337570171375,0.0008877777777777,21.980270263786494
0.0012110943331335,0.0017177570171375,0.0008877777777777,22.219263845797247
0.0013160943331335,0.0014157570171375,0.0008887777777777,24.37986697190263
0.0012330943331335,0.0014697570171375,0.0008887777777777,23.74596300391377
0.0011810943331335,0.0015897570171375,0.0008887777777777,22.273275810823495
0.0012690943331335,0.0018437570171375,0.0008887777777777,22.71410999510673
0.0014850943331335,0.0018597570171375,0.0008887777777777,22.37693435824993
0.0016540943331335,0.0019027570171375,0.0008887777777777,22.48807013725964
0.0016810943331335,0.0021177570171375,0.0008887777777777,20.07884941899344
0.0009730943331335,0.0016187570171375,0.0008897777777777,21.966974337850864
0.0014440943331335,0.0016467570171375,0.0008897777777777,24.373533631569376
0.0010750943331335,0.0018737570171375,0.0008897777777777,21.95803252023597
0.0015460943331335,0.0019017570171375,0.0008897777777777,22.474175557275377
0.0016470943331335,0.0020787570171375,0.0008897777777777,20.326246157087425
0.0011770943331335,0.0016387570171375,0.0008907777777777,22.214180451810503
0.0016610943331335,0.0019257570171375,0.0008907777777777,22.4212522508809
0.0009590943331335,0.0020797570171375,0.0008907777777777,22.888442910364102
0.0012660943331335,0.0013917570171375,0.0008917777777777,24.390054435871253
0.0017430943331335,0.0014857570171375,0.0008917777777777,26.308867696050033
0.0009800943331335,0.0015237570171375,0.0008917777777777,20.99088600222717
0.0017570943331335,0.0015887570171375,0.0008917777777777,25.73164690030767
0.0009690943331335,0.0016267570171375,0.0008917777777777,21.976912036573154
0.0013270943331335,0.0017477570171375,0.0008917777777777,22.39996574253916
0.0014950943331335,0.0021367570171375,0.0008917777777777,20.85646461048854
0.0011850943331335,0.0015787570171375,0.0008927777777777,22.282128712136053
0.0013960943331335,0.0017647570171375,0.0008927777777777,23.060114019388344
0.0011520943331335,0.0018357570171375,0.0008927777777777,21.948612639371245
0.0009610943331335,0.0020337570171375,0.0008927777777777,23.29352969479419
0.0009840943331335,0.0021347570171375,0.0008927777777777,22.678176548807432
0.0009860943331335,0.0015167570171375,0.0008937777777777,21.067464205270515
0.0017000943331335,0.0015667570171375,0.0008937777777777,25.760217916980164
0.0015580943331335,0.0016827570171375,0.0008937777777777,23.83001470946321
0.0014150943331335,0.0017067570171375,0.0008937777777777,23.351974835670358
0.0013930943331335,0.0019537570171375,0.0008937777777777,21.616531460468376
0.0013830943331335,0.0020617570171375,0.0008937777777777,21.07688183453434
0.0017250943331335,0.0021397570171375,0.0008937777777777,19.704421260418812
0.0013900943331335,0.0015147570171375,0.0008947777777777,24.634700795952302
0.0011270943331335,0.0015317570171375,0.0008947777777777,22.22088787189133
0.0014300943331335,0.0015527570171375,0.0008947777777777,24.871315319897313
0.0013670943331335,0.0015847570171375,0.0008947777777777,24.39768724921158
0.0014350943331335,0.0017897570171375,0.0008947777777777,22.87668792690805
0.0010860943331335,0.0019077570171375,0.0008947777777777,21.950233827137993
0.0011280943331335,0.0020407570171375,0.0008947777777777,22.354063942714806
0.0013520943331335,0.0021107570171375,0.0008947777777777,21.131437592810368
0.0016650943331335,0.0017477570171375,0.0008957777777777,23.79493166210342
0.0017010943331335,0.0018217570171375,0.0008957777777777,22.97478384827455
0.0013590943331335,0.0018377570171375,0.0008957777777777,22.155087611790538
0.0010710943331335,0.0018867570171375,0.0008957777777777,21.96213187694374
0.0013800943331335,0.0019607570171375,0.0008957777777777,21.570419801186596
0.0010170943331335,0.0020707570171375,0.0008957777777777,22.874957256702974
0.0016110943331335,0.0016097570171375,0.0008967777777777,25.447269768336774
0.0016270943331335,0.0018347570171375,0.0008967777777777,23.116261857391198
0.0014640943331335,0.0018577570171375,0.0008967777777777,22.3671466028325
0.0015090943331335,0.0015317570171375,0.0008977777777777,25.100647866010245
0.0009690943331335,0.0016207570171375,0.0008977777777777,21.97594262599223
0.0013000943331335,0.0016677570171375,0.0008977777777777,22.911451268734588
0.0012830943331335,0.0017767570171375,0.0008977777777777,22.260617649723706
0.0013480943331335,0.0018167570171375,0.0008977777777777,22.226875175616136
0.0015910943331335,0.0019427570171375,0.0008977777777777,21.675310853916738
0.0013460943331335,0.0021187570171375,0.0008977777777777,21.136972252058747
0.0016690943331335,0.0021287570171375,0.0008977777777777,20.084031115640798
0.0009790943331335,0.0021297570171375,0.0008977777777777,22.673950796429416
0.0017070943331335,0.0013897570171375,0.0008987777777777,27.6459016438814
0.0013930943331335,0.0014147570171375,0.0008987777777777,24.932549184248725
0.0012620943331335,0.0016537570171375,0.0008987777777777,22.494444102931503
0.0011940943331335,0.0018547570171375,0.0008987777777777,22.01753350474471
0.0009710943331335,0.0020297570171375,0.0008987777777777,23.18792601657256
0.0016200943331335,0.0021377570171375,0.0008987777777777,20.502763476398485
0.0015040943331335,0.0014157570171375,0.0008997777777777,25.957427319487838
0.0012380943331335,0.0014577570171375,0.0008997777777777,23.799548373503278
0.0011910943331335,0.0017447570171375,0.0008997777777777,22.13503994242856
0.0010460943331335,0.0017947570171375,0.0008997777777777,21.868355270404944
0.0011330943331335,0.0018087570171375,0.0008997777777777,21.89241973838892
0.0011880943331335,0.0020717570171375,0.0008997777777777,21.768821630473624
0.0009690943331335,0.0020797570171375,0.0008997777777777,22.634229262046944
0.0010490943331335,0.0020197570171375,0.0009007777777777,22.428047253410462
0.0013180943331335,0.0015247570171375,0.0009017777777777,24.25821706496373
0.0016550943331335,0.0015307570171375,0.0009017777777777,25.42009214520399
0.0016690943331335,0.0014137570171375,0.0009027777777777,27.085423874634284
0.0017270943331335,0.0016147570171375,0.0009027777777777,25.521206053736535
0.0014410943331335,0.0016277570171375,0.0009027777777777,24.395065537497846
0.0014530943331335,0.0018587570171375,0.0009027777777777,22.26755263341117
0.0012070943331335,0.0019987570171375,0.0009027777777777,21.693154614901488
0.0015210943331335,0.0015857570171375,0.0009037777777777,25.258740976210873
0.0012470943331335,0.0016497570171375,0.0009037777777777,22.452271763439153
0.0015900943331335,0.0018497570171375,0.0009037777777777,22.768755243077283
0.0010020943331335,0.0014357570171375,0.0009047777777777,20.569896501467536
0.0011340943331335,0.0014647570171375,0.0009047777777777,23.87094077569021
0.0011390943331335,0.0014697570171375,0.0009047777777777,23.856164862764093
0.0011110943331335,0.0015137570171375,0.0009047777777777,22.216412677716907
0.0016110943331335,0.0016007570171375,0.0009047777777777,25.43312409652877
0.0014460943331335,0.0018647570171375,0.0009047777777777,22.260262210524356
0.0014350943331335,0.0019967570171375,0.0009047777777777,21.18494155616598
0.0017250943331335,0.0013987570171375,0.0009057777777777,27.65214646424157
0.0014300943331335,0.0014877570171375,0.0009057777777777,24.47921514494706
0.0014070943331335,0.0017087570171375,0.0009057777777777,23.16610207849662
0.0016140943331335,0.0019277570171375,0.0009057777777777,21.754200962390588
0.0013030943331335,0.0019487570171375,0.0009057777777777,21.69468145038053
0.0010500943331335,0.0015067570171375,0.0009067777777777,20.689180275599348
0.0010570943331335,0.0015957570171375,0.0009067777777777,21.813910956786792
0.0017340943331335,0.0016057570171375,0.0009067777777777,25.50090421952086
0.0011580943331335,0.0016227570171375,0.0009067777777777,22.234736037405888
0.0016480943331335,0.0018637570171375,0.0009067777777777,22.982506827001725
0.0013720943331335,0.0019597570171375,0.0009067777777777,21.573157073647348
0.0013000943331335,0.0020097570171375,0.0009067777777777,21.443059109027008
0.0014740943331335,0.0020517570171375,0.0009067777777777,21.025952514712664
0.0014310943331335,0.0015997570171375,0.0009077777777777,24.62756830030224
0.0012120943331335,0.0019917570171375,0.0009077777777777,21.691273541709382
0.0010110943331335,0.0020757570171375,0.0009077777777777,22.512767841276226
0.0010100943331335,0.0013827570171375,0.0009087777777777,20.012386636454565
0.0010590943331335,0.0015857570171375,0.0009087777777777,21.813910956786792
0.0011310943331335,0.0016077570171375,0.0009087777777777,22.262507070581357
0.0011450943331335,0.0016157570171375,0.0009087777777777,22.256815797491086
0.0016080943331335,0.0016277570171375,0.0009087777777777,25.180000282798172
0.0011260943331335,0.0016697570171375,0.0009087777777777,22.28487507181414
0.0011550943331335,0.0019587570171375,0.0009087777777777,22.262898445032477
0.0011160943331335,0.0021317570171375,0.0009087777777777,22.089752863663634
0.0016850943331335,0.0021427570171375,0.0009087777777777,20.05794249370236
0.0010970943331335,0.0013917570171375,0.0009097777777777,21.76731812481675
0.0015600943331335,0.0014097570171375,0.0009097777777777,25.641475646649496
0.0017070943331335,0.0016167570171375,0.0009097777777777,25.553169879908733
0.0012330943331335,0.0017537570171375,0.0009097777777777,22.20228193226232
0.0013400943331335,0.0018147570171375,0.0009097777777777,22.24574096508027
0.0014960943331335,0.0014217570171375,0.0009107777777777,25.828554814980166
0.0015990943331335,0.0014467570171375,0.0009107777777777,25.824046630109123
0.0015870943331335,0.0015447570171375,0.0009107777777777,25.33740953314356
0.0014470943331335,0.0015667570171375,0.0009107777777777,24.762835689729886
0.0009860943331335,0.0015767570171375,0.0009107777777777,21.75006437780958
0.0017550943331335,0.0017527570171375,0.0009107777777777,24.254643717099725
0.0009890943331335,0.0020207570171375,0.0009107777777777,23.032354057158358
0.0011090943331335,0.0021157570171375,0.0009107777777777,22.353584410475964
0.0011460943331335,0.0014837570171375,0.0009117777777777,23.805032299013153
0.0015780943331335,0.0015497570171375,0.0009117777777777,25.325987517624256
0.0011950943331335,0.0017217570171375,0.0009117777777777,22.168605136012307
0.0014730943331335,0.0018077570171375,0.0009117777777777,22.714101842594058
0.0013940943331335,0.0015927570171375,0.0009127777777777,24.457717615474984
0.0015690943331335,0.0018967570171375,0.0009127777777777,22.388255949451434
0.0013980943331335,0.0021317570171375,0.0009137777777777,20.8099615868604
0.0016400943331335,0.0015157570171375,0.0009147777777777,25.41008479668027
0.0014530943331335,0.0015667570171375,0.0009147777777777,24.750899712136203
0.0016000943331335,0.0015797570171375,0.0009147777777777,25.43014991818888
0.0014440943331335,0.0016367570171375,0.0009147777777777,24.31544324440707
0.0015770943331335,0.0018897570171375,0.0009147777777777,22.41424371712722
0.0010930943331335,0.0021077570171375,0.0009147777777777,22.40102626221098
0.0010210943331335,0.0013567570171375,0.0009157777777777,20.12966199862986
0.0010590943331335,0.0014517570171375,0.0009157777777777,21.243421430705098
0.0015160943331335,0.0016877570171375,0.0009157777777777,24.35580080342465
0.0012570943331335,0.0018327570171375,0.0009157777777777,22.63654903872835
0.0015580943331335,0.0020117570171375,0.0009157777777777,21.5807430485544
0.0011980943331335,0.0015007570171375,0.0009167777777777,23.347297910288688
0.0017010943331335,0.0015487570171375,0.0009167777777777,25.47044501788372
0.0010540943331335,0.0015857570171375,0.0009167777777777,21.8139109567868
0.0011250943331335,0.0017637570171375,0.0009167777777777,21.897182291939295
0.0011910943331335,0.0019367570171375,0.0009167777777777,22.347299916238583
0.0011280943331335,0.0018987570171375,0.0009177777777777,22.09309700550633
0.0010900943331335,0.0014147570171375,0.0009187777777777,21.56209130114726
0.0015100943331335,0.0016857570171375,0.0009187777777777,24.35377623274215
0.0017500943331335,0.0019907570171375,0.0009187777777777,21.60436714062344
0.0010510943331335,0.0015047570171375,0.0009197777777777,20.797214964891182
0.0017110943331335,0.0015077570171375,0.0009197777777777,25.782357897728083
0.0009960943331335,0.0019407570171375,0.0009197777777777,22.815954115996977
0.0016980943331335,0.0020037570171375,0.0009197777777777,20.40484802857082
0.0013190943331335,0.0014207570171375,0.0009207777777777,24.23671558826297
0.0016010943331335,0.0016377570171375,0.0009207777777777,25.060471341714678
0.0014120943331335,0.0018917570171375,0.0009207777777777,22.227736153707973
0.0009950943331335,0.0019727570171375,0.0009207777777777,22.856803373148566
0.0014340943331335,0.0019847570171375,0.0009207777777777,21.207369064290777
0.0009900943331335,0.0014357570171375,0.0009217777777777,20.543266027295743
0.0012890943331335,0.0014487570171375,0.0009217777777777,24.196927319380443
0.0012030943331335,0.0014997570171375,0.0009217777777777,23.350049011800735
0.0011840943331335,0.0015207570171375,0.0009217777777777,23.37188664381355
0.0011350943331335,0.0018987570171375,0.0009217777777777,22.094864981663925
0.0012300943331335,0.0019147570171375,0.0009217777777777,22.467026500701316
0.0015070943331335,0.0019307570171375,0.0009217777777777,22.093039245591907
0.0013510943331335,0.0019867570171375,0.0009217777777777,21.563077645145825
0.0010140943331335,0.0020197570171375,0.0009217777777777,22.68819586742933
0.0009670943331335,0.0021027570171375,0.0009237777777777,22.589558806205236
0.0012170943331335,0.0021327570171375,0.0009237777777777,21.15131432384958
0.0010880943331335,0.0014047570171375,0.0009247777777777,21.656969586416064
0.0014020943331335,0.0014157570171375,0.0009247777777777,24.90026678732848
0.0013140943331335,0.0014267570171375,0.0009247777777777,24.232367753005132
0.0010470943331335,0.0016127570171375,0.0009247777777777,21.935354264144344
0.0014240943331335,0.0016397570171375,0.0009247777777777,24.261167471454197
0.0010570943331335,0.0017267570171375,0.0009247777777777,22.0145190834686
0.0011840943331335,0.0019297570171375,0.0009247777777777,22.342402010876555
0.0015130943331335,0.0016297570171375,0.0009257777777777,25.126827167055428
0.0015320943331335,0.0017937570171375,0.0009257777777777,22.60987144579565
0.0012060943331335,0.0018017570171375,0.0009257777777777,22.307432732300683
0.0009780943331335,0.0018447570171375,0.0009257777777777,22.102548779803293
0.0010690943331335,0.0019077570171375,0.0009257777777777,22.017311838324193
0.0015530943331335,0.0019117570171375,0.0009257777777777,22.257498598021968
0.0015760943331335,0.0020067570171375,0.0009257777777777,21.419735436625942
0.0014570943331335,0.0013807570171375,0.0009267777777777,25.513729309181727
0.0012280943331335,0.0016207570171375,0.0009267777777777,22.39119513579986
0.0011940943331335,0.0020267570171375,0.0009267777777777,22.54326957502021
0.0016700943331335,0.0020727570171375,0.0009267777777777,20.11567186951502
0.0012400943331335,0.0013457570171375,0.0009277777777777,24.062733858210432
0.0015110943331335,0.0016377570171375,0.0009277777777777,24.854598591757238
0.0016000943331335,0.0016467570171375,0.0009277777777777,25.00547231891901
0.0015310943331335,0.0017477570171375,0.0009277777777777,23.775400872921306
0.0016070943331335,0.0018857570171375,0.0009277777777777,22.432386516074647
0.0016360943331335,0.0018927570171375,0.0009277777777777,22.42618664632881
0.0016310943331335,0.0019077570171375,0.0009277777777777,21.766750739623124
0.0010780943331335,0.0019587570171375,0.0009277777777777,22.577909558130074
0.0013260943331335,0.0020707570171375,0.0009277777777777,21.21811906025768
0.0014330943331335,0.0021377570171375,0.0009277777777777,20.803866833725642
0.0013300943331335,0.0018627570171375,0.0009287777777777,22.301021118201742
0.0016020943331335,0.0018677570171375,0.0009287777777777,22.68201639325875
0.0010170943331335,0.0015807570171375,0.0009297777777777,21.809082472358966
0.0014430943331335,0.0016817570171375,0.0009297777777777,24.163456953513666
0.0016450943331335,0.0018217570171375,0.0009297777777777,22.887197345820177
0.0017420943331335,0.0018407570171375,0.0009297777777777,22.914246511294436
0.0011400943331335,0.0019827570171375,0.0009297777777777,22.211643233261835
0.0016250943331335,0.0019857570171375,0.0009297777777777,21.228277460039706
0.0009730943331335,0.0014437570171375,0.0009307777777777,20.54664357844506
0.0011210943331335,0.0014807570171375,0.0009307777777777,23.765019103274277
0.0012750943331335,0.0017537570171375,0.0009307777777777,22.33891671315697
0.0010800943331335,0.0018327570171375,0.0009307777777777,22.37344892032965
0.0016790943331335,0.0019457570171375,0.0009307777777777,21.144944687646095
0.0012430943331335,0.0017247570171375,0.0009317777777777,22.50127328312137
0.0017610943331335,0.0017467570171375,0.0009317777777777,24.17834662243427
0.0017050943331335,0.0017927570171375,0.0009317777777777,22.6432138290724
0.0012960943331335,0.0018717570171375,0.0009317777777777,22.311988029452444
0.0011910943331335,0.0020187570171375,0.0009317777777777,22.564041570680995
0.0011270943331335,0.0020727570171375,0.0009317777777777,22.380179031922548
0.0016280943331335,0.0016777570171375,0.0009327777777777,23.955556548176485
0.0015190943331335,0.0017507570171375,0.0009327777777777,23.749561612798992
0.0016740943331335,0.0017837570171375,0.0009327777777777,22.520385167433396
0.0013330943331335,0.0020727570171375,0.0009327777777777,21.219004304160325
0.0014590943331335,0.0016577570171375,0.0009337777777777,24.192606320350396
0.0016270943331335,0.0016687570171375,0.0009337777777777,24.839309715711586
0.0017390943331335,0.0017227570171375,0.0009337777777777,24.27636732234184
0.0013050943331335,0.0017697570171375,0.0009337777777777,22.347323380541795
0.0015940943331335,0.0017787570171375,0.0009337777777777,22.590900950414696
0.0016410943331335,0.0020507570171375,0.0009337777777777,20.177045604653465
0.0016120943331335,0.0015147570171375,0.0009347777777777,25.354767047870535
0.0016520943331335,0.0016937570171375,0.0009347777777777,23.864376167556586
0.0013370943331335,0.0018297570171375,0.0009347777777777,22.28583444503565
0.0017460943331335,0.0018457570171375,0.0009347777777777,22.91303701811655
0.0017150943331335,0.0020517570171375,0.0009347777777777,19.917110516367003
0.0017610943331335,0.0015617570171375,0.0009357777777777,26.01723392917655
0.0010690943331335,0.0016187570171375,0.0009357777777777,21.982563132765883
0.0012360943331335,0.0019237570171375,0.0009357777777777,22.459554947884236
0.0011320943331335,0.0020697570171375,0.0009357777777777,22.383421861697865
0.0013320943331335,0.0020817570171375,0.0009357777777777,21.220201890433085
0.0013040943331335,0.0021147570171375,0.0009357777777777,21.233393266487596
0.0011400943331335,0.0014787570171375,0.0009367777777777,23.768963900739454
0.0010240943331335,0.0016377570171375,0.0009367777777777,21.993633180321428
0.0013760943331335,0.0016557570171375,0.0009367777777777,23.759316294215953
0.0016720943331335,0.0017237570171375,0.0009367777777777,23.547882074609458
0.0011560943331335,0.0018417570171375,0.0009367777777777,22.009615585191384
0.0015990943331335,0.0018607570171375,0.0009367777777777,22.657312203962693
0.0010460943331335,0.0013847570171375,0.0009377777777777,20.326929477097508
0.0011410943331335,0.0015407570171375,0.0009377777777777,22.966579784031676
0.0011310943331335,0.0017277570171375,0.0009377777777777,22.006943738771056
0.0011580943331335,0.0018617570171375,0.0009377777777777,22.010957428478385
0.0012650943331335,0.0021437570171375,0.0009377777777777,21.219764522690156
0.0013060943331335,0.0018687570171375,0.0009387777777777,22.30553945004387
0.0013980943331335,0.0020977570171375,0.0009387777777777,20.84853995769338
0.0015450943331335,0.0013907570171375,0.0009397777777777,25.598400380526456
0.0013400943331335,0.0017087570171375,0.0009397777777777,22.633647410334163
0.0010130943331335,0.0017407570171375,0.0009397777777777,22.019930956674035
0.0011410943331335,0.0018287570171375,0.0009397777777777,22.00711212273197
0.0011820943331335,0.0018437570171375,0.0009397777777777,22.02931910694583
0.0013390943331335,0.0019397570171375,0.0009397777777777,21.66717408644581
0.0014810943331335,0.0020767570171375,0.0009397777777777,20.942648535742787
0.0010350943331335,0.0013727570171375,0.0009407777777777,20.282666804361174
0.0014800943331335,0.0015797570171375,0.0009407777777777,24.63683164918766
0.0012370943331335,0.0018117570171375,0.0009407777777777,22.497539159922745
0.0013760943331335,0.0018927570171375,0.0009407777777777,21.982335030571825
0.0012320943331335,0.0019407570171375,0.0009407777777777,22.472903073391365
0.0010300943331335,0.0021247570171375,0.0009407777777777,22.377595522888793
0.0011520943331335,0.0014157570171375,0.0009417777777777,22.57772757683493
0.0014900943331335,0.0019067570171375,0.0009417777777777,22.076074999991626
0.0010860943331335,0.0020177570171375,0.0009417777777777,22.150876407904168
0.0011580943331335,0.0021157570171375,0.0009417777777777,21.61995712285251
0.0012610943331335,0.0021397570171375,0.0009417777777777,21.228474564531677
0.0010320943331335,0.0014157570171375,0.0009427777777777,20.629468308823654
0.0013170943331335,0.0017057570171375,0.0009427777777777,22.56763141781946
0.0016020943331335,0.0019997570171375,0.0009427777777777,21.23416070374319
0.0010940943331335,0.0020057570171375,0.0009427777777777,22.156178834039345
0.0016730943331335,0.0020627570171375,0.0009427777777777,20.09067746220641
0.0012660943331335,0.0013537570171375,0.0009437777777777,24.094733585080427
0.0017610943331335,0.0013857570171375,0.0009437777777777,27.165984792044437
0.0015220943331335,0.0013947570171375,0.0009437777777777,25.583573991571438
0.0013830943331335,0.0016007570171375,0.0009437777777777,24.386604696569574
0.0015860943331335,0.0016587570171375,0.0009437777777777,24.869741026672443
0.0014350943331335,0.0018137570171375,0.0009437777777777,22.49232294919245
0.0013240943331335,0.0018167570171375,0.0009437777777777,22.31554613920018
0.0016810943331335,0.0016167570171375,0.0009447777777777,24.373747123932198
0.0011210943331335,0.0016987570171375,0.0009447777777777,22.02735502726136
0.0012950943331335,0.0014877570171375,0.0009457777777777,23.727041518285805
0.0010240943331335,0.0016377570171375,0.0009457777777777,22.0049937928442
0.0015850943331335,0.0017147570171375,0.0009457777777777,24.12751895235063
0.0015470943331335,0.0021207570171375,0.0009457777777777,20.594896730575677
0.0017160943331335,0.0013967570171375,0.0009467777777777,26.945647913555305
0.0009870943331335,0.0017317570171375,0.0009467777777777,22.27347618130203
0.0011900943331335,0.0017557570171375,0.0009467777777777,22.19239635723549
0.0016200943331335,0.0020577570171375,0.0009467777777777,20.254267568139614
0.0013350943331335,0.0020967570171375,0.0009467777777777,21.24585215556616
0.0015280943331335,0.0014247570171375,0.0009477777777777,25.650796194538824
0.0010490943331335,0.0014597570171375,0.0009477777777777,21.148491748811875
0.0010790943331335,0.0019027570171375,0.0009477777777777,22.007564058285713
0.0010620943331335,0.0020687570171375,0.0009477777777777,22.085582316826166
0.0009770943331335,0.0014547570171375,0.0009487777777777,20.576486159072324
0.0010330943331335,0.0015747570171375,0.0009487777777777,21.94623141431639
0.0010910943331335,0.0018367570171375,0.0009487777777777,22.26832978828972
0.0016750943331335,0.0018367570171375,0.0009487777777777,22.68861714467098
0.0010740943331335,0.0013467570171375,0.0009497777777777,21.35644386287027
0.0014500943331335,0.0013987570171375,0.0009497777777777,25.26775219261397
0.0010410943331335,0.0014697570171375,0.0009497777777777,21.07346019409195
0.0016400943331335,0.0015807570171375,0.0009497777777777,25.241172213439643
0.0017200943331335,0.0017097570171375,0.0009497777777777,24.277334241531555
0.0010560943331335,0.0020227570171375,0.0009497777777777,22.143147084780175
0.0015640943331335,0.0021157570171375,0.0009497777777777,20.556648292014053
0.0011380943331335,0.0014177570171375,0.0009507777777777,22.51869460230448
0.0013600943331335,0.0014237570171375,0.0009507777777777,24.56259436087367
0.0015010943331335,0.0015167570171375,0.0009507777777777,25.199062327683976
0.0017580943331335,0.0021287570171375,0.0009507777777777,19.301811628956735
0.0016450943331335,0.0013847570171375,0.0009517777777777,26.872691886597934
0.0016100943331335,0.0015067570171375,0.0009517777777777,25.30933946662242
0.0017210943331335,0.0015347570171375,0.0009517777777777,25.514014081057013
0.0012200943331335,0.0016037570171375,0.0009517777777777,22.370435490871294
0.0009960943331335,0.0018447570171375,0.0009517777777777,22.096699327983508
0.0010970943331335,0.0019507570171375,0.0009517777777777,22.555385753291937
0.0017530943331335,0.0013807570171375,0.0009527777777777,27.135523157739375
0.0015220943331335,0.0015647570171375,0.0009527777777777,24.35708791678134
0.0010520943331335,0.0016667570171375,0.0009527777777777,21.997357959301638
0.0011200943331335,0.0016747570171375,0.0009527777777777,22.045984562431908
0.0010670943331335,0.0016767570171375,0.0009527777777777,22.02220764212506
0.0012360943331335,0.0018077570171375,0.0009527777777777,22.406435566116006
0.0015570943331335,0.0021197570171375,0.0009527777777777,20.57822798930174
0.0012960943331335,0.0015077570171375,0.0009537777777777,23.70419792569143
0.0009830943331335,0.0017307570171375,0.0009537777777777,22.449450870732274
0.0013390943331335,0.0019327570171375,0.0009537777777777,21.673816882359464
0.0015040943331335,0.0020247570171375,0.0009537777777777,21.10456923069844
0.0010130943331335,0.0020707570171375,0.0009537777777777,22.382867188084322
0.0016860943331335,0.0013847570171375,0.0009547777777777,26.883602414152396
0.0010560943331335,0.0016567570171375,0.0009547777777777,21.987371496312527
0.0012980943331335,0.0015487570171375,0.0009557777777777,23.57196584775537
0.0012090943331335,0.0019417570171375,0.0009557777777777,22.480659856853038
0.0016040943331335,0.0020507570171375,0.0009557777777777,20.552321421080574
0.0012080943331335,0.0020537570171375,0.0009567777777777,21.350736466252705
0.0011220943331335,0.0015257570171375,0.0009577777777777,22.947995943375574
0.0014510943331335,0.0018337570171375,0.0009577777777777,22.43835434074628
0.0015030943331335,0.0019227570171375,0.0009577777777777,22.032754087513023
0.0016980943331335,0.0020107570171375,0.0009577777777777,20.218534111365745
0.0013080943331335,0.0021097570171375,0.0009577777777777,21.25996544820374
0.0015720943331335,0.0016757570171375,0.0009587777777777,24.4114407585282
0.0010840943331335,0.0017517570171375,0.0009587777777777,21.85637389588667
0.0017300943331335,0.0019157570171375,0.0009587777777777,21.023937168978012
0.0016660943331335,0.0013927570171375,0.0009597777777777,26.872628968729064
0.0016150943331335,0.0015327570171375,0.0009597777777777,25.19994397012609
0.0013780943331335,0.0015927570171375,0.0009597777777777,24.321071330403058
0.0012320943331335,0.0018037570171375,0.0009597777777777,22.3929290295629
0.0012630943331335,0.0013657570171375,0.0009607777777777,24.08830557056698
0.0017560943331335,0.0013747570171375,0.0009607777777777,27.145238087751164
0.0011670943331335,0.0014167570171375,0.0009607777777777,22.735623826232747
0.0012120943331335,0.0015017570171375,0.0009607777777777,23.46686476128909
0.0016240943331335,0.0015357570171375,0.0009607777777777,25.20117755676157
0.0011760943331335,0.0020827570171375,0.0009607777777777,21.34813774316551
0.0015720943331335,0.0014617570171375,0.0009617777777777,25.265571561022767
0.0010590943331335,0.0015737570171375,0.0009617777777777,22.158930690461066
0.0013060943331335,0.0016107570171375,0.0009617777777777,23.145465847804612
0.0012190943331335,0.0016557570171375,0.0009617777777777,22.398853133199996
0.0013910943331335,0.0021427570171375,0.0009617777777777,20.795916863500466
0.0009750943331335,0.0017497570171375,0.0009627777777777,22.491335885316065
0.0013600943331335,0.0017867570171375,0.0009627777777777,22.432889823288235
0.0013970943331335,0.0018177570171375,0.0009627777777777,22.35148442023331
0.0014050943331335,0.0018177570171375,0.0009627777777777,22.35312325200838
0.0015000943331335,0.0020287570171375,0.0009627777777777,21.098683539175944
0.0012400943331335,0.0014397570171375,0.0009637777777777,24.125368829724597
0.0015480943331335,0.0015127570171375,0.0009637777777777,25.24003661717495
0.0011330943331335,0.0018327570171375,0.0009637777777777,22.03132020718113
0.0012260943331335,0.0020347570171375,0.0009637777777777,21.361525936475406
0.0017200943331335,0.0022587570171375,0.0009637777777777,20.542284393403538
0.0015350943331335,0.0018557570171375,0.0009647777777777,22.454388249848968
0.0015880943331335,0.0020087570171375,0.0009647777777777,21.18126932219113
0.0016870943331335,0.0021117570171375,0.0009647777777777,19.926328235200227
0.0009900943331335,0.0014117570171375,0.0009657777777777,20.6862137891558
0.0010780943331335,0.0017497570171375,0.0009657777777777,21.843337091799995
0.0016650943331335,0.0015657570171375,0.0009667777777777,25.22731916889536
0.0015680943331335,0.0018127570171375,0.0009667777777777,22.42109404419103
0.0012030943331335,0.0014087570171375,0.0009677777777777,22.86365427862141
0.0017610943331335,0.0014297570171375,0.0009677777777777,26.63241866793705
0.0016290943331335,0.0015987570171375,0.0009677777777777,25.15008053102959
0.0014110943331335,0.0016937570171375,0.0009677777777777,23.96213840878958
0.0011270943331335,0.0018327570171375,0.0009677777777777,22.034339240289185
0.0012270943331335,0.0020857570171375,0.0009677777777777,21.320512119185462
0.0014620943331335,0.0013607570171375,0.0009687777777777,25.74600103767056
0.0010540943331335,0.0014927570171375,0.0009687777777777,21.36213201856759
0.0014980943331335,0.0016057570171375,0.0009687777777777,24.547162713250145
0.0010240943331335,0.0016267570171375,0.0009687777777777,22.010980299324437
0.0011230943331335,0.0021007570171375,0.0009687777777777,21.363787504866472
0.0017470943331335,0.0013697570171375,0.0009697777777777,27.115149959283258
0.0015510943331335,0.0020067570171375,0.0009697777777777,21.16777169479977
0.0010030943331335,0.0020507570171375,0.0009697777777777,22.379232153653867
0.0016130943331335,0.0014837570171375,0.0009707777777777,25.330229747226806
0.0012910943331335,0.0021117570171375,0.0009707777777777,21.28090323324604
0.0009980943331335,0.0013467570171375,0.0009717777777777,21.469146555709735
0.0010210943331335,0.0014867570171375,0.0009717777777777,21.02015121912258
0.0010190943331335,0.0016257570171375,0.0009717777777777,22.024116547848408
0.0017270943331335,0.0019967570171375,0.0009717777777777,19.82725667770581
0.0017200943331335,0.0021057570171375,0.0009717777777777,19.740554424149792
0.0015620943331335,0.0013737570171375,0.0009727777777777,25.552951430063267
0.0015620943331335,0.0014947570171375,0.0009727777777777,25.26031820380668
0.0014930943331335,0.0016137570171375,0.0009727777777777,24.53042456048167
0.0017480943331335,0.0017457570171375,0.0009727777777777,23.95121582124188
0.0009850943331335,0.0019407570171375,0.0009727777777777,22.493965418334717
0.0015130943331335,0.0014577570171375,0.0009737777777777,25.251239348201985
0.0014370943331335,0.0014767570171375,0.0009737777777777,24.41468049528808
0.0010790943331335,0.0015427570171375,0.0009737777777777,22.160538009139213
0.0012100943331335,0.0018857570171375,0.0009737777777777,22.2283780081089
0.0009960943331335,0.0019427570171375,0.0009737777777777,22.399373068085694
0.0015360943331335,0.0020047570171375,0.0009737777777777,21.16023497371418
0.0015540943331335,0.0020747570171375,0.0009737777777777,20.376815713556827
0.0017060943331335,0.0021187570171375,0.0009737777777777,19.81448302051105
0.0009820943331335,0.0015807570171375,0.0009747777777777,21.93117203578707
0.0012180943331335,0.0017897570171375,0.0009747777777777,22.36233916160872
0.0010020943331335,0.0019447570171375,0.0009747777777777,22.396708726786198
0.0015040943331335,0.0017337570171375,0.0009757777777777,23.53658624976404
0.0013950943331335,0.0017627570171375,0.0009757777777777,22.818535541121477
0.0012860943331335,0.0021157570171375,0.0009757777777777,21.285276879979694
0.0011600943331335,0.0021377570171375,0.0009757777777777,21.703520606985922
0.0016300943331335,0.0014317570171375,0.0009767777777777,25.84974667268042
0.0011180943331335,0.0016407570171375,0.0009767777777777,22.067573328370713
0.0015730943331335,0.0016437570171375,0.0009767777777777,24.43767776918024
0.0012550943331335,0.0016887570171375,0.0009767777777777,22.487059813940025
0.0014990943331335,0.0017197570171375,0.0009767777777777,23.581328043625437
0.0011570943331335,0.0017297570171375,0.0009767777777777,22.071016318525608
0.0010100943331335,0.0017827570171375,0.0009767777777777,22.390112352410398
0.0012300943331335,0.0018937570171375,0.0009767777777777,22.276334021088115
0.0016440943331335,0.0019677570171375,0.0009767777777777,20.787536209075643
0.0016970943331335,0.0020557570171375,0.0009767777777777,19.983366052482655
0.0009860943331335,0.0015877570171375,0.0009777777777777,21.93383375768962
0.0009870943331335,0.0018937570171375,0.0009777777777777,22.23982654304369
0.0014780943331335,0.0020277570171375,0.0009777777777777,21.138927750838874
0.0009950943331335,0.0013557570171375,0.0009787777777777,21.395710933816552
0.0010530943331335,0.0014947570171375,0.0009787777777777,21.96876664645117
0.0015140943331335,0.0016047570171375,0.0009787777777777,24.406438870925395
0.0014930943331335,0.0017157570171375,0.0009787777777777,23.592099357914314
0.0012520943331335,0.0017327570171375,0.0009787777777777,22.292481196555087
0.0015930943331335,0.0019007570171375,0.0009787777777777,21.642459655655767
0.0011500943331335,0.0019837570171375,0.0009787777777777,22.079756369301798
0.0010010943331335,0.0019937570171375,0.0009787777777777,22.40364576282779
0.0009580943331335,0.0020387570171375,0.0009787777777777,22.80426022928049
0.0014020943331335,0.0020437570171375,0.0009787777777777,21.18902089465286
0.0011700943331335,0.0021237570171375,0.0009787777777777,21.721495538444042
0.0016220943331335,0.0013897570171375,0.0009797777777777,25.935910594610398
0.0012290943331335,0.0013997570171375,0.0009797777777777,22.894513166446654
0.0014910943331335,0.0016927570171375,0.0009797777777777,23.733587322246308
0.0016500943331335,0.0019677570171375,0.0009797777777777,20.73450356941848
0.0014160943331335,0.0020427570171375,0.0009797777777777,21.185103612945582
0.0015130943331335,0.0014767570171375,0.0009807777777777,25.223187959440462
0.0010790943331335,0.0015787570171375,0.0009807777777777,22.204826217224156
0.0015280943331335,0.0019267570171375,0.0009807777777777,21.839957433564486
0.0014290943331335,0.0014197570171375,0.0009817777777777,24.774917330609394
0.0011060943331335,0.0014577570171375,0.0009817777777777,22.642892030903027
0.0013640943331335,0.0014597570171375,0.0009817777777777,24.41275827676521
0.0016830943331335,0.0014837570171375,0.0009817777777777,25.287028609252086
0.0017230943331335,0.0020427570171375,0.0009817777777777,19.912082046553014
0.0012490943331335,0.0016897570171375,0.0009827777777777,22.482872303614823
0.0013270943331335,0.0019967570171375,0.0009827777777777,21.77270458977516
0.0016320943331335,0.0020187570171375,0.0009837777777777,20.919217423889414
0.0016520943331335,0.0020687570171375,0.0009837777777777,20.11928590376477
0.0010390943331335,0.0021377570171375,0.0009837777777777,21.66608811850864
0.0013500943331335,0.0015317570171375,0.0009847777777777,24.038452591031458
0.0011970943331335,0.0017877570171375,0.0009847777777777,22.321306940457244
0.0009860943331335,0.0018917570171375,0.0009847777777777,22.297670057817438
0.0009970943331335,0.0019877570171375,0.0009847777777777,22.399290666575055
0.0016470943331335,0.0020727570171375,0.0009847777777777,20.151580231525344
0.0014710943331335,0.0020947570171375,0.0009847777777777,20.906561090430895
0.0012900943331335,0.0014587570171375,0.0009857777777777,23.80063796674432
0.0017230943331335,0.0015657570171375,0.0009857777777777,25.155435726786063
0.0015110943331335,0.0017517570171375,0.0009857777777777,23.39384851648077
0.0016110943331335,0.0018327570171375,0.0009857777777777,22.238111593192826
0.0010040943331335,0.0018807570171375,0.0009857777777777,22.272804006978838
0.0011160943331335,0.0018817570171375,0.0009857777777777,22.000503388305443
0.0016860943331335,0.0020617570171375,0.0009857777777777,20.002122057403934
0.0014180943331335,0.0013637570171375,0.0009867777777777,25.771558730451915
0.0015160943331335,0.0016047570171375,0.0009867777777777,24.37568763379779
0.0017310943331335,0.0018067570171375,0.0009867777777777,22.11967401582085
0.0012700943331335,0.0019957570171375,0.0009867777777777,21.678345002141977
0.0011430943331335,0.0014617570171375,0.0009877777777777,22.876657007140793
0.0011270943331335,0.0016387570171375,0.0009877777777777,22.06983881950961
0.0017410943331335,0.0019557570171375,0.0009877777777777,20.22874701702245
0.0010710943331335,0.0019887570171375,0.0009877777777777,22.08455803971788
0.0017310943331335,0.0020407570171375,0.0009877777777777,19.89105520431731
0.0011620943331335,0.0017287570171375,0.0009887777777777,22.083257998026404
0.0013060943331335,0.0020167570171375,0.0009887777777777,21.663089073069898
0.0015440943331335,0.0014537570171375,0.0009897777777777,25.256434691500207
0.0014690943331335,0.0016257570171375,0.0009897777777777,24.507535224062394
0.0015270943331335,0.0018377570171375,0.0009897777777777,22.370606958480025
0.0017530943331335,0.0017167570171375,0.0009907777777777,23.789016573332635
0.0014670943331335,0.0017697570171375,0.0009907777777777,22.850315298384622
0.0012990943331335,0.0019287570171375,0.0009907777777777,21.922810671045298
0.0009860943331335,0.0020447570171375,0.0009907777777777,22.34146361155078
0.0014810943331335,0.0014227570171375,0.0009917777777777,25.146570251231566
0.0012310943331335,0.0014967570171375,0.0009917777777777,23.64747021833924
0.0015440943331335,0.0015537570171375,0.0009917777777777,24.231162541761265
0.0014720943331335,0.0017707570171375,0.0009917777777777,22.850873269176653
0.0013910943331335,0.0018937570171375,0.0009927777777777,21.96880770393108
0.0014230943331335,0.0014227570171375,0.0009937777777777,24.684967198500427
0.0012960943331335,0.0014397570171375,0.0009937777777777,23.845245370898983
0.0016700943331335,0.0018267570171375,0.0009937777777777,22.640948752187494
0.0014490943331335,0.0018747570171375,0.0009937777777777,22.3312639915638
0.0013240943331335,0.0019657570171375,0.0009937777777777,21.86059291941216
0.0014880943331335,0.0021317570171375,0.0009937777777777,20.855358186633026
0.0013520943331335,0.0015657570171375,0.0009947777777777,23.883139138553492
0.0015560943331335,0.0017277570171375,0.0009947777777777,23.536377093564074
0.0013410943331335,0.0018477570171375,0.0009947777777777,22.091281440393338
0.0016780943331335,0.0019077570171375,0.0009947777777777,21.698915131606885
0.0009870943331335,0.0021177570171375,0.0009947777777777,22.25643937000903
0.0012820943331335,0.0021187570171375,0.0009947777777777,21.294541077251083
0.0014940943331335,0.0013587570171375,0.0009957777777777,25.20226885571644
0.0010950943331335,0.0015797570171375,0.0009957777777777,22.231911357753994
0.0012820943331335,0.0016237570171375,0.0009957777777777,23.127641554066805
0.0014910943331335,0.0014097570171375,0.0009967777777777,25.231588541217796
0.0015460943331335,0.0014577570171375,0.0009967777777777,25.257708341204733
0.0010420943331335,0.0015267570171375,0.0009967777777777,21.91809491786841
0.0011680943331335,0.0016277570171375,0.0009967777777777,22.183827296593655
0.0016130943331335,0.0020897570171375,0.0009967777777777,20.198478148284625
0.0009780943331335,0.0021117570171375,0.0009967777777777,22.25238998005783
0.0010460943331335,0.0016117570171375,0.0009977777777777,22.064392243432597
0.0011470943331335,0.0016347570171375,0.0009977777777777,22.082338102490375
0.0011110943331335,0.0017557570171375,0.0009977777777777,22.029340099269454
0.0012380943331335,0.0019417570171375,0.0009977777777777,21.913302080873894
0.0016980943331335,0.0019757570171375,0.0009977777777777,20.439160698898036
0.0010930943331335,0.0020517570171375,0.0009977777777777,21.906371534982792
0.0012770943331335,0.0020837570171375,0.0009977777777777,21.359733145513324
0.0011530943331335,0.0013607570171375,0.0009987777777777,23.619207240669173
0.0013860943331335,0.0017617570171375,0.0009987777777777,22.74503661137967
0.0010860943331335,0.0017817570171375,0.0009987777777777,22.036367734549334
0.0015910943331335,0.0020857570171375,0.0009987777777777,20.248344003397506
0.0016720943331335,0.0013467570171375,0.0009997777777777,26.13845301989341
0.0009780943331335,0.0021067570171375,0.0009997777777777,22.153421331632096
0.0009660943331335,0.0015107570171375,0.0010007777777777,20.870777795465145
0.0011630943331335,0.0015387570171375,0.0010007777777777,22.318117878056107
0.0017160943331335,0.0018137570171375,0.0010007777777777,22.1185117559643
0.0016710943331335,0.0019687570171375,0.0010007777777777,20.635697416516123
0.0014990943331335,0.0021427570171375,0.0010007777777777,20.847139920381146
0.0017140943331335,0.0015967570171375,0.0010017777777777,24.7578142940645
0.0011820943331335,0.0017387570171375,0.0010017777777777,22.091119286187666
0.0017490943331335,0.0018537570171375,0.0010017777777777,21.770314765550143
0.0014640943331335,0.0020217570171375,0.0010017777777777,21.216374628116302
0.0012950943331335,0.0020267570171375,0.0010017777777777,21.60388692118616
0.0012770943331335,0.0020747570171375,0.0010017777777777,21.414373433397625
0.0010510943331335,0.0017287570171375,0.0010027777777777,21.783361339136086
0.0016470943331335,0.0017757570171375,0.0010027777777777,22.925192075173502
0.0009820943331335,0.0019747570171375,0.0010027777777777,22.36757854136153
0.0010010943331335,0.0020647570171375,0.0010027777777777,22.26888293626405
0.0015380943331335,0.0020867570171375,0.0010027777777777,20.33537765347913
0.0010860943331335,0.0020897570171375,0.0010027777777777,21.74679820366937
0.0012600943331335,0.0014737570171375,0.0010037777777777,23.844832639117733
0.0013030943331335,0.0015237570171375,0.0010037777777777,23.826755204675216
0.0012950943331335,0.0015437570171375,0.0010037777777777,23.744736065124542
0.0013470943331335,0.0020437570171375,0.0010037777777777,21.431500663272562
0.0015450943331335,0.0020767570171375,0.0010037777777777,20.331589979507505
0.0010500943331335,0.0013617570171375,0.0010047777777777,21.395787488848892
0.0014370943331335,0.0014757570171375,0.0010047777777777,24.732781371694486
0.0016670943331335,0.0016257570171375,0.0010047777777777,24.243744705208197
0.0012900943331335,0.0016337570171375,0.0010047777777777,23.108064099061327
0.0013500943331335,0.0016617570171375,0.0010047777777777,23.516567440732395
0.0011870943331335,0.0018547570171375,0.0010047777777777,22.105873455431347
0.0015450943331335,0.0019437570171375,0.0010047777777777,21.437500076441882
0.0016760943331335,0.0020777570171375,0.0010047777777777,20.040983733646872
0.0015400943331335,0.0016077570171375,0.0010057777777777,24.23083652174432
0.0015420943331335,0.0016647570171375,0.0010057777777777,24.017127874384197
0.0011660943331335,0.0017007570171375,0.0010057777777777,22.170838916693523
0.0014750943331335,0.0018407570171375,0.0010057777777777,22.504282094247028
0.0010450943331335,0.0013617570171375,0.0010067777777777,21.32043325490706
0.0010580943331335,0.0014347570171375,0.0010067777777777,21.95110077101931
0.0012290943331335,0.0016077570171375,0.0010067777777777,22.29332019477692
0.0011580943331335,0.0019007570171375,0.0010067777777777,21.997984410863523
0.0012950943331335,0.0020337570171375,0.0010067777777777,21.588556042793062
0.0010440943331335,0.0014427570171375,0.0010077777777777,21.901991438243876
0.0011010943331335,0.0014667570171375,0.0010077777777777,22.68650215519435
0.0011200943331335,0.0014697570171375,0.0010077777777777,22.724497255593636
0.0013260943331335,0.0016327570171375,0.0010077777777777,23.367440698201843
0.0014330943331335,0.0014337570171375,0.0010087777777777,24.551185080346976
0.0012290943331335,0.0015917570171375,0.0010087777777777,22.32892770633821
0.0013300943331335,0.0016237570171375,0.0010087777777777,23.376134862948547
0.0012240943331335,0.0016277570171375,0.0010087777777777,22.23130090674371
0.0010220943331335,0.0016807570171375,0.0010087777777777,21.865580389808777
0.0011740943331335,0.0020767570171375,0.0010087777777777,21.731975581418588
0.0016850943331335,0.0014917570171375,0.0010097777777777,25.165522868050093
0.0014390943331335,0.0015247570171375,0.0010097777777777,24.62635449363446
0.0012210943331335,0.0015727570171375,0.0010097777777777,22.342946399418523
0.0012860943331335,0.0016377570171375,0.0010097777777777,23.09500253076945
0.0011800943331335,0.0020087570171375,0.0010097777777777,21.808944965446514
0.0012150943331335,0.0014417570171375,0.0010107777777777,22.606296139000538
0.0010810943331335,0.0016347570171375,0.0010107777777777,22.024299161837465
0.0010270943331335,0.0016907570171375,0.0010107777777777,21.876718971657983
0.0017000943331335,0.0018277570171375,0.0010107777777777,22.117085941336786
0.0017490943331335,0.0018647570171375,0.0010107777777777,21.182233123193214
0.0017340943331335,0.0019787570171375,0.0010107777777777,20.258463791601066
0.0013330943331335,0.0020307570171375,0.0010107777777777,21.465029092666384
0.0013990943331335,0.0014167570171375,0.0010117777777777,24.57175920985077
0.0012250943331335,0.0016317570171375,0.0010117777777777,22.229962549681698
0.0014170943331335,0.0019627570171375,0.0010117777777777,21.29361812843565
0.0010710943331335,0.0017707570171375,0.0010127777777777,22.06225284018925
0.0013610943331335,0.0017707570171375,0.0010127777777777,22.651764641726206
0.0015780943331335,0.0018137570171375,0.0010127777777777,22.42252146705391
0.0015450943331335,0.0019497570171375,0.0010127777777777,21.383031402556753
0.0017370943331335,0.0019527570171375,0.0010127777777777,20.321540900669568
0.0016600943331335,0.0021027570171375,0.0010127777777777,20.06927441722002
0.0014490943331335,0.0015247570171375,0.0010137777777777,24.622424865196326
0.0015440943331335,0.0016017570171375,0.0010137777777777,24.205185612178354
0.0015540943331335,0.0016227570171375,0.0010137777777777,24.058696008924066
0.0012850943331335,0.0016447570171375,0.0010137777777777,23.0795196018518
0.0016580943331335,0.0020207570171375,0.0010137777777777,20.881916015196758
0.0014650943331335,0.0015237570171375,0.0010147777777777,24.600790776461842
0.0014550943331335,0.0015257570171375,0.0010147777777777,24.61508368772864
0.0014830943331335,0.0015257570171375,0.0010147777777777,24.595774253705244
0.0014830943331335,0.0015327570171375,0.0010147777777777,24.593540154779962
0.0011150943331335,0.0015717570171375,0.0010147777777777,22.257379813645205
0.0014430943331335,0.0016817570171375,0.0010147777777777,23.366040368502382
0.0015660943331335,0.0017097570171375,0.0010147777777777,23.548875332980945
0.0013270943331335,0.0017317570171375,0.0010147777777777,22.726284952791016
0.0014620943331335,0.0020037570171375,0.0010147777777777,21.248866167726867
0.0010430943331335,0.0020467570171375,0.0010147777777777,21.989852461582256
0.0016970943331335,0.0014167570171375,0.0010157777777777,25.704759265725592
0.0011270943331335,0.0014777570171375,0.0010157777777777,22.82744947669203
0.0012260943331335,0.0015787570171375,0.0010157777777777,22.340090925774156
0.0017260943331335,0.0016357570171375,0.0010157777777777,24.208013167763838
0.0012180943331335,0.0014367570171375,0.0010167777777777,22.61293884231244
0.0011060943331335,0.0016867570171375,0.0010167777777777,22.059530667673727
0.0016580943331335,0.0017847570171375,0.0010167777777777,22.909842486610405
0.0015330943331335,0.0020457570171375,0.0010167777777777,20.917181909928477
0.0012770943331335,0.0020547570171375,0.0010167777777777,21.46176161481419
0.0010470943331335,0.0020857570171375,0.0010167777777777,21.88957163526676
0.0009950943331335,0.0021237570171375,0.0010167777777777,21.621264216284704
0.0014360943331335,0.0014397570171375,0.0010177777777777,24.496215422886955
0.0010210943331335,0.0015287570171375,0.0010177777777777,21.83838082614852
0.0012160943331335,0.0016397570171375,0.0010177777777777,22.226872755951945
0.0016460943331335,0.0018177570171375,0.0010177777777777,22.594336385375257
0.0009580943331335,0.0020167570171375,0.0010177777777777,21.98859332768819
0.0015770943331335,0.0020797570171375,0.0010177777777777,20.301716437763865
0.0009650943331335,0.0014877570171375,0.0010187777777777,20.789524451647054
0.0012210943331335,0.0015747570171375,0.0010187777777777,22.343118346514352
0.0017310943331335,0.0016407570171375,0.0010187777777777,24.201199876885383
0.0012140943331335,0.0018647570171375,0.0010187777777777,22.13651036127952
0.0016410943331335,0.0019447570171375,0.0010187777777777,21.22839610309624
0.0009650943331335,0.0020207570171375,0.0010187777777777,21.95037037951697
0.0012810943331335,0.0016377570171375,0.0010197777777777,23.085518236193053
0.0014060943331335,0.0016377570171375,0.0010197777777777,23.801474937402045
0.0011910943331335,0.0017487570171375,0.0010197777777777,22.086463287909137
0.0016910943331335,0.0018337570171375,0.0010197777777777,22.114850645269307
0.0011560943331335,0.0019317570171375,0.0010197777777777,21.989357889051472
0.0010430943331335,0.0020517570171375,0.0010197777777777,21.983626792658182
0.0016890943331335,0.0014097570171375,0.0010207777777777,25.667603762855627
0.0010690943331335,0.0016367570171375,0.0010207777777777,22.017591951097092
0.0016480943331335,0.0018907570171375,0.0010207777777777,21.852247737498878
0.0011780943331335,0.0019277570171375,0.0010207777777777,21.994039352390015
0.0012220943331335,0.0015347570171375,0.0010217777777777,23.448443703012803
0.0016170943331335,0.0015587570171375,0.0010217777777777,24.699698303469965
0.0014960943331335,0.0018087570171375,0.0010217777777777,22.64291959240495
0.0017430943331335,0.0018567570171375,0.0010217777777777,21.167444947563105
0.0013060943331335,0.0019817570171375,0.0010217777777777,21.922177569731293
0.0009570943331335,0.0020247570171375,0.0010217777777777,21.938269376552064
0.0014400943331335,0.0014447570171375,0.0010227777777777,24.460951283537778
0.0013130943331335,0.0019817570171375,0.0010227777777777,21.923370870244252
0.0013040943331335,0.0020847570171375,0.0010227777777777,21.321495681704846
0.0012780943331335,0.0014777570171375,0.0010237777777777,23.892124590071003
0.0011350943331335,0.0014797570171375,0.0010237777777777,22.86627285128642
0.0011950943331335,0.0015187570171375,0.0010237777777777,23.389006573853134
0.0013180943331335,0.0016997570171375,0.0010237777777777,22.872593827168547
0.0016430943331335,0.0018147570171375,0.0010237777777777,22.579879213993255
0.0010500943331335,0.0020847570171375,0.0010237777777777,21.83388544745097
0.0016410943331335,0.0021167570171375,0.0010237777777777,20.147101491092517
0.0015850943331335,0.0013437570171375,0.0010247777777777,26.261722715215473
0.0013720943331335,0.0014377570171375,0.0010247777777777,24.487365267074054
0.0011210943331335,0.0014797570171375,0.0010247777777777,22.80976154813801
0.0010230943331335,0.0016717570171375,0.0010247777777777,21.863969873618608
0.0013870943331335,0.0021147570171375,0.0010247777777777,21.197361799434265
0.0012260943331335,0.0015357570171375,0.0010257777777777,23.457600267665104
0.0016380943331335,0.0018867570171375,0.0010257777777777,21.890873835163273
0.0011030943331335,0.0020107570171375,0.0010257777777777,21.949120171040974
0.0015190943331335,0.0016697570171375,0.0010267777777777,23.929492376194514
0.0014160943331335,0.0014657570171375,0.0010277777777777,24.45229096124503
0.0014870943331335,0.0015957570171375,0.0010277777777777,24.375432492913312
0.0011770943331335,0.0015787570171375,0.0010287777777777,22.36003678437609
0.0016810943331335,0.0018407570171375,0.0010287777777777,22.11345241686517
0.0016430943331335,0.0019677570171375,0.0010287777777777,20.763823741999175
0.0012960943331335,0.0020987570171375,0.0010287777777777,21.32521494168322
0.0013870943331335,0.0021067570171375,0.0010287777777777,21.201662434379468
0.0016350943331335,0.0017437570171375,0.0010297777777777,23.080878883360043
0.0011510943331335,0.0018247570171375,0.0010297777777777,22.18353655043621
0.0009850943331335,0.0020047570171375,0.0010297777777777,21.95075635468738
0.0013170943331335,0.0020517570171375,0.0010297777777777,21.428203563072422
0.0012990943331335,0.0013857570171375,0.0010307777777777,24.232194334204557
0.0013730943331335,0.0014237570171375,0.0010307777777777,24.49622268093373
0.0011940943331335,0.0015787570171375,0.0010307777777777,22.358401222411487
0.0011070943331335,0.0015707570171375,0.0010317777777777,22.248285898850277
0.0016310943331335,0.0016697570171375,0.0010317777777777,23.55179732735248
0.0012250943331335,0.0017667570171375,0.0010317777777777,22.096771559739327
0.0010380943331335,0.0018337570171375,0.0010317777777777,22.073895257560682
0.0016470943331335,0.0018877570171375,0.0010317777777777,21.85187735464679
0.0010730943331335,0.0020137570171375,0.0010317777777777,21.91812139850727
0.0014470943331335,0.0014467570171375,0.0010327777777777,24.420503503019322
0.0012680943331335,0.0020427570171375,0.0010327777777777,21.477255331149934
0.0009970943331335,0.0021087570171375,0.0010327777777777,21.617637727803757
0.0016790943331335,0.0013837570171375,0.0010337777777777,25.572430787505432
0.0013740943331335,0.0019407570171375,0.0010337777777777,22.032312607609697
0.0011750943331335,0.0019917570171375,0.0010337777777777,21.80018658412104
0.0015710943331335,0.0016357570171375,0.0010347777777777,23.433956883120953
0.0014410943331335,0.0019217570171375,0.0010347777777777,21.596884044550375
0.0016410943331335,0.0019707570171375,0.0010347777777777,20.788101975275293
0.0014520943331335,0.0021057570171375,0.0010347777777777,20.91774715906869
0.0010490943331335,0.0014107570171375,0.0010357777777777,21.835241874266384
0.0016090943331335,0.0014627570171375,0.0010357777777777,25.112561893650334
0.0012580943331335,0.0014937570171375,0.0010357777777777,23.73531921605475
0.0014460943331335,0.0016237570171375,0.0010357777777777,24.3469066412675
0.0017550943331335,0.0016527570171375,0.0010367777777777,23.93934366368985
0.0014700943331335,0.0016927570171375,0.0010367777777777,23.28341289793519
0.0014290943331335,0.0013667570171375,0.0010377777777777,24.57321257225823
0.0015010943331335,0.0013947570171375,0.0010387777777777,24.87682061720252
0.0012550943331335,0.0019897570171375,0.0010387777777777,21.80974453605703
0.0012670943331335,0.0020877570171375,0.0010387777777777,21.374197985370582
0.0014380943331335,0.0013667570171375,0.0010397777777777,24.574610993067896
0.0014940943331335,0.0013897570171375,0.0010397777777777,24.85838713927399
0.0015470943331335,0.0013977570171375,0.0010397777777777,25.069145590783773
0.0017060943331335,0.0018057570171375,0.0010397777777777,22.411890773066496
0.0013030943331335,0.0014697570171375,0.0010407777777777,24.057431320022552
0.0017400943331335,0.0020497570171375,0.0010407777777777,19.278841370339173
0.0015610943331335,0.0014857570171375,0.0010417777777777,24.672529028709405
0.0011080943331335,0.0016037570171375,0.0010417777777777,22.22814870329834
0.0016150943331335,0.0018017570171375,0.0010417777777777,22.539928567960626
0.0010770943331335,0.0020117570171375,0.0010417777777777,21.856233701129906
0.0010380943331335,0.0020607570171375,0.0010417777777777,21.855303155612972
0.0010530943331335,0.0014107570171375,0.0010427777777777,21.85613661425208
0.0016010943331335,0.0014167570171375,0.0010427777777777,25.148207716794314
0.0015330943331335,0.0014867570171375,0.0010427777777777,24.668494717086116
0.0015040943331335,0.0017337570171375,0.0010427777777777,23.16531684343198
0.0012620943331335,0.0021447570171375,0.0010427777777777,21.193212306525687
0.0010610943331335,0.0018767570171375,0.0010437777777777,22.27472497702556
0.0012700943331335,0.0018877570171375,0.0010437777777777,22.185531874852042
0.0013150943331335,0.0020757570171375,0.0010437777777777,21.184117384065786
0.0015400943331335,0.0014027570171375,0.0010447777777777,25.04174114518061
0.0016240943331335,0.0017447570171375,0.0010447777777777,23.08260845634429
0.0016400943331335,0.0018407570171375,0.0010447777777777,22.1097578629946
0.0015720943331335,0.0020357570171375,0.0010447777777777,20.74832919410639
0.0015670943331335,0.0015247570171375,0.0010457777777777,24.54787664061124
0.0010850943331335,0.0015387570171375,0.0010457777777777,22.224322392921785
0.0010540943331335,0.0017207570171375,0.0010457777777777,21.797083820184245
0.0015280943331335,0.0014007570171375,0.0010467777777777,24.98164983483447
0.0013460943331335,0.0014227570171375,0.0010467777777777,24.419902255196966
0.0013200943331335,0.0018167570171375,0.0010467777777777,22.40497836030866
0.0012790943331335,0.0018737570171375,0.0010467777777777,22.218291970564596
0.0012520943331335,0.0019837570171375,0.0010467777777777,21.832636449947657
0.0012000943331335,0.0021107570171375,0.0010467777777777,21.331229006949354
0.0016950943331335,0.0022437570171375,0.0010467777777777,20.375723127910643
0.0011240943331335,0.0015367570171375,0.0010477777777777,22.53870425591189
0.0017230943331335,0.0015707570171375,0.0010477777777777,24.761019174159237
0.0014980943331335,0.0016867570171375,0.0010477777777777,23.829588822000886
0.0016550943331335,0.0013747570171375,0.0010487777777777,25.39551251579043
0.0017390943331335,0.0015677570171375,0.0010487777777777,24.763415749589047
0.0010050943331335,0.0020987570171375,0.0010487777777777,21.605697105325905
0.0015760943331335,0.0014007570171375,0.0010497777777777,25.131707171694387
0.0014040943331335,0.0017517570171375,0.0010497777777777,22.713661659945917
0.0010150943331335,0.0020717570171375,0.0010497777777777,21.727345655741082
0.0013190943331335,0.0013987570171375,0.0010507777777777,24.301038485333663
0.0014080943331335,0.0015797570171375,0.0010507777777777,23.519497229907603
0.0012080943331335,0.0016697570171375,0.0010507777777777,22.35020468132329
0.0015050943331335,0.0020547570171375,0.0010517777777777,20.96540601316389
0.0013400943331335,0.0014097570171375,0.0010527777777777,24.419416860216614
0.0013190943331335,0.0014487570171375,0.0010527777777777,24.240803316244683
0.0012510943331335,0.0015727570171375,0.0010527777777777,23.24808659094015
0.0013980943331335,0.0015727570171375,0.0010527777777777,23.52002660472951
0.0014780943331335,0.0016987570171375,0.0010527777777777,23.25704326151562
0.0013090943331335,0.0019967570171375,0.0010527777777777,21.518850161811727
0.0013130943331335,0.0018577570171375,0.0010537777777777,22.286099112229003
0.0015080943331335,0.0018967570171375,0.0010537777777777,22.119687613608086
0.0017600943331335,0.0014367570171375,0.0010547777777777,25.746800722882963
0.0015360943331335,0.0015607570171375,0.0010547777777777,24.358307721604643
0.0017000943331335,0.0016657570171375,0.0010547777777777,23.5881772613221
0.0014070943331335,0.0017477570171375,0.0010547777777777,22.71803110500092
0.0009850943331335,0.0018387570171375,0.0010547777777777,22.285844508184894
0.0010150943331335,0.0019947570171375,0.0010547777777777,21.833115409113198
0.0013040943331335,0.0021367570171375,0.0010547777777777,21.111481031527166
0.0017390943331335,0.0013737570171375,0.0010557777777777,25.657118105536263
0.0011110943331335,0.0015327570171375,0.0010557777777777,22.520025152507642
0.0010180943331335,0.0019877570171375,0.0010557777777777,21.835594940157495
0.0016270943331335,0.0020737570171375,0.0010557777777777,20.414162030024933
0.0012870943331335,0.0021297570171375,0.0010557777777777,21.124192043106977
0.0013530943331335,0.0015787570171375,0.0010567777777777,23.477242726761567
0.0012060943331335,0.0016177570171375,0.0010567777777777,22.352568500118203
0.0009630943331335,0.0018347570171375,0.0010567777777777,22.27569836357994
0.0012130943331335,0.0019307570171375,0.0010567777777777,22.021215734141705
0.0010800943331335,0.0020907570171375,0.0010567777777777,21.612506614024923
0.0012490943331335,0.0021427570171375,0.0010567777777777,21.21640972760859
0.0011320943331335,0.0016227570171375,0.0010577777777777,22.21391035041404
0.0015720943331335,0.0016547570171375,0.0010577777777777,23.26151778579056
0.0012210943331335,0.0018327570171375,0.0010577777777777,22.141367061961567
0.0014830943331335,0.0019357570171375,0.0010577777777777,21.52039513000035
0.0010740943331335,0.0017227570171375,0.0010587777777777,21.726147614739787
0.0011850943331335,0.0018327570171375,0.0010587777777777,22.113934651233798
0.0013260943331335,0.0018777570171375,0.0010587777777777,22.250428638155327
0.0017060943331335,0.0018927570171375,0.0010587777777777,21.597266697579226
0.0016440943331335,0.0021207570171375,0.0010587777777777,20.301425159620923
0.0017550943331335,0.0014197570171375,0.0010597777777777,25.733501644388255
0.0013060943331335,0.0015447570171375,0.0010597777777777,23.34439477217509
0.0017320943331335,0.0020717570171375,0.0010597777777777,19.148915569717655
0.0012490943331335,0.0020527570171375,0.0010607777777777,21.4782680832616
0.0016330943331335,0.0020637570171375,0.0010607777777777,20.3563770961261
0.0011820943331335,0.0014437570171375,0.0010617777777777,22.561615861084746
0.0012670943331335,0.0016997570171375,0.0010617777777777,22.297737654036588
0.0012670943331335,0.0017427570171375,0.0010617777777777,22.273744746420064
0.0015380943331335,0.0018157570171375,0.0010617777777777,22.464173698055898
0.0011810943331335,0.0018767570171375,0.0010627777777777,22.027673620367793
0.0012590943331335,0.0020627570171375,0.0010627777777777,21.446649024296132
0.0016270943331335,0.0017467570171375,0.0010637777777777,23.03561442231113
0.0012240943331335,0.0019297570171375,0.0010637777777777,22.027266716163634
0.0010800943331335,0.0017197570171375,0.0010647777777777,21.718707601798858
0.0017030943331335,0.0017637570171375,0.0010647777777777,22.493154968657507
0.0011430943331335,0.0018537570171375,0.0010647777777777,21.93624525584498
0.0014370943331335,0.0018817570171375,0.0010647777777777,21.898073497601548
0.0016700943331335,0.0013587570171375,0.0010657777777777,25.37293726559162
0.0011220943331335,0.0014457570171375,0.0010657777777777,22.236675598446993
0.0011170943331335,0.0015297570171375,0.0010657777777777,22.534561344668177
0.0015000943331335,0.0015767570171375,0.0010657777777777,24.30099830437658
0.0013040943331335,0.0020067570171375,0.0010657777777777,21.430829186005475
0.0013440943331335,0.0017327570171375,0.0010667777777777,22.3037901115026
0.0016910943331335,0.0019697570171375,0.0010667777777777,20.44570798779665
0.0013580943331335,0.0020067570171375,0.0010667777777777,21.36835486837688
0.0011010943331335,0.0014477570171375,0.0010677777777777,22.127563536686285
0.0011120943331335,0.0014507570171375,0.0010677777777777,22.161537955332665
0.0010820943331335,0.0014617570171375,0.0010677777777777,21.82846115337641
0.0010110943331335,0.0020937570171375,0.0010677777777777,21.545441053206616
0.0017620943331335,0.0018107570171375,0.0010687777777777,21.901800678263267
0.0009670943331335,0.0018307570171375,0.0010697777777777,22.271331502622832
0.0014550943331335,0.0018877570171375,0.0010697777777777,21.802762977420397
0.0012970943331335,0.0021107570171375,0.0010697777777777,21.14188868588318
0.0014130943331335,0.0014557570171375,0.0010707777777777,24.353715771114587
0.0015170943331335,0.0019887570171375,0.0010707777777777,21.162376815094365
0.0012610943331335,0.0015607570171375,0.0010717777777777,23.224678186631156
0.0015370943331335,0.0018167570171375,0.0010717777777777,22.433370740168453
0.0015070943331335,0.0019917570171375,0.0010717777777777,21.139970201657977
0.0012730943331335,0.0020657570171375,0.0010717777777777,21.441192913567
0.0015000943331335,0.0014127570171375,0.0010727777777777,24.83346769741289
0.0015530943331335,0.0016667570171375,0.0010727777777777,23.132091362954792
0.0012180943331335,0.0016697570171375,0.0010727777777777,22.33964618168599
0.0016200943331335,0.0019177570171375,0.0010727777777777,21.27640200361782
0.0011610943331335,0.0019207570171375,0.0010727777777777,21.868643804181247
0.0013130943331335,0.0020117570171375,0.0010727777777777,21.417566974452757
0.0010810943331335,0.0014437570171375,0.0010737777777777,21.982450931785014
0.0011510943331335,0.0015147570171375,0.0010737777777777,22.66491200713383
0.0016430943331335,0.0019017570171375,0.0010737777777777,21.281608614488547
0.0010950943331335,0.0016187570171375,0.0010757777777777,22.237729541371344
0.0010530943331335,0.0018737570171375,0.0010757777777777,22.073019893560637
0.0014260943331335,0.0014277570171375,0.0010767777777777,24.501509041031444
0.0016230943331335,0.0016087570171375,0.0010767777777777,23.574277603248966
0.0011060943331335,0.0019567570171375,0.0010767777777777,21.72355817643191
0.0017450943331335,0.0014537570171375,0.0010777777777777,25.767793925463174
0.0011040943331335,0.0020237570171375,0.0010777777777777,21.654852356291652
0.0014040943331335,0.0013747570171375,0.0010787777777777,24.50846273798451
0.0014450943331335,0.0014167570171375,0.0010787777777777,24.506412973232017
0.0017130943331335,0.0015367570171375,0.0010797777777777,24.769076725891065
0.0015320943331335,0.0017737570171375,0.0010797777777777,22.4325854610686
0.0010090943331335,0.0018087570171375,0.0010797777777777,21.745857520797436
0.0012310943331335,0.0015077570171375,0.0010807777777777,23.194262004953913
0.0017190943331335,0.0015207570171375,0.0010807777777777,24.814334904407712
0.0016510943331335,0.0018357570171375,0.0010807777777777,22.020966247941384
0.0014180943331335,0.0018967570171375,0.0010807777777777,21.915498082911302
0.0010470943331335,0.0015297570171375,0.0010817777777777,22.409063234033965
0.0013350943331335,0.0016567570171375,0.0010817777777777,22.66902425237256
0.0014000943331335,0.0016647570171375,0.0010817777777777,22.803651587821385
0.0013400943331335,0.0017177570171375,0.0010817777777777,22.309558570174453
0.0014420943331335,0.0021067570171375,0.0010817777777777,20.908042189335724
0.0010790943331335,0.0014827570171375,0.0010827777777777,21.719413315470035
0.0014740943331335,0.0015647570171375,0.0010827777777777,24.061728120352928
0.0012070943331335,0.0017367570171375,0.0010827777777777,21.975802014783927
0.0014650943331335,0.0017837570171375,0.0010827777777777,22.29309236770848
0.0015330943331335,0.0013467570171375,0.0010837777777777,25.23068327260916
0.0017570943331335,0.0013967570171375,0.0010837777777777,25.69553019355346
0.0017300943331335,0.0020037570171375,0.0010837777777777,20.168580682892227
0.0017540943331335,0.0020437570171375,0.0010837777777777,18.964696910249742
0.0017230943331335,0.0015187570171375,0.0010847777777777,24.806323591494234
0.0015420943331335,0.0015887570171375,0.0010847777777777,24.0117029644931
0.0015440943331335,0.0016087570171375,0.0010847777777777,23.88620829634791
0.0011060943331335,0.0018357570171375,0.0010847777777777,21.89225191165569
0.0009960943331335,0.0020877570171375,0.0010847777777777,21.50932794552735
0.0010500943331335,0.0015427570171375,0.0010857777777777,22.403243911241766
0.0014110943331335,0.0017327570171375,0.0010867777777777,22.71939965398361
0.0016200943331335,0.0018237570171375,0.0010867777777777,22.16577090695723
0.0013380943331335,0.0020437570171375,0.0010867777777777,21.433642910114198
0.0010320943331335,0.0020847570171375,0.0010867777777777,21.506087182810237
0.0012370943331335,0.0016757570171375,0.0010877777777777,22.333038939348253
0.0015200943331335,0.0016897570171375,0.0010877777777777,23.021588311831767
0.0012310943331335,0.0021047570171375,0.0010877777777777,21.33154681541815
0.0016730943331335,0.0013607570171375,0.0010887777777777,25.347472320331466
0.0012210943331335,0.0019477570171375,0.0010887777777777,21.981752959757017
0.0012270943331335,0.0020437570171375,0.0010887777777777,21.50811768427636
0.0016910943331335,0.0014307570171375,0.0010897777777777,24.970126440392164
0.0015120943331335,0.0016947570171375,0.0010897777777777,23.013262078985967
0.0017570943331335,0.0020457570171375,0.0010897777777777,18.98870272951444
0.0014830943331335,0.0014977570171375,0.0010907777777777,23.963125412809877
0.0014930943331335,0.0014137570171375,0.0010917777777777,24.71190278380978
0.0014520943331335,0.0016377570171375,0.0010917777777777,23.207305607984235
0.0013330943331335,0.0020527570171375,0.0010917777777777,21.432186896556207
0.0015210943331335,0.0020737570171375,0.0010917777777777,21.053849983542477
0.0015080943331335,0.0021017570171375,0.0010917777777777,21.01168076395597
0.0015000943331335,0.0015917570171375,0.0010927777777777,24.2771608643837
0.0010610943331335,0.0018487570171375,0.0010927777777777,21.939715630003185
0.0014470943331335,0.0019977570171375,0.0010927777777777,21.381700661037854
0.0014410943331335,0.0015497570171375,0.0010937777777777,23.91587813130649
0.0016580943331335,0.0017387570171375,0.0010947777777777,22.882655288494448
0.0016440943331335,0.0017497570171375,0.0010947777777777,22.877963368910656
0.0016460943331335,0.0019327570171375,0.0010947777777777,21.26478476608622
0.0010520943331335,0.0020917570171375,0.0010947777777777,21.492720068360853
0.0012180943331335,0.0020967570171375,0.0010957777777777,21.347368407806304
0.0016030943331335,0.0015187570171375,0.0010967777777777,24.20945212332549
0.0012530943331335,0.0018107570171375,0.0010967777777777,22.17797275793183
0.0016940943331335,0.0018317570171375,0.0010967777777777,21.931318081557226
0.0010990943331335,0.0016517570171375,0.0010977777777777,21.665634289438806
0.0015370943331335,0.0017007570171375,0.0010977777777777,22.974335605977274
0.0014210943331335,0.0018187570171375,0.0010977777777777,22.398180838792232
0.0016020943331335,0.0018837570171375,0.0010977777777777,22.175299968878377
0.0017470943331335,0.0016327570171375,0.0010987777777777,23.602131818777632
0.0010880943331335,0.0016497570171375,0.0010987777777777,21.659863694278226
0.0015180943331335,0.0018847570171375,0.0010987777777777,21.922438035549792
0.0010260943331335,0.0019977570171375,0.0010987777777777,21.71548045439596
0.0011840943331335,0.0015667570171375,0.0010997777777777,22.20370171722494
0.0016510943331335,0.0020717570171375,0.0010997777777777,20.15215224032397
0.0014310943331335,0.0021147570171375,0.0010997777777777,20.908073668222205
0.0016540943331335,0.0017497570171375,0.0011007777777777,22.8559178034932
0.0011100943331335,0.0018357570171375,0.0011007777777777,21.8399759852449
0.0013970943331335,0.0018187570171375,0.0011017777777777,22.331435343737517
0.0014530943331335,0.0016907570171375,0.0011027777777777,22.77882830107068
0.0014470943331335,0.0016937570171375,0.0011027777777777,22.77456197973928
0.0012470943331335,0.0018047570171375,0.0011027777777777,22.173077858545053
0.0015440943331335,0.0020287570171375,0.0011037777777777,21.11544346470467
0.0015600943331335,0.0020537570171375,0.0011037777777777,20.653469542766164
0.0013400943331335,0.0019277570171375,0.0011077777777777,22.15359953818464
0.0014780943331335,0.0018847570171375,-8.222222222222229e-06,11.899593381442534
0.0015750943331335,0.0019647570171375,-4.322222222222223e-05,17.07475038966353
0.0015640943331335,0.0017477570171375,-9.222222222222227e-06,17.810868427012167
0.0010390943331335,0.0020677570171375,-5.322222222222223e-05,21.518352899450225
0.0009710943331335,0.0021437570171375,2.777777777777771e-06,17.99305845156089
0.0011730943331335,0.0020467570171375,-2.622222222222223e-05,17.1120236897613
0.0011410943331335,0.0019427570171375,1.3777777777777773e-05,12.70839869421609
0.0015600943331335,0.0019607570171375,-2.622222222222223e-05,16.784049139936375
0.0015180943331335,0.0015877570171375,-3.622222222222223e-05,23.37463937983905
0.0014730943331335,0.0016607570171375,-6.222222222222228e-06,20.297947225133377
0.0016310943331335,0.0017967570171375,0.0001227777777777,20.79328275289793
0.0011120943331335,0.0017437570171375,7.777777777777714e-07,10.145674659785973
0.0012820943331335,0.0016397570171375,3.877777777777777e-05,15.066448534992583
0.0017340943331335,0.0020627570171375,7.177777777777777e-05,19.60608904214704
0.0016840943331335,0.0015037570171375,-1.4222222222222229e-05,15.125398582866717
0.0017400943331335,0.0021357570171375,-1.5222222222222228e-05,22.95056726474122
0.0013380943331335,0.0019127570171375,2.577777777777777e-05,12.388778207088095
0.0009580943331335,0.0020497570171375,-1.0222222222222228e-05,11.155780423630254
0.0015910943331335,0.0017987570171375,1.4777777777777771e-05,21.725865079993053
0.0016660943331335,0.0020697570171375,0.0001447777777777,16.944510178619964
0.0010990943331335,0.0020317570171375,6.777777777777771e-06,40.70868244812079
0.0011290943331335,0.0017937570171375,8.377777777777776e-05,11.948866227197962
0.0014500943331335,0.0013917570171375,5.6777777777777766e-05,12.35956205192414
0.0010090943331335,0.0016617570171375,0.0001087777777777,19.692352284674456
0.0012790943331335,0.0018337570171375,4.977777777777777e-05,12.086208022453976
0.0016300943331335,0.0017457570171375,0.0001987777777777,22.051952359883263
0.0015720943331335,0.0014337570171375,3.477777777777777e-05,19.553860480967867
0.0012210943331335,0.0017427570171375,0.0001847777777777,14.66986768865793
0.0011900943331335,0.0021347570171375,0.0001537777777777,21.858157860708403
0.0014150943331335,0.0013827570171375,0.0001467777777777,14.830040851966846
0.0014370943331335,0.0021437570171375,0.0001567777777777,15.081848864363662
0.0016890943331335,0.0013947570171375,9.977777777777776e-05,14.357545327238414
0.0015130943331335,0.0016657570171375,8.777777777777777e-05,22.091035726670448
0.0011780943331335,0.0014767570171375,9.877777777777776e-05,12.074716054197939
0.0016090943331335,0.0014457570171375,0.0001537777777777,20.12838269207631
0.0011680943331335,0.0013847570171375,0.0001587777777777,13.017621295776067
0.0016300943331335,0.0016877570171375,0.0001347777777777,18.848688177905988
0.0010340943331335,0.0017927570171375,0.0001297777777777,11.084673044281752
0.0015650943331335,0.0020957570171375,0.0002327777777777,16.01248964925677
0.0014320943331335,0.0017467570171375,0.0002517777777777,18.956949641587876
0.0017550943331335,0.0018057570171375,0.0002627777777777,19.83918332266189
0.0013930943331335,0.0015907570171375,0.0002797777777777,20.306817095270045
0.0017570943331335,0.0016927570171375,0.0002707777777777,15.347536617847577
0.0016840943331335,0.0017377570171375,0.0001467777777777,25.660271464205984
0.0016570943331335,0.0015767570171375,0.0003987777777777,20.70180104229132
0.0016310943331335,0.0021177570171375,0.0001657777777777,17.26542364755116
0.0016370943331335,0.0021067570171375,0.0003097777777777,18.119017473423096
0.0017550943331335,0.0013837570171375,0.0001767777777777,12.896472378279725
0.0013660943331335,0.0015587570171375,0.0002167777777777,16.362278204915274
0.0016940943331335,0.0018487570171375,0.0002967777777777,19.45359334147648
0.0016950943331335,0.0019887570171375,0.0003337777777777,18.043711578989797
0.0014190943331335,0.0018497570171375,0.0002817777777777,15.997437618429853
0.0015780943331335,0.0018227570171375,0.0003797777777777,19.98621887355341
0.0009980943331335,0.0018657570171375,0.0002507777777777,14.357781891137224
0.0012990943331335,0.0018567570171375,0.0002747777777777,16.003727947256067
0.0011890943331335,0.0015357570171375,0.0002797777777777,15.401955472603573
0.0014970943331335,0.0014287570171375,0.0004557777777777,34.35043577756238
0.0010810943331335,0.0020607570171375,0.0003367777777777,16.799460363216653
0.0009870943331335,0.0014617570171375,0.0003027777777777,16.904413537367425
0.0010710943331335,0.0017787570171375,0.0002907777777777,14.466168003344691
0.0012030943331335,0.0014467570171375,0.0004157777777777,19.06167282165638
0.0012060943331335,0.0015237570171375,0.0002987777777777,15.695897396044368
0.0017360943331335,0.0017957570171375,0.0003927777777777,19.745496602921357
0.0011480943331335,0.0018787570171375,0.0003107777777777,14.92694914354418
0.0014430943331335,0.0016317570171375,0.0004177777777777,25.24547767285135
0.0016580943331335,0.0014417570171375,0.0003877777777777,22.37652760297357
0.0015580943331335,0.0020137570171375,0.0004397777777777,17.276472660568153
0.0015400943331335,0.0020197570171375,0.0003917777777777,16.85736542711117
0.0012570943331335,0.0014457570171375,0.0004227777777777,19.169402236415056
0.0015940943331335,0.0017077570171375,0.0004727777777777,20.966442788324414
0.0015960943331335,0.0013617570171375,0.0005117777777777,22.702780427258958
0.0011770943331335,0.0013857570171375,0.0005027777777777,20.27626279756275
0.0017480943331335,0.0020617570171375,0.0004747777777777,17.707960702783534
0.0013130943331335,0.0014987570171375,0.0004687777777777,24.92091746080838
0.0017090943331335,0.0019677570171375,0.0005407777777777,19.344367916600493
0.0015310943331335,0.0018327570171375,0.0005317777777777,21.638966122274727
0.0013460943331335,0.0017857570171375,0.0005557777777777,20.197391135303576
0.0015880943331335,0.0021137570171375,0.0005267777777777,17.59176038149646
0.0010160943331335,0.0014467570171375,0.0006127777777777,20.90015137824722
0.0009590943331335,0.0014957570171375,0.0006117777777777,20.88575844570111
0.0015110943331335,0.0019977570171375,0.0006197777777777,20.348646883525156
0.0016780943331335,0.0021217570171375,0.0006297777777777,16.865894637387694
0.0012920943331335,0.0016117570171375,0.0006187777777777,22.831272561927037
0.0011770943331335,0.0021437570171375,0.0005667777777777,20.184125896718513
0.0015010943331335,0.0015427570171375,0.0006567777777777,25.41683417104157
0.0014260943331335,0.0018387570171375,0.0006547777777777,22.21694823227731
0.0015820943331335,0.0014177570171375,0.0006167777777777,26.023972132514118
0.0009590943331335,0.0015027570171375,0.0007497777777777,20.547829000687674
0.0012600943331335,0.0020827570171375,0.0007257777777777,20.82768104106905
0.0013110943331335,0.0018307570171375,0.0006547777777777,21.26128348497946
0.0010780943331335,0.0019977570171375,0.0007187777777777,22.047551380573218
0.0012890943331335,0.0021237570171375,0.0006747777777777,20.152984923399814
0.0016090943331335,0.0019097570171375,0.0007517777777777,23.542285537586746
0.0011540943331335,0.0013507570171375,0.0007607777777777,22.48894867738718
0.0014280943331335,0.0021437570171375,0.0008737777777777,20.866437485061073
0.0009740943331335,0.0021077570171375,0.0008037777777777,23.906838226987848
0.0010760943331335,0.0014307570171375,0.0008357777777777,21.336584700967233
0.0010630943331335,0.0014697570171375,0.0008457777777777,21.368779023449992
0.0014400943331335,0.0018877570171375,0.0008987777777777,22.25843879647034
0.0013360943331335,0.0020537570171375,0.0008577777777777,21.1507607534381
0.0010630943331335,0.0017267570171375,0.0008537777777777,22.140356353853278
0.0017060943331335,0.0021767570171375,0.0008447777777777,20.015984333367115
0.0012520943331335,0.0015977570171375,0.0008687777777777,22.66260869295404
0.0013550943331335,0.0017097570171375,0.0008547777777777,23.695306762740923
0.0015160943331335,0.0014927570171375,0.0008627777777777,25.42038751634858
0.0016380943331335,0.0016897570171375,0.0009797777777777,24.3036373789708
0.0009830943331335,0.0020857570171375,0.0009057777777777,22.59697147691748
0.0014200943331335,0.0014147570171375,0.0009557777777777,24.872332184756058
0.0010300943331335,0.0015777570171375,0.0009267777777777,21.813910956786874
0.0016830943331335,0.0018817570171375,0.0009147777777777,22.43534055222964
0.0017110943331335,0.0016017570171375,0.0010087777777777,24.73608118458676
0.0009710943331335,0.0015187570171375,0.0009967777777777,20.925220257808864
0.0014540943331335,0.0016777570171375,0.0010207777777777,23.312101953389266
0.0016490943331335,0.0019637570171375,0.0010217777777777,20.761504820869742
0.0014200943331335,0.0018107570171375,0.0010947777777777,22.416950009397603
0.0010640943331335,0.0014717570171375,0.0010057777777777,22.53031931487984
0.0009750943331335,0.0018327570171375,0.0010617777777777,22.283083962385476
0.0015400943331335,0.0019777570171375,0.0010087777777777,21.202655737724704
0.0015720943331335,0.0019237570171375,0.0010637777777777,21.312783040409233
0.0010390943331335,0.0014307570171375,0.0010777777777777,21.817483825291347
0.0016580943331335,0.0014417570171375,0.0003877777777777,23.641717736170794
0.0011410943331335,0.0019427570171375,1.3777777777777773e-05,11.935435139401743
0.0015180943331335,0.0015877570171375,-3.622222222222223e-05,20.523717660840838
0.0014730943331335,0.0016607570171375,-6.222222222222228e-06,20.365578498620195
0.0017340943331335,0.0020627570171375,7.177777777777777e-05,19.084773390798514
0.0013380943331335,0.0019127570171375,2.577777777777777e-05,12.289400213614812
0.0012210943331335,0.0017427570171375,0.0001847777777777,15.746910730814918
0.0011780943331335,0.0014767570171375,9.877777777777776e-05,12.383842709850684
0.0016570943331335,0.0015767570171375,0.0003987777777777,20.78144619690137
0.0014190943331335,0.0018497570171375,0.0002817777777777,16.38671233589141
0.0009980943331335,0.0018657570171375,0.0002507777777777,15.72877507829748
0.0010810943331335,0.0020607570171375,0.0003367777777777,17.044170225645367
0.0012030943331335,0.0014467570171375,0.0004157777777777,18.731274107548263
0.0014430943331335,0.0016317570171375,0.0004177777777777,25.032282967533273
0.0016780943331335,0.0021217570171375,0.0006297777777777,16.998971371128786
0.0014400943331335,0.0018877570171375,0.0008987777777777,22.246344438708373
0.0016490943331335,0.0019637570171375,0.0010217777777777,20.724960075953383
0.0010350943331335,0.0014307570171375,3.577777777777777e-05,15.225863723736914
0.0016550943331335,0.0013557570171375,0.0002497777777777,19.642068536707416
0.0017560943331335,0.0018567570171375,0.0004227777777777,15.596964126998504
0.0017560943331335,0.0018567570171375,0.0004227777777777,16.832123634178778
0.0012780943331335,0.0019797570171375,0.0007817777777777,21.37161287403472
0.0012780943331335,0.0019797570171375,0.0007817777777777,21.444871032112307
0.0012700943331335,0.0017547570171375,0.0007867777777777,22.79218471914885
0.0012700943331335,0.0017547570171375,0.0007867777777777,22.74342918709998
0.0010540943331335,0.0015857570171375,0.0009167777777777,21.8139109567868
0.0010540943331335,0.0015857570171375,0.0009167777777777,21.813910956786795
0.0016250943331335,0.0019857570171375,0.0009297777777777,21.22079723133056
0.0016130943331335,0.0014837570171375,0.0009707777777777,25.311296352755864
0.0016580943331335,0.0014417570171375,0.0003877777777777,23.236735753377236
0.0016580943331335,0.0014417570171375,0.0003877777777777,21.577982728237462
0.0008910943331335,0.0018267570171375,-2.7222222222222223e-05,16.77490319057636
0.0009430943331335,0.0015547570171375,-2.1222222222222223e-05,11.693399169227897
0.0009430943331335,0.0015547570171375,-2.1222222222222223e-05,22.435262101244692
0.0009430943331335,0.0021317570171375,-7.222222222222228e-06,17.89927707334244
0.0009430943331335,0.0021317570171375,-7.222222222222228e-06,17.799470948707302
0.0008830943331335,0.0014217570171375,-3.2222222222222286e-06,15.34919129901093
0.0009550943331335,0.0021007570171375,1.7777777777777714e-06,18.360784668878203
0.0009550943331335,0.0021007570171375,1.7777777777777714e-06,18.64220589203484
0.0009530943331335,0.0013747570171375,9.77777777777777e-06,38.654015059950986
0.0009530943331335,0.0013747570171375,9.77777777777777e-06,38.62400803922891
0.0009500943331335,0.0016097570171375,1.777777777777777e-05,21.12031019179322
0.0009500943331335,0.0016097570171375,1.777777777777777e-05,19.990344593544904
0.0009180943331335,0.0019537570171375,2.077777777777777e-05,24.513881111463927
0.0009340943331335,0.0020447570171375,2.477777777777777e-05,12.959825517844065
0.0009480943331335,0.0013717570171375,3.577777777777777e-05,35.94791659281091
0.0009470943331335,0.0014677570171375,3.577777777777777e-05,18.06882870375132
0.0009460943331335,0.0014707570171375,3.977777777777777e-05,18.37492573089608
0.0009420943331335,0.0018477570171375,4.6777777777777767e-05,26.60505035022872
0.0009190943331335,0.0020067570171375,4.877777777777777e-05,13.827530571353943
0.0009240943331335,0.0014507570171375,6.977777777777776e-05,19.155849968609754
0.0009500943331335,0.0015617570171375,9.277777777777777e-05,14.076428810124591
0.0008920943331335,0.0014837570171375,0.0001007777777777,18.136665869082528
0.0009160943331335,0.0015427570171375,0.0001157777777777,12.553265259706047
0.0009550943331335,0.0020897570171375,0.0001327777777777,14.616186128956807
0.0009160943331335,0.0020427570171375,0.0001447777777777,14.46498862381244
0.0009230943331335,0.0015177570171375,0.0001547777777777,12.778182331408125
0.0009390943331335,0.0017617570171375,0.0001637777777777,29.263941961876803
0.0009520943331335,0.0013947570171375,0.0001727777777777,18.41301085352737
0.0009510943331335,0.0018897570171375,0.0001737777777777,18.014150087755645
0.0009510943331335,0.0018897570171375,0.0001737777777777,19.598925800065384
0.0009540943331335,0.0019977570171375,0.0001837777777777,18.259970058942944
0.0009540943331335,0.0019977570171375,0.0001837777777777,18.920423631013822
0.0009550943331335,0.0014987570171375,0.0001887777777777,16.309075863442462
0.0009550943331335,0.0014987570171375,0.0001887777777777,15.699271171242858
0.0009530943331335,0.0019427570171375,0.0002067777777777,23.754290790074897
0.0009470943331335,0.0016527570171375,0.0002127777777777,18.894866889036795
0.0009430943331335,0.0015647570171375,0.0002157777777777,18.154332723355438
0.0009070943331335,0.0017927570171375,0.0002297777777777,20.20721722771812
0.0009390943331335,0.0021197570171375,0.0002297777777777,19.796789047084303
0.0009360943331335,0.0019377570171375,0.0002417777777777,25.036569910579836
0.0009510943331335,0.0013977570171375,0.0002637777777777,17.207658172402517
0.0009110943331335,0.0019867570171375,0.0002857777777777,24.64146841206436
0.0009480943331335,0.0016777570171375,0.0002887777777777,18.773460215881926
0.0009480943331335,0.0016777570171375,0.0002887777777777,18.60076209067857
0.0009420943331335,0.0018747570171375,0.0002907777777777,20.839379859426543
0.0009450943331335,0.0016327570171375,0.0002947777777777,20.16173223075536
0.0009520943331335,0.0019407570171375,0.0003057777777777,23.33129794674185
0.0009240943331335,0.0014627570171375,0.0003147777777777,16.643520675577424
0.0009470943331335,0.0018667570171375,0.0003177777777777,20.84732001915678
0.0008980943331335,0.0019527570171375,0.0003187777777777,22.02936029647853
0.0009420943331335,0.0020447570171375,0.0003197777777777,22.020037121250795
0.0009450943331335,0.0014317570171375,0.0003467777777777,17.450343203945252
0.0009480943331335,0.0014577570171375,0.0003607777777777,16.226569079670405
0.0009480943331335,0.0014577570171375,0.0003607777777777,16.383335303836848
0.0009390943331335,0.0015077570171375,0.0003647777777777,16.81433359234981
0.0009450943331335,0.0013757570171375,0.0003757777777777,17.328802319938884
0.0009340943331335,0.0020907570171375,0.0003777777777777,17.177302342182777
0.0009500943331335,0.0015517570171375,0.0003787777777777,16.62131952489486
0.0009420943331335,0.0019097570171375,0.0003787777777777,19.5202352572412
0.0009520943331335,0.0019877570171375,0.0003827777777777,22.73484913551714
0.0009470943331335,0.0021407570171375,0.0003837777777777,17.42533624338608
0.0009300943331335,0.0018197570171375,0.0003857777777777,20.12274731560571
0.0009530943331335,0.0016347570171375,0.0003997777777777,27.367595635001262
0.0009530943331335,0.0016347570171375,0.0003997777777777,26.50242746595701
0.0009410943331335,0.0014407570171375,0.0004017777777777,21.75734947498832
0.0009410943331335,0.0014407570171375,0.0004017777777777,21.187993040809364
0.0009380943331335,0.0016297570171375,0.0004067777777777,25.590527963277054
0.0008890943331335,0.0014727570171375,0.0004117777777777,23.08631493124455
0.0009150943331335,0.0013937570171375,0.0004157777777777,19.345626834420756
0.0009190943331335,0.0015627570171375,0.0004157777777777,23.661395971995784
0.0009480943331335,0.0017657570171375,0.0004177777777777,23.78436791202227
0.0009480943331335,0.0017657570171375,0.0004177777777777,23.81619560870043
0.0009390943331335,0.0017577570171375,0.0004197777777777,22.376013390800118
0.0009470943331335,0.0015927570171375,0.0004217777777777,23.711494086830477
0.0009470943331335,0.0015927570171375,0.0004217777777777,22.807283650136654
0.0009390943331335,0.0020867570171375,0.0004377777777777,24.01423106019126
0.0009410943331335,0.0020277570171375,0.0004397777777777,24.431192233806343
0.0009460943331335,0.0020797570171375,0.0004437777777777,21.559321955839472
0.0009530943331335,0.0019357570171375,0.0004447777777777,22.80980263314198
0.0009530943331335,0.0019357570171375,0.0004447777777777,21.986198959053105
0.0009530943331335,0.0019357570171375,0.0004447777777777,21.600531174513552
0.0009510943331335,0.0015907570171375,0.0004467777777777,23.837428074426413
0.0009190943331335,0.0015577570171375,0.0004487777777777,23.44022785576684
0.0009380943331335,0.0020007570171375,0.0004537777777777,21.288162897488093
0.0009380943331335,0.0020007570171375,0.0004537777777777,19.960850619616025
0.0009340943331335,0.0014047570171375,0.0004597777777777,19.56035682895457
0.0009340943331335,0.0014047570171375,0.0004597777777777,19.23999363721107
0.0009290943331335,0.0017617570171375,0.0004607777777777,21.637525413925832
0.0009240943331335,0.0015507570171375,0.0004657777777777,22.719535535924177
0.0009560943331335,0.0015887570171375,0.0004667777777777,25.058997791110038
0.0008960943331335,0.0018967570171375,0.0004707777777777,23.537300842038793
0.0009510943331335,0.0021097570171375,0.0004837777777777,18.4787598821519
0.0009110943331335,0.0015237570171375,0.0004867777777777,23.69053569231676
0.0009030943331335,0.0018847570171375,0.0004927777777777,23.509982297897245
0.0009150943331335,0.0020097570171375,0.0004927777777777,22.946464982829657
0.0009300943331335,0.0017517570171375,0.0004947777777777,22.812472487720665
0.0009540943331335,0.0017087570171375,0.0005007777777777,23.04638224411126
0.0009540943331335,0.0017087570171375,0.0005007777777777,23.629709201659487
0.0009130943331335,0.0015967570171375,0.0005077777777777,24.15260519913113
0.0009130943331335,0.0015967570171375,0.0005077777777777,24.828982938886917
0.0009420943331335,0.0019507570171375,0.0005077777777777,22.940024634947363
0.0009210943331335,0.0020647570171375,0.0005167777777777,17.589359297225407
0.0009210943331335,0.0020647570171375,0.0005167777777777,23.16669600288121
0.0009290943331335,0.0014907570171375,0.0005177777777777,24.121774869157075
0.0009520943331335,0.0018247570171375,0.0005267777777777,23.3260697893461
0.0009520943331335,0.0018247570171375,0.0005267777777777,23.057818280100474
0.0009520943331335,0.0018247570171375,0.0005267777777777,22.96560384815136
0.0008980943331335,0.0019607570171375,0.0005307777777777,23.278035201646325
0.0009420943331335,0.0014117570171375,0.0005397777777777,21.169806303687917
0.0009420943331335,0.0014117570171375,0.0005397777777777,20.588087811574194
0.0009530943331335,0.0014607570171375,0.0005417777777777,22.254724742172378
0.0008990943331335,0.0020187570171375,0.0005417777777777,23.024848892592495
0.0009190943331335,0.0015147570171375,0.0005487777777777,22.132715681574357
0.0009110943331335,0.0017847570171375,0.0005527777777777,24.277268669125952
0.0009160943331335,0.0017627570171375,0.0005537777777777,24.355799274135478
0.0009450943331335,0.0014987570171375,0.0005587777777777,22.14145514987246
0.0009410943331335,0.0015547570171375,0.0005597777777777,21.791303980829397
0.0009560943331335,0.0016497570171375,0.0005617777777777,24.75889361264059
0.0009560943331335,0.0016497570171375,0.0005617777777777,24.670968190583018
0.0009560943331335,0.0016497570171375,0.0005617777777777,25.02876754539065
0.0009530943331335,0.0019197570171375,0.0005647777777777,22.85428597813351
0.0009500943331335,0.0016067570171375,0.0005677777777777,25.079919893100985
0.0009490943331335,0.0021037570171375,0.0005687777777777,25.860258937085447
0.0009420943331335,0.0020877570171375,0.0005767777777777,25.06427697253436
0.0008670943331335,0.0014227570171375,0.0005877777777777,21.122904024059896
0.0009300943331335,0.0015427570171375,0.0005967777777777,22.094622698740043
0.0009340943331335,0.0019117570171375,0.0006157777777777,23.389527827976714
0.0009450943331335,0.0015057570171375,0.0006177777777777,21.651158642106374
0.0009450943331335,0.0015057570171375,0.0006177777777777,21.554814405737417
0.0008800943331335,0.0014547570171375,0.0006197777777777,20.622965142012504
0.0009540943331335,0.0020767570171375,0.0006247777777777,26.71000195198583
0.0009540943331335,0.0020767570171375,0.0006247777777777,26.12113421361235
0.0009240943331335,0.0014057570171375,0.0006277777777777,20.529805220913854
0.0008590943331335,0.0018237570171375,0.0006287777777777,23.82135196515757
0.0009470943331335,0.0015907570171375,0.0006327777777777,23.659825580891123
0.0009470943331335,0.0015907570171375,0.0006327777777777,23.643707959293923
0.0009150943331335,0.0014617570171375,0.0006337777777777,20.470160973933716
0.0008750943331335,0.0020057570171375,0.0006457777777777,27.439789155418556
0.0009550943331335,0.0013547570171375,0.0006707777777777,16.081755299584636
0.0009450943331335,0.0014427570171375,0.0006707777777777,20.343761381149733
0.0009450943331335,0.0014427570171375,0.0006707777777777,20.453614043377417
0.0008620943331335,0.0015907570171375,0.0006907777777777,21.618702672644094
0.0009430943331335,0.0019637570171375,0.0006927777777777,23.643773402807117
0.0009150943331335,0.0018977570171375,0.0006957777777777,23.83598111571166
0.0009470943331335,0.0016407570171375,0.0007017777777777,22.71601513878505
0.0009470943331335,0.0016407570171375,0.0007017777777777,22.849936654168197
0.0008600943331335,0.0019687570171375,0.0007187777777777,24.15107835869456
0.0009410943331335,0.0019547570171375,0.0007277777777777,24.38787102130279
0.0009450943331335,0.0014517570171375,0.0007347777777777,19.236833525613964
0.0009200943331335,0.0015167570171375,0.0007357777777777,20.872594233982067
0.0009200943331335,0.0015167570171375,0.0007357777777777,20.69054767483809
0.0009460943331335,0.0017447570171375,0.0007397777777777,23.784854499943837
0.0009560943331335,0.0018637570171375,0.0007407777777777,23.91688932010941
0.0008970943331335,0.0019987570171375,0.0007417777777777,30.074498179653865
0.0009430943331335,0.0019617570171375,0.0007447777777777,25.204837296055928
0.0009510943331335,0.0014757570171375,0.0007507777777777,20.174451548239254
0.0008420943331335,0.0016247570171375,0.0007507777777777,22.148149680241414
0.0009420943331335,0.0021027570171375,0.0007567777777777,26.420010052962404
0.0009240943331335,0.0021447570171375,0.0007567777777777,26.446593175762878
0.0009250943331335,0.0013727570171375,0.0007577777777777,16.185626343716283
0.0009460943331335,0.0013817570171375,0.0007717777777777,16.1222557357954
0.0009220943331335,0.0016897570171375,0.0007757777777777,23.297690117228466
0.0009380943331335,0.0016977570171375,0.0007757777777777,23.44671919453715
0.0009530943331335,0.0015567570171375,0.0007807777777777,21.011721377930332
0.0009460943331335,0.0019947570171375,0.0007847777777777,29.875853925675266
0.0009460943331335,0.0019947570171375,0.0007847777777777,29.59861057175725
0.0009540943331335,0.0015687570171375,0.0007887777777777,21.20906972721248
0.0009460943331335,0.0014777570171375,0.0007907777777777,19.679848779789378
0.0009460943331335,0.0014777570171375,0.0007907777777777,19.655666706372127
0.0009200943331335,0.0018687570171375,0.0007987777777777,24.592716564177728
0.0009420943331335,0.0020957570171375,0.0007987777777777,24.4512377296789
0.0008670943331335,0.0018227570171375,0.0008187777777777,24.80207698310915
0.0009560943331335,0.0014217570171375,0.0008207777777777,19.759638474293972
0.0009560943331335,0.0014217570171375,0.0008207777777777,19.78719191661863
0.0009520943331335,0.0013637570171375,0.0008287777777777,17.228971729177086
0.0009320943331335,0.0020037570171375,0.0008297777777777,25.102526049611
0.0009360943331335,0.0015457570171375,0.0008347777777777,20.867365099159088
0.0009030943331335,0.0018067570171375,0.0008377777777777,25.11354868993679
0.0009110943331335,0.0016807570171375,0.0008497777777777,22.275862941179845
0.0009280943331335,0.0014137570171375,0.0008637777777777,19.657132780576237
0.0008960943331335,0.0014157570171375,0.0008717777777777,19.658427459257524
0.0009130943331335,0.0020557570171375,0.0008737777777777,23.790783708567123
0.0009450943331335,0.0019597570171375,0.0008747777777777,24.504294984683607
0.0009450943331335,0.0019597570171375,0.0008747777777777,24.641095402008297
0.0009210943331335,0.0014127570171375,0.0008757777777777,19.75058874460673
0.0009470943331335,0.0015247570171375,0.0008967777777777,20.53427764321855
0.0009510943331335,0.0019277570171375,0.0009067777777777,24.65025751469822
0.0009330943331335,0.0020057570171375,0.0009097777777777,24.255722347120873
0.0008990943331335,0.0016847570171375,0.0009237777777777,22.946204077641394
0.0009300943331335,0.0015597570171375,0.0009287777777777,20.826225760216722
0.0008770943331335,0.0016477570171375,0.0009427777777777,22.01306658997092
0.0009560943331335,0.0019227570171375,0.0009447777777777,23.623253945244212
0.0009420943331335,0.0015467570171375,0.0009477777777777,20.75759133768158
0.0009430943331335,0.0019777570171375,0.0009487777777777,22.644737100098627
0.0009560943331335,0.0020307570171375,0.0009517777777777,22.83898430639916
0.0009470943331335,0.0020817570171375,0.0009557777777777,22.573028316281956
0.0009470943331335,0.0020817570171375,0.0009557777777777,22.584217675409988
0.0009470943331335,0.0020817570171375,0.0009557777777777,22.220112075622495
0.0009140943331335,0.0014587570171375,0.0009607777777777,20.28162495923012
0.0009530943331335,0.0018867570171375,0.0009607777777777,23.197942469954334
0.0009460943331335,0.0016647570171375,0.0009727777777777,22.011154174037948
0.0009460943331335,0.0018107570171375,0.0009747777777777,23.3579206443965
0.0009280943331335,0.0019517570171375,0.0009847777777777,23.455578721725356
0.0009560943331335,0.0014207570171375,0.0009927777777777,20.589614023323314
0.0009530943331335,0.0014677570171375,0.0009977777777777,20.641838787429364
0.0009530943331335,0.0017637570171375,0.0010247777777777,21.71913606195549
0.0009510943331335,0.0018797570171375,0.0010327777777777,22.35816454275565
0.0009510943331335,0.0018797570171375,0.0010327777777777,22.359635235088266
0.0009530943331335,0.0020437570171375,0.0010337777777777,21.893855677803142
0.0009530943331335,0.0020437570171375,0.0010337777777777,21.79146928669024
0.0009560943331335,0.0019647570171375,0.0010497777777777,21.70685664184505
0.0009000943331335,0.0016207570171375,0.0010667777777777,21.24136980138218
0.0009270943331335,0.0014587570171375,0.0010767777777777,20.7825877524016
0.0009500943331335,0.0013657570171375,0.0004947777777777,21.345124890081774
0.0009240943331335,0.0020757570171375,0.0005857777777777,23.3775592772547
0.0009550943331335,0.0017277570171375,0.0007017777777777,24.907811621205404
0.0009550943331335,0.0017277570171375,0.0007017777777777,24.910017803906904
0.0009550943331335,0.0017277570171375,0.0007017777777777,25.634525930502853
0.0009380943331335,0.0019447570171375,0.0010287777777777,22.564803429776553
0.0017980943331335,0.0018737570171375,-2.7222222222222223e-05,16.29653156429489
0.0017980943331335,0.0018737570171375,-2.7222222222222223e-05,17.62817414795951
0.0017890943331335,0.0016727570171375,-2.622222222222223e-05,19.106236016906106
0.0017630943331335,0.0020947570171375,-2.522222222222223e-05,21.630895640735204
0.0017630943331335,0.0020947570171375,-2.522222222222223e-05,22.728421848492722
0.0017860943331335,0.0016677570171375,-8.222222222222229e-06,19.129468250139343
0.0017750943331335,0.0019367570171375,2.777777777777771e-06,14.253887050793242
0.0017870943331335,0.0020807570171375,1.3777777777777773e-05,20.817840116245016
0.0017640943331335,0.0018077570171375,1.5777777777777772e-05,15.61430663750281
0.0017900943331335,0.0015757570171375,1.777777777777777e-05,20.699618653387578
0.0017930943331335,0.0019987570171375,2.077777777777777e-05,19.371969485100106
0.0017980943331335,0.0018597570171375,2.377777777777777e-05,15.90829166823744
0.0017810943331335,0.0020147570171375,2.777777777777777e-05,20.571289500772657
0.0017680943331335,0.0015147570171375,2.877777777777777e-05,20.607842254645295
0.0017710943331335,0.0020697570171375,3.277777777777777e-05,20.654402667410817
0.0017720943331335,0.0019237570171375,3.577777777777777e-05,14.223346120930074
0.0017670943331335,0.0016877570171375,4.777777777777777e-05,20.348131142001403
0.0017720943331335,0.0016777570171375,5.277777777777777e-05,18.96141956223769
0.0017640943331335,0.0014487570171375,5.6777777777777766e-05,16.763629494133657
0.0017740943331335,0.0019917570171375,6.277777777777777e-05,16.045417286249915
0.0017740943331335,0.0019917570171375,6.277777777777777e-05,15.976430588616225
0.0017640943331335,0.0016407570171375,6.677777777777777e-05,13.506461859906286
0.0017640943331335,0.0016407570171375,6.677777777777777e-05,14.306813059572578
0.0018290943331335,0.0015637570171375,7.377777777777777e-05,15.824308049884332
0.0017660943331335,0.0017497570171375,7.877777777777777e-05,19.261910928144417
0.0017640943331335,0.0014947570171375,7.977777777777776e-05,13.952240850702488
0.0017640943331335,0.0014947570171375,7.977777777777776e-05,12.4624040207381
0.0018180943331335,0.0021347570171375,8.077777777777777e-05,17.754033338680934
0.0017770943331335,0.0019577570171375,9.877777777777776e-05,17.853810953114372
0.0017670943331335,0.0016417570171375,0.0001007777777777,21.978153253930266
0.0017670943331335,0.0016417570171375,0.0001007777777777,20.01480037270767
0.0017900943331335,0.0018097570171375,0.0001057777777777,18.854627172560182
0.0017640943331335,0.0018667570171375,0.0001107777777777,18.827073049186986
0.0017780943331335,0.0019677570171375,0.0001207777777777,15.972703047509738
0.0017780943331335,0.0019677570171375,0.0001207777777777,17.51760292542669
0.0018270943331335,0.0013757570171375,0.0001357777777777,20.198612407602763
0.0017960943331335,0.0015877570171375,0.0001367777777777,12.415441563116751
0.0017680943331335,0.0015397570171375,0.0001387777777777,13.363836935707791
0.0017800943331335,0.0018697570171375,0.0001517777777777,17.781977192454097
0.0017880943331335,0.0014427570171375,0.0001537777777777,12.889099881268251
0.0017760943331335,0.0015337570171375,0.0001567777777777,13.075488143141996
0.0017720943331335,0.0016777570171375,0.0001577777777777,15.141182510606896
0.0017770943331335,0.0016827570171375,0.0001667777777777,15.594374669862466
0.0017830943331335,0.0016227570171375,0.0001707777777777,14.231375430746535
0.0018470943331335,0.0019667570171375,0.0001727777777777,16.59945598966792
0.0017840943331335,0.0014887570171375,0.0001767777777777,12.941857484531551
0.0017840943331335,0.0014887570171375,0.0001767777777777,13.643504944841732
0.0017660943331335,0.0015427570171375,0.0001797777777777,14.578804290413466
0.0017660943331335,0.0015427570171375,0.0001797777777777,15.504235002356516
0.0017660943331335,0.0018327570171375,0.0001837777777777,18.72476914494923
0.0017660943331335,0.0018327570171375,0.0001837777777777,20.366514435233682
0.0017780943331335,0.0020697570171375,0.0001847777777777,13.597011331999681
0.0017830943331335,0.0017447570171375,0.0001857777777777,22.314805626964397
0.0017640943331335,0.0020057570171375,0.0001907777777777,13.939418863665312
0.0017640943331335,0.0020057570171375,0.0001907777777777,16.012092824764384
0.0017680943331335,0.0015187570171375,0.0002167777777777,14.035401338591432
0.0017680943331335,0.0015187570171375,0.0002167777777777,15.383043776011757
0.0018270943331335,0.0019187570171375,0.0002177777777777,15.906709454816587
0.0017660943331335,0.0021167570171375,0.0002187777777777,19.891540528857615
0.0018140943331335,0.0019657570171375,0.0002227777777777,17.92459904770405
0.0017820943331335,0.0014247570171375,0.0002247777777777,13.006247409006946
0.0017750943331335,0.0014887570171375,0.0002247777777777,13.251993483346041
0.0017750943331335,0.0014887570171375,0.0002247777777777,14.528456818425736
0.0017700943331335,0.0013867570171375,0.0002317777777777,12.353914025861972
0.0017900943331335,0.0020617570171375,0.0002347777777777,17.905260230379252
0.0017790943331335,0.0019827570171375,0.0002417777777777,15.577892940655618
0.0018130943331335,0.0015897570171375,0.0002427777777777,15.591145385230657
0.0017640943331335,0.0016487570171375,0.0002477777777777,15.051237534530298
0.0017640943331335,0.0016487570171375,0.0002477777777777,16.155286947943893
0.0018050943331335,0.0017517570171375,0.0002537777777777,20.981198061719557
0.0017670943331335,0.0019757570171375,0.0002597777777777,15.597134197273613
0.0017670943331335,0.0019757570171375,0.0002597777777777,22.937837490073054
0.0017740943331335,0.0020377570171375,0.0002627777777777,18.909849180688305
0.0018020943331335,0.0015997570171375,0.0002667777777777,17.347297578850185
0.0017630943331335,0.0013877570171375,0.0002747777777777,13.613700928842961
0.0017630943331335,0.0013877570171375,0.0002747777777777,19.10362540189117
0.0017660943331335,0.0016967570171375,0.0002767777777777,15.424961503739127
0.0017820943331335,0.0018027570171375,0.0002817777777777,18.974130974939545
0.0018100943331335,0.0021017570171375,0.0002837777777777,19.083707950578834
0.0017660943331335,0.0016507570171375,0.0002847777777777,16.1245406010481
0.0018050943331335,0.0014967570171375,0.0002867777777777,14.115158765848422
0.0017650943331335,0.0018807570171375,0.0002947777777777,18.491353199149803
0.0017650943331335,0.0018807570171375,0.0002947777777777,18.747467632215706
0.0017650943331335,0.0018807570171375,0.0002947777777777,18.922288573210956
0.0018080943331335,0.0020087570171375,0.0002997777777777,14.983939812633501
0.0017630943331335,0.0019827570171375,0.0003097777777777,20.250169493392153
0.0017670943331335,0.0014527570171375,0.0003117777777777,13.646534898457876
0.0017710943331335,0.0015507570171375,0.0003157777777777,15.836873567142021
0.0017690943331335,0.0017177570171375,0.0003157777777777,16.640408093381645
0.0018160943331335,0.0017407570171375,0.0003167777777777,15.631072141532686
0.0018580943331335,0.0017927570171375,0.0003247777777777,18.67101290908678
0.0018580943331335,0.0017927570171375,0.0003247777777777,18.749384086245477
0.0017830943331335,0.0014877570171375,0.0003277777777777,14.473942669895536
0.0017920943331335,0.0018287570171375,0.0003337777777777,16.464918993122595
0.0017900943331335,0.0013787570171375,0.0003387777777777,18.892794496397116
0.0018210943331335,0.0014357570171375,0.0003517777777777,19.54414679593548
0.0017850943331335,0.0016887570171375,0.0003547777777777,16.014974086801455
0.0017720943331335,0.0014707570171375,0.0003587777777777,16.99848905391038
0.0017630943331335,0.0020867570171375,0.0003687777777777,18.9491585008506
0.0017770943331335,0.0020667570171375,0.0003717777777777,14.970827049612438
0.0017730943331335,0.0017727570171375,0.0003767777777777,19.137142681545875
0.0017760943331335,0.0019577570171375,0.0003817777777777,21.149526389355973
0.0017630943331335,0.0016097570171375,0.0003837777777777,17.485029852664635
0.0018500943331335,0.0015497570171375,0.0003867777777777,13.877766832073265
0.0017650943331335,0.0016127570171375,0.0003877777777777,18.027758320328477
0.0017650943331335,0.0016127570171375,0.0003877777777777,17.14457185535781
0.0017920943331335,0.0021227570171375,0.0003887777777777,20.781077173133784
0.0018220943331335,0.0019207570171375,0.0003907777777777,15.425679131387769
0.0018200943331335,0.0020397570171375,0.0003907777777777,24.54676525947157
0.0018440943331335,0.0019787570171375,0.0003927777777777,20.08808235731527
0.0017640943331335,0.0014377570171375,0.0003957777777777,17.080549896164936
0.0017640943331335,0.0014377570171375,0.0003957777777777,13.701389919267443
0.0017980943331335,0.0017317570171375,0.0003997777777777,18.776418249633384
0.0017740943331335,0.0013677570171375,0.0004037777777777,14.98908841780719
0.0017740943331335,0.0013677570171375,0.0004037777777777,18.417910833278142
0.0017930943331335,0.0020127570171375,0.0004047777777777,20.266188319815925
0.0018330943331335,0.0014427570171375,0.0004057777777777,14.69601053982731
0.0017650943331335,0.0014827570171375,0.0004167777777777,15.749319828961198
0.0018500943331335,0.0015957570171375,0.0004197777777777,18.51081683954198
0.0017840943331335,0.0015367570171375,0.0004217777777777,15.385627777836914
0.0017840943331335,0.0015367570171375,0.0004217777777777,18.492955220267564
0.0017650943331335,0.0018557570171375,0.0004227777777777,15.160614471406419
0.0017650943331335,0.0018557570171375,0.0004227777777777,16.443975861950427
0.0017830943331335,0.0020127570171375,0.0004237777777777,20.381527585430977
0.0017830943331335,0.0017647570171375,0.0004377777777777,18.182412465106022
0.0018350943331335,0.0018477570171375,0.0004387777777777,15.425453397626365
0.0017740943331335,0.0013727570171375,0.0004417777777777,16.586688554986864
0.0018400943331335,0.0017067570171375,0.0004457777777777,18.185213566393973
0.0018330943331335,0.0013817570171375,0.0004487777777777,14.379512716700333
0.0017890943331335,0.0014327570171375,0.0004507777777777,16.603826443689904
0.0017980943331335,0.0019887570171375,0.0004507777777777,21.42652554752201
0.0017850943331335,0.0014947570171375,0.0004527777777777,17.97453257136901
0.0017850943331335,0.0014947570171375,0.0004527777777777,14.658741278970185
0.0017720943331335,0.0018127570171375,0.0004527777777777,16.05312970966115
0.0018310943331335,0.0019227570171375,0.0004557777777777,16.476335017812218
0.0018310943331335,0.0019227570171375,0.0004557777777777,16.173311746755417
0.0018090943331335,0.0020567570171375,0.0004567777777777,15.625471701380382
0.0017760943331335,0.0017237570171375,0.0004577777777777,17.752176387314986
0.0017760943331335,0.0017237570171375,0.0004577777777777,15.861008055554084
0.0018260943331335,0.0016397570171375,0.0004647777777777,16.694414600060412
0.0017730943331335,0.0019447570171375,0.0004687777777777,16.40009373072902
0.0017730943331335,0.0019447570171375,0.0004687777777777,16.92738841670734
0.0017750943331335,0.0019887570171375,0.0004687777777777,23.72286156843278
0.0017650943331335,0.0014617570171375,0.0004747777777777,17.402342211112494
0.0017650943331335,0.0014617570171375,0.0004747777777777,19.00192512044295
0.0017800943331335,0.0014177570171375,0.0004847777777777,16.335158129348592
0.0017630943331335,0.0021197570171375,0.0004857777777777,16.998159393735616
0.0017660943331335,0.0016357570171375,0.0004887777777777,16.33791857856578
0.0017970943331335,0.0014997570171375,0.0004967777777777,19.125325060041778
0.0017650943331335,0.0014617570171375,0.0005027777777777,19.345524816405035
0.0018160943331335,0.0018907570171375,0.0005177777777777,16.441623127175724
0.0018100943331335,0.0013547570171375,0.0005207777777777,17.35575899816603
0.0018160943331335,0.0015537570171375,0.0005347777777777,21.01626884992624
0.0017630943331335,0.0016417570171375,0.0005367777777777,20.884526241554006
0.0018060943331335,0.0013927570171375,0.0005377777777777,16.498512123273365
0.0018060943331335,0.0013927570171375,0.0005377777777777,18.09178073478145
0.0017870943331335,0.0014977570171375,0.0005397777777777,20.271305956391245
0.0017710943331335,0.0017487570171375,0.0005417777777777,25.23019460254207
0.0018260943331335,0.0017947570171375,0.0005417777777777,15.853336053463204
0.0018600943331335,0.0018137570171375,0.0005457777777777,15.964111610528686
0.0017810943331335,0.0019637570171375,0.0005467777777777,15.796364121182766
0.0018260943331335,0.0015197570171375,0.0005477777777777,20.485156565668667
0.0017910943331335,0.0017717570171375,0.0005627777777777,24.72399431227629
0.0017630943331335,0.0015537570171375,0.0005647777777777,21.118953332650662
0.0017630943331335,0.0015537570171375,0.0005647777777777,21.28497719664111
0.0017680943331335,0.0016667570171375,0.0005667777777777,21.67681053514574
0.0017860943331335,0.0019027570171375,0.0005697777777777,18.83612901497449
0.0017800943331335,0.0019977570171375,0.0005697777777777,18.826530421792054
0.0017800943331335,0.0019977570171375,0.0005697777777777,19.362945399638527
0.0017810943331335,0.0019347570171375,0.0005787777777777,22.325776895042047
0.0017660943331335,0.0020147570171375,0.0005787777777777,21.209955098663563
0.0017940943331335,0.0015047570171375,0.0005847777777777,21.745653044570663
0.0017940943331335,0.0015047570171375,0.0005847777777777,22.757796457392494
0.0017660943331335,0.0018527570171375,0.0005857777777777,19.310043394982326
0.0017650943331335,0.0013687570171375,0.0005887777777777,18.662040680433414
0.0017670943331335,0.0013987570171375,0.0005937777777777,19.33193539581479
0.0017890943331335,0.0014597570171375,0.0005937777777777,19.56355434369867
0.0017740943331335,0.0019137570171375,0.0005937777777777,20.014838391734486
0.0017970943331335,0.0016347570171375,0.0005987777777777,21.052271792558837
0.0017640943331335,0.0015957570171375,0.0005997777777777,21.048855032479995
0.0017640943331335,0.0015957570171375,0.0005997777777777,21.938774389377322
0.0017640943331335,0.0017657570171375,0.0006257777777777,20.520762307128308
0.0017640943331335,0.0017657570171375,0.0006257777777777,20.70605462075197
0.0017630943331335,0.0019757570171375,0.0006287777777777,19.364201483324607
0.0017630943331335,0.0019757570171375,0.0006287777777777,17.09281748389482
0.0017790943331335,0.0014837570171375,0.0006387777777777,23.90822918491711
0.0017790943331335,0.0014837570171375,0.0006387777777777,24.051639515831628
0.0018220943331335,0.0021137570171375,0.0006417777777777,16.148347575923164
0.0017790943331335,0.0020447570171375,0.0006437777777777,16.65303819398285
0.0017790943331335,0.0020447570171375,0.0006437777777777,16.52439290830546
0.0017810943331335,0.0015767570171375,0.0006497777777777,23.98339629762174
0.0017650943331335,0.0013877570171375,0.0006607777777777,22.812527602377575
0.0017650943331335,0.0013877570171375,0.0006607777777777,23.360684448493235
0.0017770943331335,0.0014707570171375,0.0006617777777777,25.97634499987575
0.0017930943331335,0.0018387570171375,0.0006617777777777,20.082528777542176
0.0017910943331335,0.0018947570171375,0.0006697777777777,22.44922684552953
0.0017890943331335,0.0020177570171375,0.0006747777777777,16.109125639663407
0.0018470943331335,0.0019387570171375,0.0006767777777777,22.61897351937481
0.0017640943331335,0.0015217570171375,0.0006787777777777,24.435698305194652
0.0018050943331335,0.0014707570171375,0.0006797777777777,24.42990036095447
0.0017980943331335,0.0019497570171375,0.0006797777777777,24.249460189952053
0.0017690943331335,0.0017027570171375,0.0006827777777777,22.872538179196155
0.0017850943331335,0.0017907570171375,0.0006827777777777,20.081198725608633
0.0018140943331335,0.0018437570171375,0.0006827777777777,25.191427018984022
0.0017750943331335,0.0015337570171375,0.0007047777777777,30.656280801844133
0.0018450943331335,0.0019917570171375,0.0007047777777777,18.406105845731147
0.0017770943331335,0.0019367570171375,0.0007097777777777,23.054588066067456
0.0018060943331335,0.0014917570171375,0.0007107777777777,30.404724922196554
0.0017970943331335,0.0015477570171375,0.0007117777777777,24.632456480146633
0.0017750943331335,0.0017687570171375,0.0007137777777777,23.09790378573667
0.0017750943331335,0.0017687570171375,0.0007137777777777,23.09566173979073
0.0017950943331335,0.0017987570171375,0.0007147777777777,24.4417581445307
0.0017680943331335,0.0014197570171375,0.0007197777777777,28.121245266382438
0.0017680943331335,0.0014197570171375,0.0007197777777777,28.650413573361867
0.0017790943331335,0.0021087570171375,0.0007227777777777,16.867822214096847
0.0017930943331335,0.0016957570171375,0.0007287777777777,24.100386011675788
0.0018270943331335,0.0014497570171375,0.0007297777777777,26.585272518593303
0.0017830943331335,0.0016497570171375,0.0007317777777777,24.45088841925845
0.0018400943331335,0.0016277570171375,0.0007337777777777,24.65870079413267
0.0017670943331335,0.0020107570171375,0.0007377777777777,19.225597410161708
0.0017670943331335,0.0020107570171375,0.0007377777777777,19.78975872172974
0.0018240943331335,0.0019917570171375,0.0007407777777777,18.776416518099936
0.0017670943331335,0.0018247570171375,0.0007487777777777,23.64331292950511
0.0017670943331335,0.0017437570171375,0.0007597777777777,23.94873843373408
0.0017840943331335,0.0015187570171375,0.0007617777777777,28.47575873626098
0.0017630943331335,0.0017247570171375,0.0007617777777777,23.82640618766656
0.0017820943331335,0.0018267570171375,0.0007657777777777,23.938150615209523
0.0017760943331335,0.0014277570171375,0.0007707777777777,27.92528813872576
0.0017690943331335,0.0018107570171375,0.0007707777777777,24.26181199021268
0.0017770943331335,0.0016367570171375,0.0007747777777777,25.129182372889233
0.0017770943331335,0.0016367570171375,0.0007747777777777,25.207859693327713
0.0017780943331335,0.0016457570171375,0.0007807777777777,25.273294291947227
0.0018550943331335,0.0019927570171375,0.0007857777777777,17.565557122359856
0.0018120943331335,0.0014817570171375,0.0007877777777777,28.59250385856051
0.0018120943331335,0.0014817570171375,0.0007877777777777,28.403303212991265
0.0018150943331335,0.0019347570171375,0.0008007777777777,27.704617266798
0.0017790943331335,0.0019027570171375,0.0008017777777777,27.42801868951824
0.0017790943331335,0.0019027570171375,0.0008017777777777,24.84087969818058
0.0017730943331335,0.0019877570171375,0.0008027777777777,16.03647911335375
0.0017660943331335,0.0019437570171375,0.0008157777777777,24.831581016035607
0.0017950943331335,0.0014987570171375,0.0008187777777777,29.379367281065857
0.0017830943331335,0.0014867570171375,0.0008217777777777,28.697700500503874
0.0017830943331335,0.0014867570171375,0.0008217777777777,29.565962361138137
0.0017930943331335,0.0017767570171375,0.0008217777777777,24.98044962222546
0.0017690943331335,0.0021417570171375,0.0008247777777777,19.157165597782182
0.0017790943331335,0.0016627570171375,0.0008257777777777,25.311173086242103
0.0017790943331335,0.0016627570171375,0.0008257777777777,25.61217290825107
0.0017960943331335,0.0018577570171375,0.0008287777777777,24.360367749904825
0.0017660943331335,0.0019527570171375,0.0008307777777777,24.84781409580409
0.0018090943331335,0.0020677570171375,0.0008317777777777,19.228044185272868
0.0017800943331335,0.0013747570171375,0.0008457777777777,28.76069530732058
0.0017840943331335,0.0019737570171375,0.0008507777777777,20.093997217667464
0.0017840943331335,0.0019737570171375,0.0008507777777777,20.34617146967437
0.0018020943331335,0.0019167570171375,0.0008537777777777,23.97064225970619
0.0018440943331335,0.0015357570171375,0.0008547777777777,27.136833775855237
0.0018440943331335,0.0015357570171375,0.0008547777777777,26.78900117916839
0.0018030943331335,0.0016697570171375,0.0008557777777777,25.494373172800053
0.0017630943331335,0.0014327570171375,0.0008607777777777,27.366971882446972
0.0017890943331335,0.0014607570171375,0.0008657777777777,27.12957769267461
0.0018120943331335,0.0018427570171375,0.0008697777777777,24.27149988004904
0.0018630943331335,0.0020057570171375,0.0008717777777777,19.9707335638188
0.0018060943331335,0.0017757570171375,0.0008857777777777,24.30804482110214
0.0018020943331335,0.0016977570171375,0.0008897777777777,24.937381884141043
0.0018050943331335,0.0015247570171375,0.0009027777777777,27.05504347799981
0.0017750943331335,0.0014177570171375,0.0009077777777777,27.684869854710126
0.0017890943331335,0.0014117570171375,0.0009107777777777,27.689755657020704
0.0018110943331335,0.0020627570171375,0.0009107777777777,18.74193704096314
0.0017830943331335,0.0020667570171375,0.0009147777777777,19.098806678735563
0.0017650943331335,0.0013777570171375,0.0009167777777777,27.37956469487439
0.0018220943331335,0.0014347570171375,0.0009227777777777,26.515884246385255
0.0017690943331335,0.0017547570171375,0.0009227777777777,24.260843317490554
0.0017690943331335,0.0017547570171375,0.0009227777777777,24.19806066750509
0.0018330943331335,0.0018627570171375,0.0009227777777777,23.322375552893273
0.0017780943331335,0.0019277570171375,0.0009267777777777,22.23397126421592
0.0017780943331335,0.0019277570171375,0.0009267777777777,21.953742544938578
0.0017860943331335,0.0020347570171375,0.0009317777777777,18.004714259211703
0.0017890943331335,0.0019077570171375,0.0009337777777777,22.391594776061396
0.0018010943331335,0.0016257570171375,0.0009437777777777,25.42232708772377
0.0018270943331335,0.0016847570171375,0.0009437777777777,24.764245103954124
0.0017680943331335,0.0016217570171375,0.0009537777777777,25.297753895233257
0.0018430943331335,0.0019517570171375,0.0009557777777777,20.834032420178566
0.0017630943331335,0.0015467570171375,0.0009567777777777,26.45463970302518
0.0017630943331335,0.0015467570171375,0.0009567777777777,25.602977633649882
0.0017640943331335,0.0021177570171375,0.0009687777777777,18.550155805078965
0.0017740943331335,0.0019537570171375,0.0009757777777777,20.753663246193778
0.0017630943331335,0.0017027570171375,0.0009817777777777,23.777728449785087
0.0018060943331335,0.0018997570171375,0.0009817777777777,21.270571312053708
0.0017850943331335,0.0019067570171375,0.0009877777777777,21.142365500087294
0.0018240943331335,0.0014337570171375,0.0009947777777777,26.14141048561121
0.0017990943331335,0.0020737570171375,0.0009967777777777,18.343495036671214
0.0017920943331335,0.0013527570171375,0.0010037777777777,27.608940677593147
0.0017750943331335,0.0020007570171375,0.0010137777777777,19.824011120520964
0.0017750943331335,0.0020007570171375,0.0010137777777777,20.05978410900054
0.0018390943331335,0.0014807570171375,0.0010197777777777,26.145658334703665
0.0018150943331335,0.0019817570171375,0.0010197777777777,18.39389150918206
0.0017970943331335,0.0017047570171375,0.0010287777777777,23.47548762223201
0.0017770943331335,0.0015077570171375,0.0010367777777777,24.781456354173606
0.0017690943331335,0.0015687570171375,0.0010477777777777,24.77011599788076
0.0018590943331335,0.0016457570171375,0.0010497777777777,23.596463420500786
0.0017690943331335,0.0017417570171375,0.0010597777777777,22.467370981363793
0.0017690943331335,0.0017517570171375,0.0010617777777777,22.24715544425046
0.0017770943331335,0.0016877570171375,0.0010837777777777,23.412586328128903
0.0017680943331335,0.0015997570171375,-2.2222222222222284e-06,19.011494499986576
0.0017680943331335,0.0015997570171375,-2.2222222222222284e-06,18.731609341440002
0.0017710943331335,0.0014057570171375,5.877777777777777e-05,19.894660031702276
0.0017680943331335,0.0016697570171375,0.0003467777777777,20.13722270454262
0.0017960943331335,0.0015877570171375,0.0003097777777777,14.130512801302979
0.0017960943331335,0.0015877570171375,0.0003097777777777,13.695349937030032
0.0017740943331335,0.0016847570171375,0.0004287777777777,20.40576949574485
0.0018000943331335,0.0016677570171375,0.0004897777777777,21.617260856633408
0.0017650943331335,0.0018067570171375,0.0005777777777777,20.399356031732736
0.0017940943331335,0.0018537570171375,0.0009557777777777,22.88509970914363
0.0017760943331335,0.0018647570171375,0.0010817777777777,21.54831879427814
0.0010270943331335,0.0013237570171375,2.277777777777777e-05,13.234415093123955
0.0014200943331335,0.0013357570171375,3.777777777777777e-05,12.694080982217447
0.0009930943331335,0.0013357570171375,3.877777777777777e-05,13.64161477733049
0.0013960943331335,0.0013347570171375,4.277777777777777e-05,12.502762658709157
0.0013580943331335,0.0013407570171375,4.777777777777777e-05,12.712916246646676
0.0010580943331335,0.0013137570171375,4.877777777777777e-05,14.247688296950244
0.0013420943331335,0.0013327570171375,5.1777777777777766e-05,10.950758572636088
0.0013400943331335,0.0013257570171375,5.477777777777777e-05,11.469731663152293
0.0013210943331335,0.0013247570171375,7.077777777777777e-05,11.904023379587251
0.0013210943331335,0.0013247570171375,7.077777777777777e-05,11.537743934711976
0.0016480943331335,0.0013157570171375,7.777777777777777e-05,13.613935237643519
0.0014420943331335,0.0013227570171375,8.177777777777777e-05,12.766711885693441
0.0016680943331335,0.0013387570171375,8.477777777777776e-05,12.917797660332774
0.0016680943331335,0.0013387570171375,8.477777777777776e-05,18.87350104099912
0.0011630943331335,0.0012987570171375,8.777777777777777e-05,17.341092279923483
0.0012190943331335,0.0013357570171375,8.877777777777776e-05,10.788786748446038
0.0012190943331335,0.0013357570171375,8.877777777777776e-05,10.852893205911752
0.0012190943331335,0.0013357570171375,8.877777777777776e-05,11.311315263270293
0.0010870943331335,0.0012557570171375,9.277777777777777e-05,16.0601530874175
0.0014750943331335,0.0013297570171375,0.0001027777777777,13.691194650487395
0.0012710943331335,0.0012917570171375,0.0001037777777777,12.7409955283104
0.0010820943331335,0.0013127570171375,0.0001087777777777,12.788355578411993
0.0015290943331335,0.0013407570171375,0.0001087777777777,19.180621675799888
0.0014970943331335,0.0012817570171375,0.0001137777777777,17.17225698182527
0.0012990943331335,0.0013337570171375,0.0001207777777777,13.814214333734117
0.0012990943331335,0.0013337570171375,0.0001207777777777,11.702742683605722
0.0010630943331335,0.0013197570171375,0.0001357777777777,11.347688146807425
0.0016700943331335,0.0013307570171375,0.0001427777777777,16.942785492730337
0.0016700943331335,0.0013307570171375,0.0001427777777777,15.51816154620537
0.0016700943331335,0.0013307570171375,0.0001427777777777,16.401921653431987
0.0012020943331335,0.0013167570171375,0.0001507777777777,11.149235180261945
0.0012020943331335,0.0013167570171375,0.0001507777777777,11.326757347442248
0.0011380943331335,0.0013137570171375,0.0001537777777777,10.928729869762856
0.0015270943331335,0.0013347570171375,0.0001567777777777,19.51003492128852
0.0015270943331335,0.0013347570171375,0.0001567777777777,20.13238292019852
0.0009770943331335,0.0013427570171375,0.0001587777777777,22.8164658371692
0.0013640943331335,0.0013337570171375,0.0001637777777777,10.782055218000972
0.0013190943331335,0.0013127570171375,0.0001767777777777,11.779866118880411
0.0011700943331335,0.0013197570171375,0.0001917777777777,12.522424831955375
0.0011700943331335,0.0013197570171375,0.0001917777777777,12.884938471647734
0.0012940943331335,0.0013097570171375,0.0001997777777777,11.928801869266179
0.0012520943331335,0.0013187570171375,0.0001997777777777,11.853788222562512
0.0015170943331335,0.0013197570171375,0.0001997777777777,22.937063694786573
0.0010530943331335,0.0013007570171375,0.0002017777777777,17.94723805504972
0.0015320943331335,0.0013327570171375,0.0002027777777777,22.369474848719978
0.0015320943331335,0.0013327570171375,0.0002027777777777,24.09942139872513
0.0017560943331335,0.0013257570171375,0.0002127777777777,12.011966344493999
0.0014040943331335,0.0013337570171375,0.0002207777777777,12.249381230441104
0.0014040943331335,0.0013337570171375,0.0002207777777777,12.250124049480165
0.0017120943331335,0.0012737570171375,0.0002217777777777,17.63942799702039
0.0012180943331335,0.0013207570171375,0.0002367777777777,13.59990488654227
0.0012210943331335,0.0013307570171375,0.0002387777777777,13.145565020053446
0.0012210943331335,0.0013307570171375,0.0002387777777777,13.564457874413096
0.0012830943331335,0.0013347570171375,0.0002477777777777,13.176746271489518
0.0017510943331335,0.0013167570171375,0.0002567777777777,19.918567503495236
0.0016850943331335,0.0013207570171375,0.0002597777777777,14.902392318500633
0.0013410943331335,0.0012987570171375,0.0002667777777777,17.936033216442297
0.0015900943331335,0.0013137570171375,0.0002857777777777,23.323451317968185
0.0016150943331335,0.0013357570171375,0.0003127777777777,24.71783838228753
0.0016150943331335,0.0013357570171375,0.0003127777777777,24.949989762453832
0.0014660943331335,0.0013337570171375,0.0003157777777777,22.33060840666616
0.0015850943331335,0.0012997570171375,0.0003237777777777,23.47824186842692
0.0014630943331335,0.0013387570171375,0.0003247777777777,18.808008936546866
0.0011300943331335,0.0013297570171375,0.0003467777777777,14.094493903347974
0.0017360943331335,0.0013237570171375,0.0003497777777777,21.76275911732535
0.0013250943331335,0.0012787570171375,0.0003517777777777,15.436157221929715
0.0010180943331335,0.0013397570171375,0.0003617777777777,13.12009987634339
0.0010180943331335,0.0013397570171375,0.0003617777777777,13.958874899582014
0.0014630943331335,0.0013367570171375,0.0003647777777777,19.699207036091
0.0016390943331335,0.0013197570171375,0.0003697777777777,22.669339203360412
0.0013770943331335,0.0013397570171375,0.0003737777777777,16.41196314284435
0.0013770943331335,0.0013397570171375,0.0003737777777777,15.085218770021152
0.0013770943331335,0.0013397570171375,0.0003737777777777,14.829376106100261
0.0013250943331335,0.0013337570171375,0.0003767777777777,15.07605330616979
0.0015220943331335,0.0012777570171375,0.0003787777777777,20.51011530367172
0.0013320943331335,0.0013327570171375,0.0003787777777777,16.417821053791148
0.0015790943331335,0.0012777570171375,0.0003817777777777,19.78896661604153
0.0016520943331335,0.0013327570171375,0.0003817777777777,22.16352829582322
0.0013860943331335,0.0013067570171375,0.0003927777777777,17.68709110629863
0.0014310943331335,0.0013307570171375,0.0003927777777777,19.492143905543873
0.0013030943331335,0.0012477570171375,0.0003977777777777,16.74053473081736
0.0015790943331335,0.0013387570171375,0.0004057777777777,25.183842452226422
0.0015120943331335,0.0012727570171375,0.0004107777777777,20.540925006888784
0.0015830943331335,0.0013037570171375,0.0004187777777777,21.374554103842588
0.0011720943331335,0.0013247570171375,0.0004237777777777,21.386573634568833
0.0012200943331335,0.0013317570171375,0.0004267777777777,18.02504693827476
0.0013750943331335,0.0013007570171375,0.0004277777777777,18.154527769923536
0.0013750943331335,0.0013007570171375,0.0004277777777777,19.000361545162843
0.0016860943331335,0.0013297570171375,0.0004357777777777,16.378931854133715
0.0014390943331335,0.0012507570171375,0.0004407777777777,17.556801339279424
0.0013020943331335,0.0013277570171375,0.0004457777777777,16.305571733351783
0.0013020943331335,0.0013277570171375,0.0004457777777777,14.378896447772682
0.0013600943331335,0.0013027570171375,0.0004547777777777,17.706944058149627
0.0013600943331335,0.0013027570171375,0.0004547777777777,18.233307235203974
0.0010620943331335,0.0012337570171375,0.0004607777777777,21.27922179321643
0.0009950943331335,0.0013127570171375,0.0004627777777777,16.30705261947041
0.0015360943331335,0.0012667570171375,0.0004647777777777,21.177935777082883
0.0014670943331335,0.0012897570171375,0.0004727777777777,16.78169977006151
0.0017470943331335,0.0012977570171375,0.0004747777777777,18.581633661027354
0.0017470943331335,0.0012977570171375,0.0004747777777777,17.501111462512075
0.0015510943331335,0.0013397570171375,0.0004767777777777,24.074840111765266
0.0015510943331335,0.0013397570171375,0.0004767777777777,23.733170260120552
0.0015770943331335,0.0012797570171375,0.0004847777777777,22.09526211523914
0.0013090943331335,0.0013117570171375,0.0004857777777777,18.414802789821515
0.0013090943331335,0.0013117570171375,0.0004857777777777,18.51560955700924
0.0009970943331335,0.0013387570171375,0.0004887777777777,23.205909470979037
0.0013480943331335,0.0013287570171375,0.0004907777777777,18.378852811952896
0.0013480943331335,0.0013287570171375,0.0004907777777777,18.80636840152671
0.0012460943331335,0.0013317570171375,0.0004907777777777,15.612093107418804
0.0012920943331335,0.0012797570171375,0.0004957777777777,15.949071644045162
0.0017620943331335,0.0013417570171375,0.0004987777777777,14.907171280445647
0.0010370943331335,0.0013387570171375,0.0005037777777777,28.548982437928416
0.0009830943331335,0.0012557570171375,0.0005247777777777,22.854839765598175
0.0015820943331335,0.0013027570171375,0.0005257777777777,22.1881542715691
0.0012780943331335,0.0013077570171375,0.0005267777777777,22.02656444438587
0.0014660943331335,0.0013417570171375,0.0005277777777777,23.499718677691686
0.0014660943331335,0.0013417570171375,0.0005277777777777,24.669685210642047
0.0015940943331335,0.0013107570171375,0.0005347777777777,23.427627095593184
0.0017470943331335,0.0013127570171375,0.0005347777777777,16.29223346936005
0.0016500943331335,0.0013227570171375,0.0005347777777777,23.6386874833329
0.0016500943331335,0.0013227570171375,0.0005347777777777,24.530002959342273
0.0017090943331335,0.0013427570171375,0.0005447777777777,15.976341823475142
0.0017090943331335,0.0013427570171375,0.0005447777777777,20.80055253414088
0.0015290943331335,0.0013207570171375,0.0005477777777777,25.686329997496017
0.0014110943331335,0.0013007570171375,0.0005497777777777,22.00235565606076
0.0013610943331335,0.0013087570171375,0.0005497777777777,20.204176919189454
0.0014950943331335,0.0013397570171375,0.0005607777777777,25.51670453526112
0.0011140943331335,0.0013427570171375,0.0005607777777777,25.785494409605548
0.0015860943331335,0.0013307570171375,0.0005687777777777,22.82372187113411
0.0009830943331335,0.0013057570171375,0.0005697777777777,17.51670192858883
0.0015010943331335,0.0013177570171375,0.0005807777777777,31.11435470687777
0.0015010943331335,0.0013177570171375,0.0005807777777777,30.532921599405594
0.0012380943331335,0.0013157570171375,0.0005847777777777,22.93410979524679
0.0013140943331335,0.0013107570171375,0.0005857777777777,22.15235700535451
0.0014250943331335,0.0013337570171375,0.0005867777777777,21.86023990744002
0.0015880943331335,0.0013337570171375,0.0005867777777777,24.811903057605715
0.0012870943331335,0.0013157570171375,0.0005917777777777,22.155673557057987
0.0009920943331335,0.0013097570171375,0.0006047777777777,18.11530151675241
0.0010170943331335,0.0013257570171375,0.0006097777777777,17.521782972018528
0.0010170943331335,0.0013257570171375,0.0006097777777777,18.057519583755326
0.0013460943331335,0.0013427570171375,0.0006097777777777,22.150641621159327
0.0013460943331335,0.0013427570171375,0.0006097777777777,23.150984701781848
0.0015750943331335,0.0012757570171375,0.0006107777777777,21.93829191682467
0.0011430943331335,0.0013127570171375,0.0006117777777777,23.938578274255875
0.0011830943331335,0.0013127570171375,0.0006197777777777,22.372545570997733
0.0014050943331335,0.0013407570171375,0.0006197777777777,23.585994221773387
0.0013040943331335,0.0013097570171375,0.0006247777777777,24.005822391580473
0.0013690943331335,0.0013347570171375,0.0006257777777777,24.831993214146387
0.0016930943331335,0.0012827570171375,0.0006417777777777,23.307636703620577
0.0011200943331335,0.0012787570171375,0.0006497777777777,18.881286199709102
0.0012380943331335,0.0013057570171375,0.0006507777777777,23.01994290519028
0.0013220943331335,0.0013367570171375,0.0006587777777777,24.08699140534686
0.0015800943331335,0.0012977570171375,0.0006597777777777,24.813011346926555
0.0010410943331335,0.0013387570171375,0.0006677777777777,22.010099715944264
0.0011980943331335,0.0012797570171375,0.0006727777777777,23.32775992424046
0.0013480943331335,0.0013347570171375,0.0006737777777777,24.635701538554734
0.0010320943331335,0.0012987570171375,0.0006757777777777,21.994738876029434
0.0014300943331335,0.0013317570171375,0.0006837777777777,27.199754919058044
0.0015970943331335,0.0013237570171375,0.0006977777777777,27.032223497253337
0.0010520943331335,0.0013147570171375,0.0006997777777777,21.462248751141374
0.0015370943331335,0.0013407570171375,0.0007077777777777,27.391246490111794
0.0015370943331335,0.0013407570171375,0.0007077777777777,27.483848643333545
0.0012640943331335,0.0013027570171375,0.0007097777777777,23.63018425724548
0.0012640943331335,0.0013027570171375,0.0007097777777777,23.650400713777668
0.0009810943331335,0.0013417570171375,0.0007097777777777,20.269793945729585
0.0009810943331335,0.0013417570171375,0.0007097777777777,20.26603244588784
0.0014110943331335,0.0012787570171375,0.0007127777777777,25.559453358139567
0.0012290943331335,0.0013287570171375,0.0007167777777777,23.699486069623074
0.0015490943331335,0.0012947570171375,0.0007267777777777,27.671670989412977
0.0010690943331335,0.0013317570171375,0.0007277777777777,21.460057422219634
0.0012380943331335,0.0013237570171375,0.0007367777777777,23.800002116059815
0.0013110943331335,0.0013197570171375,0.0007377777777777,25.552806103023723
0.0016010943331335,0.0013347570171375,0.0007437777777777,27.14478352107089
0.0014190943331335,0.0013367570171375,0.0007467777777777,26.749841805392542
0.0015000943331335,0.0012827570171375,0.0007627777777777,30.28235889248545
0.0009680943331335,0.0013317570171375,0.0007677777777777,19.030318624821895
0.0009680943331335,0.0013317570171375,0.0007677777777777,19.08967632430179
0.0017310943331335,0.0012847570171375,0.0007807777777777,27.112309142247277
0.0011370943331335,0.0013367570171375,0.0007937777777777,22.210517197440566
0.0011370943331335,0.0013367570171375,0.0007937777777777,22.13041087963305
0.0012040943331335,0.0013357570171375,0.0007957777777777,23.59289818992882
0.0013860943331335,0.0013007570171375,0.0008067777777777,26.122642136086405
0.0009950943331335,0.0013057570171375,0.0008077777777777,17.851713017904675
0.0013310943331335,0.0013157570171375,0.0008087777777777,25.513982911762138
0.0013310943331335,0.0013157570171375,0.0008087777777777,25.52518851723182
0.0011220943331335,0.0013387570171375,0.0008117777777777,22.239295928314633
0.0009970943331335,0.0012997570171375,0.0008207777777777,18.611219572569055
0.0014050943331335,0.0013017570171375,0.0008307777777777,25.734834571411543
0.0014970943331335,0.0013247570171375,0.0008337777777777,29.432691561919523
0.0010080943331335,0.0013107570171375,0.0008377777777777,20.327954942055463
0.0013300943331335,0.0013157570171375,0.0008487777777777,25.489021451457457
0.0014870943331335,0.0013297570171375,0.0008537777777777,29.412915911363353
0.0014870943331335,0.0013297570171375,0.0008537777777777,27.86890808740754
0.0017070943331335,0.0012957570171375,0.0008567777777777,26.760473465725457
0.0011290943331335,0.0013277570171375,0.0008617777777777,22.319946755805063
0.0014360943331335,0.0012647570171375,0.0008817777777777,28.54702837409456
0.0013590943331335,0.0013327570171375,0.0008837777777777,25.307681856670825
0.0010080943331335,0.0013167570171375,0.0008847777777777,20.135668756264092
0.0014090943331335,0.0013347570171375,0.0009037777777777,26.682191942348442
0.0015160943331335,0.0013407570171375,0.0009037777777777,26.943801634087684
0.0015160943331335,0.0013407570171375,0.0009037777777777,26.907941791709625
0.0011780943331335,0.0013187570171375,0.0009177777777777,23.42631134339852
0.0016950943331335,0.0012917570171375,0.0009197777777777,28.401230914398838
0.0015690943331335,0.0013397570171375,0.0009217777777777,28.395360069150186
0.0010180943331335,0.0012927570171375,0.0009247777777777,20.99875021777395
0.0012190943331335,0.0012597570171375,0.0009567777777777,24.59803537623272
0.0010700943331335,0.0013427570171375,0.0009597777777777,21.357806992889323
0.0010700943331335,0.0013427570171375,0.0009597777777777,21.37824131007878
0.0013240943331335,0.0013347570171375,0.0009617777777777,24.961578303213816
0.0009810943331335,0.0013367570171375,0.0009637777777777,21.500756479198735
0.0015570943331335,0.0013307570171375,0.0009687777777777,25.677176191170044
0.0015570943331335,0.0013307570171375,0.0009687777777777,25.59009610980622
0.0014750943331335,0.0012997570171375,0.0009697777777777,26.26501379613293
0.0016630943331335,0.0013157570171375,0.0009807777777777,27.2342337730129
0.0012040943331335,0.0012867570171375,0.0009867777777777,24.608264896711137
0.0014100943331335,0.0012957570171375,0.0009977777777777,25.097917537413437
0.0015940943331335,0.0012807570171375,0.0010007777777777,26.038630941513333
0.0011110943331335,0.0012667570171375,0.0010027777777777,23.512188300667418
0.0015260943331335,0.0012947570171375,0.0010067777777777,26.195576621955524
0.0013150943331335,0.0012807570171375,0.0010137777777777,24.66730392148776
0.0012430943331335,0.0013417570171375,0.0010217777777777,23.735622804231603
0.0017330943331335,0.0013227570171375,0.0010227777777777,27.022552544226592
0.0017330943331335,0.0013227570171375,0.0010227777777777,27.03345432810895
0.0011460943331335,0.0012697570171375,0.0010337777777777,23.067199824489062
0.0013330943331335,0.0012637570171375,0.0010477777777777,24.787569313355455
0.0012010943331335,0.0013247570171375,0.0010487777777777,23.735872136463147
0.0012010943331335,0.0013247570171375,0.0010487777777777,23.736993824882585
0.0009650943331335,0.0012807570171375,0.0010567777777777,21.179579834973527
0.0013180943331335,0.0013387570171375,0.0010577777777777,24.60621003690225
0.0015070943331335,0.0013287570171375,0.0010627777777777,25.19133857486087
0.0013420943331335,0.0012837570171375,0.0010917777777777,24.294657509205678
0.0015300943331335,0.0013367570171375,0.0010927777777777,25.26950370756583
0.0013980943331335,0.0013387570171375,0.0011027777777777,24.499188331590705
0.0016110943331335,0.0013177570171375,0.0007687777777777,26.917570220109923
0.0009520943331335,0.0013347570171375,7.877777777777777e-05,32.0616335071495
0.0008920943331335,0.0013047570171375,0.0009057777777777,17.26398275964668
0.0009350943331335,0.0012847570171375,0.0009287777777777,18.506691473340545
0.0009130943331335,0.0013157570171375,0.0009807777777777,19.95572223087929
0.0017630943331335,0.0013177570171375,0.0002937777777777,14.285184822287466
0.0018880943331335,0.0013317570171375,0.0002967777777777,13.380116986225028
0.0017780943331335,0.0012997570171375,0.0003177777777777,17.080835581518837
0.0017640943331335,0.0013237570171375,0.0004377777777777,14.071349295262314
0.0017710943331335,0.0013007570171375,0.0006077777777777,18.497280550753956
0.0018280943331335,0.0013377570171375,0.0008157777777777,27.077148362023276
0.0017680943331335,0.0013307570171375,0.0008957777777777,28.136322632644347
0.0018360943331335,0.0012777570171375,0.0010727777777777,25.99641877611153
0.0018250943331335,0.0013407570171375,0.0010887777777777,25.831793901141033
0.0018450943331335,0.0013317570171375,0.0011007777777777,25.555439136542063
0.0011470943331335,0.0021527570171375,-5.722222222222223e-05,25.90161627318558
0.0012300943331335,0.0021557570171375,-5.322222222222223e-05,12.846339125332076
0.0010820943331335,0.0021847570171375,-4.422222222222223e-05,20.741345748572275
0.0011910943331335,0.0021567570171375,-3.722222222222223e-05,15.03147306703811
0.0011030943331335,0.0021577570171375,-3.422222222222223e-05,20.163057539425882
0.0012400943331335,0.0021667570171375,-3.222222222222223e-05,12.778005202237292
0.0010720943331335,0.0021517570171375,-2.8222222222222227e-05,18.667498193149864
0.0014490943331335,0.0021657570171375,-2.2222222222222227e-05,14.364588729261255
0.0014490943331335,0.0021657570171375,-2.2222222222222227e-05,14.366928106617056
0.0010210943331335,0.0021817570171375,-2.2222222222222227e-05,15.387251796528888
0.0016990943331335,0.0021787570171375,-1.7222222222222227e-05,25.760735133125696
0.0009620943331335,0.0021887570171375,-1.1222222222222229e-05,17.792205446505005
0.0011130943331335,0.0021517570171375,-8.222222222222229e-06,28.812126004491656
0.0011130943331335,0.0021517570171375,-8.222222222222229e-06,19.244425013420134
0.0016060943331335,0.0021617570171375,-2.222222222222285e-07,19.74074478496473
0.0013320943331335,0.0021817570171375,1.7777777777777714e-06,13.918244489566284
0.0011680943331335,0.0021537570171375,8.777777777777771e-06,15.39417708947241
0.0012690943331335,0.0021707570171375,1.077777777777777e-05,13.546540211620364
0.0014880943331335,0.0021537570171375,1.4777777777777771e-05,16.794384898727113
0.0014880943331335,0.0021537570171375,1.4777777777777771e-05,16.65111624406434
0.0017510943331335,0.0021617570171375,2.277777777777777e-05,27.843434756136883
0.0012160943331335,0.0021507570171375,2.677777777777777e-05,11.475030600589612
0.0017060943331335,0.0021747570171375,3.177777777777777e-05,26.599167056266374
0.0016980943331335,0.0021667570171375,3.477777777777777e-05,24.77818549376537
0.0013150943331335,0.0021637570171375,3.977777777777777e-05,11.892652151779508
0.0012440943331335,0.0021797570171375,4.377777777777777e-05,12.962062301595612
0.0012440943331335,0.0021797570171375,4.377777777777777e-05,12.869226047828539
0.0013870943331335,0.0021617570171375,4.477777777777777e-05,13.786544088491974
0.0014640943331335,0.0021717570171375,4.6777777777777767e-05,16.078290092328032
0.0014640943331335,0.0021717570171375,4.6777777777777767e-05,16.053247872460588
0.0010450943331335,0.0021727570171375,4.6777777777777767e-05,20.717070789049014
0.0009940943331335,0.0021987570171375,4.6777777777777767e-05,17.871231841521233
0.0009940943331335,0.0021987570171375,4.6777777777777767e-05,18.41659324519955
0.0016260943331335,0.0021617570171375,5.377777777777777e-05,24.115855731635843
0.0010870943331335,0.0022187570171375,6.277777777777777e-05,23.453514363205244
0.0011320943331335,0.0021517570171375,6.377777777777777e-05,19.247424734508062
0.0011320943331335,0.0021517570171375,6.377777777777777e-05,15.904914623538291
0.0010350943331335,0.0021547570171375,6.377777777777777e-05,18.95345321577355
0.0016910943331335,0.0021587570171375,6.677777777777777e-05,24.74724617294568
0.0016910943331335,0.0021587570171375,6.677777777777777e-05,23.463224599331138
0.0009940943331335,0.0021627570171375,7.077777777777777e-05,18.0793729350487
0.0016430943331335,0.0021567570171375,7.277777777777777e-05,20.750423556827357
0.0011450943331335,0.0021587570171375,7.477777777777776e-05,29.31888961579454
0.0015180943331335,0.0021787570171375,8.077777777777777e-05,13.995579589285773
0.0011020943331335,0.0021767570171375,8.277777777777777e-05,16.530926074287812
0.0014270943331335,0.0021657570171375,8.577777777777777e-05,13.596882804873442
0.0014270943331335,0.0021657570171375,8.577777777777777e-05,14.006796544134126
0.0009880943331335,0.0021537570171375,8.877777777777776e-05,15.890136027198395
0.0013530943331335,0.0022117570171375,0.0001077777777777,12.765779715093975
0.0012040943331335,0.0021887570171375,0.0001227777777777,11.710736400505963
0.0012040943331335,0.0021887570171375,0.0001227777777777,11.942325518210493
0.0013550943331335,0.0021727570171375,0.0001237777777777,15.176504259965311
0.0013550943331335,0.0021727570171375,0.0001237777777777,15.289317792295385
0.0012610943331335,0.0021777570171375,0.0001327777777777,13.357390298996856
0.0015770943331335,0.0021617570171375,0.0001417777777777,14.519007674276015
0.0011920943331335,0.0022067570171375,0.0001447777777777,12.218470784079557
0.0017220943331335,0.0021567570171375,0.0001457777777777,19.653582822659178
0.0017220943331335,0.0021567570171375,0.0001457777777777,20.317521280478882
0.0017220943331335,0.0021567570171375,0.0001457777777777,20.223716846381578
0.0016370943331335,0.0021517570171375,0.0001587777777777,25.014522410134372
0.0011970943331335,0.0021587570171375,0.0001597777777777,21.150860317232308
0.0011970943331335,0.0021587570171375,0.0001597777777777,21.773158374252365
0.0010340943331335,0.0021567570171375,0.0001637777777777,14.35516769130384
0.0010340943331335,0.0021567570171375,0.0001637777777777,17.327941824737007
0.0014250943331335,0.0021547570171375,0.0001757777777777,14.825227761851062
0.0014250943331335,0.0021547570171375,0.0001757777777777,15.046244368997936
0.0016860943331335,0.0021847570171375,0.0001867777777777,15.452177153669522
0.0011420943331335,0.0021987570171375,0.0001967777777777,18.98767892094545
0.0011380943331335,0.0021927570171375,0.0002067777777777,24.99365280290554
0.0013680943331335,0.0022147570171375,0.0002137777777777,13.874975197371159
0.0010100943331335,0.0021597570171375,0.0002187777777777,25.522264727940666
0.0010100943331335,0.0021597570171375,0.0002187777777777,22.169082958355077
0.0015580943331335,0.0021687570171375,0.0002237777777777,17.206900904929267
0.0015580943331335,0.0021687570171375,0.0002237777777777,17.69580673014983
0.0010320943331335,0.0021717570171375,0.0002297777777777,18.83765824417311
0.0017170943331335,0.0021847570171375,0.0002297777777777,15.32714738435751
0.0013010943331335,0.0021607570171375,0.0002307777777777,16.90994857707386
0.0013010943331335,0.0021607570171375,0.0002307777777777,14.895642959173918
0.0013360943331335,0.0021537570171375,0.0002317777777777,13.840134620850113
0.0013780943331335,0.0021717570171375,0.0002367777777777,13.38471726706488
0.0012590943331335,0.0022157570171375,0.0002397777777777,16.99170206918759
0.0015260943331335,0.0021777570171375,0.0002407777777777,15.320865300995047
0.0016610943331335,0.0021547570171375,0.0002417777777777,17.091296902852033
0.0014170943331335,0.0022167570171375,0.0002447777777777,14.138180473463722
0.0017280943331335,0.0021927570171375,0.0002527777777777,16.842696799905088
0.0013390943331335,0.0021507570171375,0.0002567777777777,15.262633454985597
0.0011810943331335,0.0021837570171375,0.0002567777777777,20.719591707234116
0.0014590943331335,0.0021697570171375,0.0002637777777777,12.971450546427622
0.0014590943331335,0.0021697570171375,0.0002637777777777,12.535470738174926
0.0011580943331335,0.0021977570171375,0.0002707777777777,20.673046239206982
0.0012120943331335,0.0021517570171375,0.0002847777777777,12.500030262263953
0.0012120943331335,0.0021517570171375,0.0002847777777777,16.94027596339674
0.0010200943331335,0.0021777570171375,0.0002857777777777,18.850660233212572
0.0010200943331335,0.0021777570171375,0.0002857777777777,17.544804573414858
0.0016110943331335,0.0021537570171375,0.0002907777777777,15.199107508026557
0.0016110943331335,0.0021537570171375,0.0002907777777777,15.902430361351204
0.0016710943331335,0.0021557570171375,0.0002917777777777,23.568339414769788
0.0014440943331335,0.0021667570171375,0.0002917777777777,13.886694469083118
0.0013030943331335,0.0021597570171375,0.0002937777777777,14.108390879371388
0.0013030943331335,0.0021597570171375,0.0002937777777777,15.782030151736754
0.0013030943331335,0.0021597570171375,0.0002937777777777,15.5845568027709
0.0015390943331335,0.0021517570171375,0.0002947777777777,15.545404959938931
0.0015390943331335,0.0021517570171375,0.0002947777777777,15.640197539197827
0.0015390943331335,0.0021517570171375,0.0002947777777777,16.71956689089204
0.0013670943331335,0.0021697570171375,0.0003007777777777,16.926273868080052
0.0012270943331335,0.0021737570171375,0.0003077777777777,15.574124060027119
0.0017150943331335,0.0021937570171375,0.0003097777777777,23.52743948338942
0.0016220943331335,0.0021607570171375,0.0003157777777777,17.245236992379784
0.0015670943331335,0.0021807570171375,0.0003157777777777,17.356764664100695
0.0016200943331335,0.0022077570171375,0.0003277777777777,17.158063256645484
0.0015090943331335,0.0021697570171375,0.0003307777777777,14.90566905133789
0.0010680943331335,0.0022187570171375,0.0003307777777777,17.54882793291156
0.0013030943331335,0.0021767570171375,0.0003317777777777,15.483442742682312
0.0009740943331335,0.0021667570171375,0.0003327777777777,17.1508214777384
0.0017400943331335,0.0021687570171375,0.0003337777777777,20.077915107311462
0.0011100943331335,0.0021667570171375,0.0003527777777777,17.109093051154023
0.0013440943331335,0.0021597570171375,0.0003547777777777,16.235579115744546
0.0010690943331335,0.0021737570171375,0.0003577777777777,17.143316044225077
0.0015930943331335,0.0022207570171375,0.0003597777777777,21.03560899527677
0.0012300943331335,0.0021617570171375,0.0003647777777777,21.170149205664906
0.0015200943331335,0.0021547570171375,0.0003697777777777,15.97662789166156
0.0015200943331335,0.0021547570171375,0.0003697777777777,15.766845349736755
0.0010640943331335,0.0021607570171375,0.0003697777777777,17.575592234192808
0.0017480943331335,0.0021617570171375,0.0003717777777777,19.845083898482507
0.0013090943331335,0.0021577570171375,0.0003767777777777,17.469764407093702
0.0013090943331335,0.0021577570171375,0.0003767777777777,17.797567880902168
0.0012630943331335,0.0021877570171375,0.0003797777777777,16.79346842599734
0.0014850943331335,0.0021837570171375,0.0003837777777777,16.389888079897236
0.0016190943331335,0.0021567570171375,0.0003847777777777,18.03429643400795
0.0016190943331335,0.0021567570171375,0.0003847777777777,17.91264844509457
0.0014170943331335,0.0021807570171375,0.0003847777777777,16.80671608372952
0.0010990943331335,0.0021657570171375,0.0003947777777777,18.215183679704865
0.0013930943331335,0.0021837570171375,0.0003967777777777,16.413824025516785
0.0017220943331335,0.0022057570171375,0.0003997777777777,20.53372939672677
0.0016310943331335,0.0021957570171375,0.0004027777777777,21.018801168670446
0.0015530943331335,0.0021787570171375,0.0004067777777777,16.590998786653593
0.0014680943331335,0.0021757570171375,0.0004097777777777,15.969908897404126
0.0010190943331335,0.0021777570171375,0.0004167777777777,30.09758677201593
0.0015830943331335,0.0021687570171375,0.0004217777777777,17.441392824809537
0.0015830943331335,0.0021687570171375,0.0004217777777777,17.217202870750974
0.0012260943331335,0.0021617570171375,0.0004247777777777,30.486980943811492
0.0015830943331335,0.0021717570171375,0.0004267777777777,17.121707808644075
0.0013760943331335,0.0021607570171375,0.0004287777777777,17.122557828461783
0.0013760943331335,0.0021607570171375,0.0004287777777777,16.915546799017438
0.0015080943331335,0.0021517570171375,0.0004367777777777,17.351001362739996
0.0015080943331335,0.0021517570171375,0.0004367777777777,17.45668595025504
0.0014150943331335,0.0021657570171375,0.0004457777777777,19.648229492011765
0.0014150943331335,0.0021657570171375,0.0004457777777777,19.7488813080074
0.0016600943331335,0.0022087570171375,0.0004457777777777,17.395781744542052
0.0011850943331335,0.0022197570171375,0.0004507777777777,14.349137241716026
0.0009760943331335,0.0021567570171375,0.0004717777777777,17.7917398888066
0.0010680943331335,0.0021547570171375,0.0004727777777777,20.86036023596292
0.0012180943331335,0.0021557570171375,0.0004747777777777,18.9532062467688
0.0016280943331335,0.0021847570171375,0.0004827777777777,17.03651864410254
0.0015660943331335,0.0021557570171375,0.0004837777777777,17.679699095603674
0.0010780943331335,0.0021507570171375,0.0004857777777777,19.60902601012444
0.0010780943331335,0.0021507570171375,0.0004857777777777,20.90147856688533
0.0016910943331335,0.0021567570171375,0.0004907777777777,18.057117203533757
0.0015040943331335,0.0021677570171375,0.0005057777777777,17.451335822041433
0.0011480943331335,0.0021587570171375,0.0005077777777777,20.87680152256254
0.0014490943331335,0.0021597570171375,0.0005157777777777,17.601201171874067
0.0011610943331335,0.0021587570171375,0.0005247777777777,20.417825005990096
0.0013230943331335,0.0021787570171375,0.0005247777777777,19.408017272061844
0.0014600943331335,0.0021507570171375,0.0005267777777777,18.292334803809677
0.0014600943331335,0.0021507570171375,0.0005267777777777,19.6626779358439
0.0014510943331335,0.0022097570171375,0.0005307777777777,21.125417170441477
0.0015450943331335,0.0021547570171375,0.0005337777777777,17.668656974631936
0.0015450943331335,0.0021547570171375,0.0005337777777777,18.044658193977337
0.0014020943331335,0.0021567570171375,0.0005407777777777,20.04688504481073
0.0014020943331335,0.0021567570171375,0.0005407777777777,20.977361574593395
0.0012620943331335,0.0021657570171375,0.0005517777777777,20.20670519996704
0.0014390943331335,0.0022117570171375,0.0005577777777777,20.792788326613692
0.0013770943331335,0.0021727570171375,0.0005627777777777,17.106851240801575
0.0014790943331335,0.0021507570171375,0.0005657777777777,18.49615507987961
0.0011580943331335,0.0021527570171375,0.0005687777777777,19.737665249168817
0.0011580943331335,0.0021527570171375,0.0005687777777777,20.027032942246745
0.0016380943331335,0.0021867570171375,0.0005707777777777,17.566189310977283
0.0016380943331335,0.0021867570171375,0.0005707777777777,17.451280679381636
0.0013290943331335,0.0021517570171375,0.0005747777777777,19.76227410369773
0.0013290943331335,0.0021517570171375,0.0005747777777777,15.394864072457832
0.0015760943331335,0.0021537570171375,0.0005777777777777,18.170850790435452
0.0015760943331335,0.0021537570171375,0.0005777777777777,18.146158104349755
0.0015760943331335,0.0021537570171375,0.0005777777777777,17.991373611039474
0.0009670943331335,0.0021577570171375,0.0005867777777777,26.885391797830216
0.0016620943331335,0.0021617570171375,0.0005927777777777,16.854298451850628
0.0013260943331335,0.0021717570171375,0.0005927777777777,18.895318645200575
0.0010810943331335,0.0021627570171375,0.0006097777777777,22.797069965036016
0.0014270943331335,0.0022147570171375,0.0006097777777777,20.285446062691843
0.0014580943331335,0.0021527570171375,0.0006137777777777,18.88996011306564
0.0014580943331335,0.0021527570171375,0.0006137777777777,19.284249249401203
0.0013000943331335,0.0021857570171375,0.0006137777777777,19.89881588254486
0.0010250943331335,0.0021817570171375,0.0006227777777777,22.869188773085057
0.0011290943331335,0.0021717570171375,0.0006287777777777,23.426957780727122
0.0011220943331335,0.0021717570171375,0.0006307777777777,23.390824449588692
0.0015400943331335,0.0021577570171375,0.0006367777777777,19.433090277271212
0.0015830943331335,0.0021807570171375,0.0006477777777777,18.348041967979373
0.0015030943331335,0.0021707570171375,0.0006537777777777,19.620020143978557
0.0015050943331335,0.0021787570171375,0.0006577777777777,19.502388303495422
0.0012440943331335,0.0021977570171375,0.0006597777777777,20.12700622187047
0.0013210943331335,0.0021637570171375,0.0006667777777777,20.18073690618954
0.0013210943331335,0.0021637570171375,0.0006667777777777,19.86976145513769
0.0009950943331335,0.0022617570171375,0.0006727777777777,20.5116490976968
0.0010670943331335,0.0021947570171375,0.0006787777777777,23.519783095656035
0.0017230943331335,0.0021837570171375,0.0006857777777777,15.373807823142831
0.0009790943331335,0.0021997570171375,0.0006867777777777,30.540480319929294
0.0016370943331335,0.0021857570171375,0.0006897777777777,18.537704090150296
0.0015490943331335,0.0021677570171375,0.0006917777777777,20.168506662319484
0.0012830943331335,0.0021527570171375,0.0006987777777777,20.32380473990918
0.0012830943331335,0.0021527570171375,0.0006987777777777,20.03568784294439
0.0012830943331335,0.0021527570171375,0.0006987777777777,19.701034491623098
0.0010590943331335,0.0021697570171375,0.0007027777777777,24.393010778784994
0.0014610943331335,0.0021927570171375,0.0007047777777777,19.48752391686003
0.0013760943331335,0.0021617570171375,0.0007067777777777,20.284134174247384
0.0012850943331335,0.0022067570171375,0.0007067777777777,20.603455250021085
0.0014970943331335,0.0021747570171375,0.0007087777777777,19.946835935368807
0.0016360943331335,0.0021597570171375,0.0007127777777777,19.5518606327029
0.0013760943331335,0.0021647570171375,0.0007137777777777,20.368529621970005
0.0011520943331335,0.0021647570171375,0.0007217777777777,23.152667947985385
0.0011520943331335,0.0021647570171375,0.0007217777777777,24.320705498328334
0.0012130943331335,0.0021527570171375,0.0007277777777777,23.678501634524014
0.0012130943331335,0.0021527570171375,0.0007277777777777,25.98739441588663
0.0015360943331335,0.0021527570171375,0.0007297777777777,19.912584683557586
0.0011440943331335,0.0021717570171375,0.0007347777777777,26.790136521560665
0.0013050943331335,0.0021667570171375,0.0007367777777777,19.15164643652854
0.0013340943331335,0.0021797570171375,0.0007507777777777,20.83819040593676
0.0015710943331335,0.0021837570171375,0.0007627777777777,20.151398026972974
0.0012860943331335,0.0021787570171375,0.0007707777777777,17.85259504081005
0.0012860943331335,0.0021787570171375,0.0007707777777777,21.018903759370417
0.0016080943331335,0.0021917570171375,0.0007747777777777,19.645845744918528
0.0011810943331335,0.0021657570171375,0.0007837777777777,25.74111445394956
0.0013180943331335,0.0021587570171375,0.0007887777777777,20.718156889958067
0.0013180943331335,0.0021587570171375,0.0007887777777777,20.992555915770566
0.0013740943331335,0.0021967570171375,0.0007887777777777,20.131535122588065
0.0010980943331335,0.0021517570171375,0.0007917777777777,25.21403622856869
0.0010980943331335,0.0021517570171375,0.0007917777777777,25.24703429257235
0.0016150943331335,0.0021987570171375,0.0007937777777777,20.004449787491293
0.0010370943331335,0.0021657570171375,0.0007947777777777,22.980665527778317
0.0014850943331335,0.0021647570171375,0.0007967777777777,20.887215160839435
0.0013500943331335,0.0021937570171375,0.0007987777777777,20.72430772392768
0.0010330943331335,0.0021547570171375,0.0008037777777777,23.54670099316862
0.0009870943331335,0.0022577570171375,0.0008047777777777,23.285741116647444
0.0014410943331335,0.0021877570171375,0.0008227777777777,20.650640435189622
0.0013540943331335,0.0021977570171375,0.0008307777777777,20.75874709676468
0.0014950943331335,0.0021757570171375,0.0008357777777777,20.85643654253443
0.0011480943331335,0.0021627570171375,0.0008417777777777,22.768318280459148
0.0011480943331335,0.0021627570171375,0.0008417777777777,22.823971768317307
0.0014220943331335,0.0021517570171375,0.0008507777777777,20.689718889186793
0.0014220943331335,0.0021517570171375,0.0008507777777777,20.829966115909276
0.0012510943331335,0.0021687570171375,0.0008577777777777,20.97230857140426
0.0012510943331335,0.0021687570171375,0.0008577777777777,21.118673081973373
0.0010040943331335,0.0021727570171375,0.0008667777777777,22.709164702595153
0.0015040943331335,0.0021907570171375,0.0008737777777777,20.832993540548795
0.0010970943331335,0.0021777570171375,0.0008887777777777,22.617221212610477
0.0010400943331335,0.0021947570171375,0.0008897777777777,22.479847369933296
0.0014990943331335,0.0022117570171375,0.0009007777777777,20.71165889477931
0.0015280943331335,0.0021507570171375,0.0009097777777777,20.682720000016683
0.0016610943331335,0.0022037570171375,0.0009127777777777,19.915208619465666
0.0013940943331335,0.0021807570171375,0.0009297777777777,20.75795411985916
0.0010090943331335,0.0021947570171375,0.0009307777777777,22.2522649116649
0.0016520943331335,0.0021547570171375,0.0009337777777777,20.223410627061654
0.0016520943331335,0.0021547570171375,0.0009337777777777,20.123712510629232
0.0014560943331335,0.0021727570171375,0.0009437777777777,20.724504159626985
0.0013720943331335,0.0021507570171375,0.0009537777777777,20.79370738545609
0.0013720943331335,0.0021507570171375,0.0009537777777777,20.794145292641897
0.0015450943331335,0.0021787570171375,0.0009537777777777,20.623895384494322
0.0009830943331335,0.0021807570171375,0.0009587777777777,22.35777206950798
0.0013420943331335,0.0021637570171375,0.0009647777777777,21.075456165716748
0.0015800943331335,0.0021867570171375,0.0009647777777777,20.513731662789212
0.0015690943331335,0.0021897570171375,0.0009697777777777,20.510701238851425
0.0014220943331335,0.0021767570171375,0.0009787777777777,20.879857610160755
0.0016870943331335,0.0021597570171375,0.0009817777777777,19.927371535933766
0.0010000943331335,0.0021567570171375,0.0009907777777777,21.61317527712144
0.0015060943331335,0.0021657570171375,0.0009937777777777,20.782838473949283
0.0010000943331335,0.0021537570171375,0.0009967777777777,21.598603894771056
0.0014440943331335,0.0021597570171375,0.0009997777777777,20.834616143767192
0.0012620943331335,0.0021547570171375,0.0010157777777777,21.26527373635333
0.0012620943331335,0.0021547570171375,0.0010157777777777,21.183780552293747
0.0016490943331335,0.0021637570171375,0.0010247777777777,20.047904218664353
0.0009780943331335,0.0021997570171375,0.0010307777777777,21.77744987655632
0.0010560943331335,0.0021517570171375,0.0010317777777777,21.284022778332496
0.0011860943331335,0.0022207570171375,0.0010317777777777,21.214562175833983
0.0011880943331335,0.0022127570171375,0.0010457777777777,21.272311550275468
0.0017190943331335,0.0021517570171375,0.0010517777777777,19.0431949436966
0.0010800943331335,0.0021617570171375,0.0010567777777777,21.04792963998795
0.0016330943331335,0.0021947570171375,0.0010567777777777,20.10200280010305
0.0012370943331335,0.0021567570171375,0.0010667777777777,21.183332464546417
0.0015450943331335,0.0021517570171375,0.0010817777777777,20.41208251407806
0.0016960943331335,0.0021757570171375,0.0010917777777777,20.069186007413524
0.0013740943331335,0.0021637570171375,1.077777777777777e-05,15.231632719669657
0.0013740943331335,0.0021637570171375,1.077777777777777e-05,16.223010940839718
0.0010210943331335,0.0021647570171375,0.0001427777777777,21.900868346625746
0.0016860943331335,0.0021567570171375,0.0004817777777777,17.730478525590396
0.0016860943331335,0.0021567570171375,0.0004817777777777,18.697461974525133
0.0016860943331335,0.0021567570171375,0.0004817777777777,18.22860844672206
0.0009510943331335,0.0021987570171375,0.0002127777777777,18.597613628664252
0.0009510943331335,0.0021567570171375,0.0008977777777777,23.67405509929877
0.0009550943331335,0.0021917570171375,0.0004567777777777,19.019778443639808
0.0017750943331335,0.0021527570171375,0.0001037777777777,20.42201004642537
0.0018540943331335,0.0021607570171375,0.0004487777777777,19.63122333220403
0.0018000943331335,0.0021827570171375,0.0004617777777777,20.383828635083326
0.0018060943331335,0.0021527570171375,0.0005407777777777,19.933653635460725
0.0017800943331335,0.0021667570171375,7.277777777777777e-05,18.614448266599414
0.0018320943331335,0.0021567570171375,0.0002967777777777,18.604927253361346
0.0013460943331335,0.0018157570171375,0.0011047777777777,22.18178691946647
0.0011120943331335,0.0018367570171375,0.0011047777777777,21.83525020225746
0.0011120943331335,0.0018367570171375,0.0011047777777777,21.834331795321027
0.0012040943331335,0.0019407570171375,0.0011047777777777,21.940102247615187
0.0016420943331335,0.0015887570171375,0.0011057777777777,23.48291980428078
0.0016420943331335,0.0015887570171375,0.0011057777777777,23.61501859867972
0.0017120943331335,0.0017687570171375,0.0011057777777777,22.444929771172728
0.0013620943331335,0.0018217570171375,0.0011057777777777,22.222151125399016
0.0011510943331335,0.0018557570171375,0.0011057777777777,21.837033599669134
0.0013240943331335,0.0016027570171375,0.0011067777777777,22.928271105724008
0.0013240943331335,0.0016027570171375,0.0011067777777777,22.759352268907364
0.0016790943331335,0.0013727570171375,0.0011077777777777,25.282996363596823
0.0010620943331335,0.0014167570171375,0.0011077777777777,21.78924060936573
0.0015510943331335,0.0015797570171375,0.0011077777777777,23.76345502728346
0.0012190943331335,0.0017867570171375,0.0011077777777777,21.963240048782726
0.0012190943331335,0.0017867570171375,0.0011077777777777,21.946297132149162
0.0012190943331335,0.0017867570171375,0.0011077777777777,22.149183983653735
0.0017610943331335,0.0019917570171375,0.0011077777777777,20.054995073192554
0.0017610943331335,0.0019917570171375,0.0011077777777777,20.11720331657911
0.0010910943331335,0.0020687570171375,0.0011077777777777,21.602369880049793
0.0010910943331335,0.0020687570171375,0.0011077777777777,21.560146572190757
0.0015060943331335,0.0014557570171375,0.0011087777777777,24.32031982774049
0.0012820943331335,0.0015397570171375,0.0011087777777777,22.922810135117885
0.0014600943331335,0.0019327570171375,0.0011087777777777,21.516372591054427
0.0014460943331335,0.0020757570171375,0.0011087777777777,20.861600288617534
0.0012970943331335,0.0016977570171375,0.0011097777777777,22.25594280079164
0.0011980943331335,0.0014637570171375,0.0011107777777777,22.442651700308488
0.0014670943331335,0.0016567570171375,0.0011107777777777,23.138251213740187
0.0014670943331335,0.0016567570171375,0.0011107777777777,22.83413383322011
0.0010740943331335,0.0021027570171375,0.0011107777777777,21.40682858677901
0.0015970943331335,0.0014197570171375,0.0011117777777777,24.425852211272073
0.0014280943331335,0.0016747570171375,0.0011117777777777,22.76626926194452
0.0014280943331335,0.0016747570171375,0.0011117777777777,22.767687998719698
0.0013330943331335,0.0019487570171375,0.0011117777777777,21.457459925862377
0.0011170943331335,0.0017917570171375,0.0011127777777777,21.936965178484616
0.0014670943331335,0.0018127570171375,0.0011127777777777,22.15127287722003
0.0014230943331335,0.0019167570171375,0.0011127777777777,21.919202529739113
0.0011740943331335,0.0021457570171375,0.0011127777777777,21.276547483837515
0.0016690943331335,0.0018877570171375,0.0011137777777777,21.454359957522954
0.0016690943331335,0.0018877570171375,0.0011137777777777,21.39344168705693
0.0009960943331335,0.0020777570171375,0.0011137777777777,21.377138084981336
0.0014980943331335,0.0015117570171375,0.0011147777777777,23.887545090320955
0.0017140943331335,0.0017287570171375,0.0011147777777777,22.466522445819486
0.0017050943331335,0.0018297570171375,0.0011147777777777,21.864164449557347
0.0013930943331335,0.0014697570171375,0.0011157777777777,23.83011735578953
0.0014550943331335,0.0018077570171375,0.0011157777777777,22.37707620145093
0.0010940943331335,0.0018947570171375,0.0011157777777777,21.550636750565033
0.0010710943331335,0.0016327570171375,0.0011167777777777,21.611780577704096
0.0010710943331335,0.0016327570171375,0.0011167777777777,21.63696247971931
0.0012180943331335,0.0016407570171375,0.0011167777777777,22.357582279129623
0.0017400943331335,0.0016487570171375,0.0011167777777777,23.542209880098913
0.0016690943331335,0.0017677570171375,0.0011167777777777,22.581077689941864
0.0016690943331335,0.0017677570171375,0.0011167777777777,22.796317927334943
0.0014120943331335,0.0019177570171375,0.0011177777777777,21.729896252227917
0.0009640943331335,0.0020537570171375,0.0011187777777777,21.44097632209788
0.0015580943331335,0.0014777570171375,0.0011197777777777,24.22073345404475
0.0013380943331335,0.0016687570171375,0.0011217777777777,22.53552030629532
0.0016090943331335,0.0018747570171375,0.0011217777777777,22.1119590977691
0.0015600943331335,0.0017717570171375,0.0011227777777777,22.777057761989177
0.0015600943331335,0.0017717570171375,0.0011227777777777,22.536079802128228
0.0015670943331335,0.0019787570171375,0.0011227777777777,21.281965831709005
0.0017520943331335,0.0019517570171375,0.0011237777777777,21.168154877910553
0.0016320943331335,0.0019817570171375,0.0011237777777777,20.838145808710205
0.0016320943331335,0.0019817570171375,0.0011237777777777,20.9749560773583
0.0012660943331335,0.0016737570171375,0.0011247777777777,22.341140434432877
0.0012160943331335,0.0018507570171375,0.0011247777777777,21.98618286261865
0.0011820943331335,0.0013537570171375,0.0011257777777777,22.693330995585157
0.0015160943331335,0.0015357570171375,0.0011267777777777,23.787538193401822
0.0015160943331335,0.0015357570171375,0.0011267777777777,23.676645265741566
0.0015700943331335,0.0018097570171375,0.0011267777777777,22.260211059857884
0.0014880943331335,0.0019387570171375,0.0011267777777777,21.46833076535796
0.0010460943331335,0.0018487570171375,0.0011277777777777,21.716636725059317
0.0010460943331335,0.0018487570171375,0.0011277777777777,21.61201264347994
0.0013630943331335,0.0013457570171375,0.0011287777777777,24.205957318829956
0.0014760943331335,0.0020237570171375,0.0011287777777777,21.21769080158222
0.0016940943331335,0.0020577570171375,0.0011287777777777,20.09403595256343
0.0012660943331335,0.0015717570171375,0.0011297777777777,22.98634791247167
0.0012490943331335,0.0020387570171375,0.0011297777777777,21.316615681296216
0.0012490943331335,0.0020387570171375,0.0011297777777777,21.32003979052564
0.0010610943331335,0.0014807570171375,0.0011307777777777,21.562961140849577
0.0011810943331335,0.0015307570171375,0.0011317777777777,22.265357835765013
0.0011810943331335,0.0015307570171375,0.0011317777777777,22.1983070055118
0.0014250943331335,0.0014157570171375,0.0011327777777777,24.352108434661226
0.0010580943331335,0.0019207570171375,0.0011327777777777,21.529822737212577
0.0013930943331335,0.0017267570171375,0.0011337777777777,22.61265990274486
0.0010670943331335,0.0014957570171375,0.0011347777777777,21.602089252594165
0.0016440943331335,0.0020257570171375,0.0011347777777777,20.681668833805695
0.0017020943331335,0.0020717570171375,0.0011347777777777,19.50859397497543
0.0016090943331335,0.0018837570171375,0.0011357777777777,21.666578776293072
0.0015430943331335,0.0017427570171375,0.0011367777777777,22.5767816347504
0.0015430943331335,0.0017427570171375,0.0011367777777777,22.574105407666543
0.0014530943331335,0.0018687570171375,0.0011367777777777,22.013382439381072
0.0015290943331335,0.0019267570171375,0.0011367777777777,21.704785484874265
0.0012350943331335,0.0016157570171375,0.0011377777777777,22.08840988396364
0.0011770943331335,0.0020127570171375,0.0011377777777777,21.563801690405903
0.0013890943331335,0.0020017570171375,0.0011417777777777,21.311609673684433
0.0013220943331335,0.0021397570171375,0.0011427777777777,21.094521697817374
0.0013220943331335,0.0021397570171375,0.0011427777777777,21.14086700767924
0.0012470943331335,0.0015107570171375,0.0011447777777777,22.802526244210814
0.0012320943331335,0.0015657570171375,0.0011447777777777,22.863775300889383
0.0015470943331335,0.0017487570171375,0.0011447777777777,22.48774012075925
0.0012720943331335,0.0018117570171375,0.0011447777777777,22.07500395641029
0.0011290943331335,0.0014827570171375,0.0011457777777777,22.37377851505985
0.0011290943331335,0.0014827570171375,0.0011457777777777,21.863823193138586
0.0012640943331335,0.0020587570171375,0.0011467777777777,21.24271919836829
0.0013140943331335,0.0020707570171375,0.0011467777777777,21.1050490953913
0.0014390943331335,0.0021207570171375,0.0011487777777777,20.91225564703234
0.0011500943331335,0.0016607570171375,0.0011507777777777,21.711395913445163
0.0017360943331335,0.0020067570171375,0.0011547777777777,21.091833667664798
0.0011000943331335,0.0016987570171375,0.0011557777777777,21.67299081062584
0.0017200943331335,0.0018467570171375,0.0011577777777777,21.190112735484487
0.0012330943331335,0.0014277570171375,0.0011587777777777,22.44167240905349
0.0012700943331335,0.0017267570171375,0.0011617777777777,22.13896283264907
0.0015690943331335,0.0013477570171375,0.0011637777777777,24.47797655685232
0.0011970943331335,0.0015507570171375,0.0011657777777777,22.37673911171344
0.0015680943331335,0.0016977570171375,0.0011727777777777,22.710237085616416
0.0015680943331335,0.0016977570171375,0.0011727777777777,22.814045951962623
0.0016510943331335,0.0018477570171375,0.0011867777777777,21.421749285568833
0.0008610943331335,0.0019047570171375,0.0011177777777777,21.72291190686321
0.0009260943331335,0.0019367570171375,0.0011557777777777,21.22026238866291
0.0018650943331335,0.0019377570171375,0.0011147777777777,20.076289632025308
0.0017170943331335,0.0013067570171375,0.0011097777777777,25.439689931508315
0.0016520943331335,0.0013307570171375,0.0011117777777777,25.633219012532088
0.0013110943331335,0.0022207570171375,0.0011447777777777,20.856460239924317
0.0009337430037313,0.0013415342685487,0.0,40.04578033608093
0.0009337430037313,0.0013415342685487,0.0,40.04578033608093
0.0009337430037313,0.0014390342685487,0.0,15.504791658124052
0.0017826002798507,0.0014390342685487,0.0,17.13039471153482
0.0009337430037313,0.0015365342685487,0.0,10.552718185891491
0.0009337430037313,0.0015365342685487,0.0,10.552718185891491
0.0009337430037313,0.0015365342685487,0.0,10.552718185891491
0.0017826002798507,0.0015365342685487,0.0,21.73223712749201
0.0017826002798507,0.0015365342685487,0.0,21.73223712749201
0.0009337430037313,0.0016340342685487,0.0,23.057017947721445
0.0017826002798507,0.0016340342685487,0.0,18.36400605008523
0.0017826002798507,0.0016340342685487,0.0,18.36400605008523
0.0019523717350746,0.0016340342685487,0.0,12.308975711581668
0.0009337430037313,0.0018290342685487,0.0,17.21722168704894
0.0017826002798507,0.0018290342685487,0.0,17.455422440206874
0.0017826002798507,0.0018290342685487,0.0,17.455422440206874
0.0018391907649253,0.0018290342685487,0.0,14.73384416973384
0.0018391907649253,0.0018290342685487,0.0,14.73384416973384
0.0009337430037313,0.0019265342685487,0.0,10.14620203948011
0.0009337430037313,0.0019265342685487,0.0,10.14620203948011
0.0009337430037313,0.0019265342685487,0.0,10.14620203948011
0.0017826002798507,0.0019265342685487,0.0,13.464880912880076
0.0017826002798507,0.0019265342685487,0.0,13.464880912880076
0.0009337430037313,0.0020240342685487,0.0,13.850849628455949
0.0017826002798507,0.0020240342685487,0.0,22.519875492960587
0.0017826002798507,0.0020240342685487,0.0,22.519875492960587
0.0009337430037313,0.0021215342685487,0.0,17.689422352690713
0.0009337430037313,0.0021215342685487,0.0,17.689422352690713
0.0009337430037313,0.0021215342685487,0.0,17.689422352690713
0.0009337430037313,0.0022190342685487,0.0,17.764479544513943
0.0009337430037313,0.0022190342685487,0.0,17.764479544513943
0.0012732859141791,0.0022190342685487,0.0,15.89261232022327
0.0012732859141791,0.0022190342685487,0.0,15.89261232022327
0.0013864668843283,0.0022190342685487,0.0,13.186222634230916
0.0013864668843283,0.0022190342685487,0.0,13.186222634230916
0.0014996478544776,0.0022190342685487,0.0,16.12917414521377
0.0014996478544776,0.0022190342685487,0.0,16.12917414521377
0.0017260097947761,0.0022190342685487,0.0,26.655435488062743
0.0010469239738805,0.0023165342685487,0.0,16.863058404660393
0.0010469239738805,0.0023165342685487,0.0,16.863058404660393
0.0011601049440298,0.0023165342685487,0.0,17.134907119138603
0.0011601049440298,0.0023165342685487,0.0,17.134907119138603
0.0012732859141791,0.0023165342685487,0.0,13.497928787228544
0.0012732859141791,0.0023165342685487,0.0,13.497928787228544
0.001810895522388,0.0016827842685487,1.1546319456101627e-20,19.09583639385425
0.001810895522388,0.0016827842685487,1.1546319456101627e-20,19.09583639385425
0.000905447761194,0.0018777842685487,1.1546319456101627e-20,11.886621797273596
0.000905447761194,0.0018777842685487,1.1546319456101627e-20,11.886621797273596
0.0010752192164179,0.0021702842685487,1.1546319456101627e-20,21.410179986967275
0.0010752192164179,0.0021702842685487,1.1546319456101627e-20,21.410179986967275
0.0010752192164179,0.0021702842685487,1.1546319456101627e-20,21.410179986967275
0.0013015811567164,0.0021702842685487,1.1546319456101627e-20,13.852049343665964
0.0013015811567164,0.0021702842685487,1.1546319456101627e-20,13.852049343665964
0.0014147621268656,0.0021702842685487,1.1546319456101627e-20,14.09361169250433
0.0014147621268656,0.0021702842685487,1.1546319456101627e-20,14.09361169250433
0.0014147621268656,0.0021702842685487,1.1546319456101627e-20,14.09361169250433
0.0016411240671641,0.0021702842685487,1.1546319456101627e-20,20.067102048750705
0.0016411240671641,0.0021702842685487,1.1546319456101627e-20,20.067102048750705
0.0017543050373134,0.0021702842685487,1.1546319456101627e-20,28.73376437444045
0.0017543050373134,0.0021702842685487,1.1546319456101627e-20,28.73376437444045
0.000905447761194,0.0022677842685487,1.1546319456101627e-20,18.871827830311656
0.0011318097014925,0.0022677842685487,1.1546319456101627e-20,19.17457305009044
0.0011318097014925,0.0022677842685487,1.1546319456101627e-20,19.17457305009044
0.0014713526119402,0.0022677842685487,1.1546319456101627e-20,17.944235089925968
0.0014713526119402,0.0022677842685487,1.1546319456101627e-20,17.944235089925968
0.0009903334888059,0.0013415342685487,3.250000000000001e-05,13.47421451133968
0.0010469239738805,0.0013415342685487,3.250000000000001e-05,11.83224820255215
0.0010469239738805,0.0013415342685487,3.250000000000001e-05,11.83224820255215
0.0011035144589552,0.0013415342685487,3.250000000000001e-05,10.219352200822268
0.0012166954291044,0.0013415342685487,3.250000000000001e-05,11.14091744781487
0.0013298763992537,0.0013415342685487,3.250000000000001e-05,12.889146957693574
0.0013864668843283,0.0013415342685487,3.250000000000001e-05,12.555628564009703
0.0014430573694029,0.0013415342685487,3.250000000000001e-05,12.310965787558516
0.0009337430037313,0.0014390342685487,3.250000000000001e-05,18.64982172087635
0.0009337430037313,0.0014390342685487,3.250000000000001e-05,18.64982172087635
0.0009337430037313,0.0016340342685487,3.250000000000001e-05,20.017164829044027
0.0009337430037313,0.0016340342685487,3.250000000000001e-05,20.017164829044027
0.0017826002798507,0.0017315342685487,3.250000000000001e-05,19.259659703868564
0.0017826002798507,0.0017315342685487,3.250000000000001e-05,19.259659703868564
0.0009337430037313,0.0018290342685487,3.250000000000001e-05,27.306788853580255
0.0009337430037313,0.0019265342685487,3.250000000000001e-05,26.244901377056458
0.0017826002798507,0.0020240342685487,3.250000000000001e-05,20.485458569850177
0.0017826002798507,0.0020240342685487,3.250000000000001e-05,20.485458569850177
0.000905447761194,0.0012927842685487,3.250000000000001e-05,13.200497536832952
0.0011318097014925,0.0012927842685487,3.250000000000001e-05,10.390015918430995
0.001810895522388,0.0016827842685487,3.250000000000001e-05,18.95794181505713
0.001810895522388,0.0016827842685487,3.250000000000001e-05,18.95794181505713
0.001810895522388,0.0020727842685487,3.250000000000001e-05,20.795171531693494
0.001810895522388,0.0020727842685487,3.250000000000001e-05,20.795171531693494
0.0008488572761194,0.0021702842685487,3.250000000000001e-05,15.937441317534976
0.0008488572761194,0.0021702842685487,3.250000000000001e-05,15.937441317534976
0.0010752192164179,0.0021702842685487,3.250000000000001e-05,16.231121404826773
0.0010752192164179,0.0021702842685487,3.250000000000001e-05,16.231121404826773
0.0013015811567164,0.0021702842685487,3.250000000000001e-05,14.627123998332404
0.0013015811567164,0.0021702842685487,3.250000000000001e-05,14.627123998332404
0.0015279430970149,0.0021702842685487,3.250000000000001e-05,16.95538030410584
0.0015279430970149,0.0021702842685487,3.250000000000001e-05,16.95538030410584
0.0016411240671641,0.0021702842685487,3.250000000000001e-05,25.12934071876637
0.0016411240671641,0.0021702842685487,3.250000000000001e-05,25.12934071876637
0.0009337430037313,0.0013415342685487,6.500000000000001e-05,33.854229753971275
0.0009337430037313,0.0013415342685487,6.500000000000001e-05,33.854229753971275
0.0010469239738805,0.0013415342685487,6.500000000000001e-05,14.230063762382612
0.0011035144589552,0.0013415342685487,6.500000000000001e-05,11.257739736880824
0.0013298763992537,0.0013415342685487,6.500000000000001e-05,11.207405207836022
0.0013298763992537,0.0013415342685487,6.500000000000001e-05,11.207405207836022
0.0016694193097014,0.0013415342685487,6.500000000000001e-05,12.570920551738476
0.0016694193097014,0.0013415342685487,6.500000000000001e-05,12.570920551738476
0.0017826002798507,0.0013415342685487,6.500000000000001e-05,22.082695805580748
0.0009337430037313,0.0014390342685487,6.500000000000001e-05,19.345155903085946
0.0017826002798507,0.0016340342685487,6.500000000000001e-05,13.136717403131206
0.0017826002798507,0.0016340342685487,6.500000000000001e-05,13.136717403131206
0.0009337430037313,0.0020240342685487,6.500000000000001e-05,13.752996517528034
0.0017826002798507,0.0020240342685487,6.500000000000001e-05,15.994099256921045
0.0017826002798507,0.0020240342685487,6.500000000000001e-05,15.994099256921045
0.0009337430037313,0.0021215342685487,6.500000000000001e-05,17.22685237538892
0.0009337430037313,0.0021215342685487,6.500000000000001e-05,17.22685237538892
0.000905447761194,0.0012927842685487,6.500000000000001e-05,17.434239973683674
0.0011318097014925,0.0012927842685487,6.500000000000001e-05,11.452199631917637
0.001810895522388,0.0020727842685487,6.500000000000001e-05,15.696459514585609
0.001810895522388,0.0020727842685487,6.500000000000001e-05,15.696459514585609
0.0013015811567164,0.0021702842685487,6.500000000000001e-05,11.490149715504984
0.0013015811567164,0.0021702842685487,6.500000000000001e-05,11.490149715504984
0.0017543050373134,0.0021702842685487,6.500000000000001e-05,24.93414960072538
0.0017543050373134,0.0021702842685487,6.500000000000001e-05,24.93414960072538
0.0011035144589552,0.0013415342685487,9.75e-05,12.575008943354833
0.0012166954291044,0.0013415342685487,9.75e-05,10.76994903793772
0.0012166954291044,0.0013415342685487,9.75e-05,10.76994903793772
0.0013298763992537,0.0013415342685487,9.75e-05,11.484041611734032
0.0013298763992537,0.0013415342685487,9.75e-05,11.484041611734032
0.0014430573694029,0.0013415342685487,9.75e-05,12.82906965287674
0.0014430573694029,0.0013415342685487,9.75e-05,12.82906965287674
0.0016128288246268,0.0013415342685487,9.75e-05,20.802992817475268
0.0017826002798507,0.0013415342685487,9.75e-05,21.67766561286643
0.0009337430037313,0.0014390342685487,9.75e-05,19.27710622371658
0.0009337430037313,0.0015365342685487,9.75e-05,13.919033007037864
0.0017826002798507,0.0015365342685487,9.75e-05,13.91783398271378
0.0017826002798507,0.0015365342685487,9.75e-05,13.91783398271378
0.0017826002798507,0.0019265342685487,9.75e-05,17.855190578939975
0.0017826002798507,0.0019265342685487,9.75e-05,17.855190578939975
0.0009337430037313,0.0020240342685487,9.75e-05,13.102820469547884
0.0009337430037313,0.0020240342685487,9.75e-05,13.102820469547884
0.0017826002798507,0.0020240342685487,9.75e-05,16.15434896822649
0.0017826002798507,0.0020240342685487,9.75e-05,16.15434896822649
0.0011318097014925,0.0012927842685487,9.75e-05,17.94917398171975
0.0011318097014925,0.0012927842685487,9.75e-05,17.94917398171975
0.001358171641791,0.0012927842685487,9.75e-05,11.312981360741668
0.0015845335820895,0.0012927842685487,9.75e-05,43.35226477569213
0.001810895522388,0.0016827842685487,9.75e-05,23.31130223756292
0.001810895522388,0.0016827842685487,9.75e-05,23.31130223756292
0.0013015811567164,0.0021702842685487,9.75e-05,11.072016759667193
0.0013015811567164,0.0021702842685487,9.75e-05,11.072016759667193
0.0015279430970149,0.0021702842685487,9.75e-05,13.836375803912478
0.0015279430970149,0.0021702842685487,9.75e-05,13.836375803912478
0.0017543050373134,0.0021702842685487,9.75e-05,20.24287328718625
0.0017543050373134,0.0021702842685487,9.75e-05,20.24287328718625
0.0014713526119402,0.0022677842685487,9.75e-05,15.87717481658647
0.0014713526119402,0.0022677842685487,9.75e-05,15.87717481658647
0.0011035144589552,0.0013415342685487,0.00013,10.83434836456669
0.0011601049440298,0.0013415342685487,0.00013,10.736080649314284
0.0015562383395522,0.0013415342685487,0.00013,18.875024801364557
0.0015562383395522,0.0013415342685487,0.00013,18.875024801364557
0.0009337430037313,0.0015365342685487,0.00013,12.607439346635914
0.0009337430037313,0.0015365342685487,0.00013,12.607439346635914
0.0009337430037313,0.0019265342685487,0.00013,19.60567991642682
0.0009337430037313,0.0019265342685487,0.00013,19.60567991642682
0.0009337430037313,0.0020240342685487,0.00013,14.31694031105337
0.0009337430037313,0.0020240342685487,0.00013,14.31694031105337
0.0009337430037313,0.0021215342685487,0.00013,14.584474299062446
0.0009337430037313,0.0021215342685487,0.00013,14.584474299062446
0.001358171641791,0.0012927842685487,0.00013,11.317987243271638
0.001358171641791,0.0012927842685487,0.00013,11.317987243271638
0.001810895522388,0.0016827842685487,0.00013,13.596723521846384
0.001810895522388,0.0016827842685487,0.00013,13.596723521846384
0.0008488572761194,0.0021702842685487,0.00013,25.65216853288875
0.0011884001865671,0.0023652842685487,0.00013,11.464726328712802
0.0011884001865671,0.0023652842685487,0.00013,11.464726328712802
0.0009903334888059,0.0013415342685487,0.0001625,21.6497532496492
0.0011601049440298,0.0013415342685487,0.0001625,10.739929031136231
0.0011601049440298,0.0013415342685487,0.0001625,10.739929031136231
0.0013864668843283,0.0013415342685487,0.0001625,10.52512255635418
0.0015562383395522,0.0013415342685487,0.0001625,19.64452874813248
0.0015562383395522,0.0013415342685487,0.0001625,19.64452874813248
0.0016128288246268,0.0013415342685487,0.0001625,29.057574244651697
0.0016694193097014,0.0013415342685487,0.0001625,15.377044793134184
0.0016694193097014,0.0013415342685487,0.0001625,15.377044793134184
0.0017826002798507,0.0014390342685487,0.0001625,12.69466972296307
0.0017826002798507,0.0014390342685487,0.0001625,12.69466972296307
0.0017826002798507,0.0015365342685487,0.0001625,11.618620711311326
0.0017826002798507,0.0015365342685487,0.0001625,11.618620711311326
0.0009337430037313,0.0017315342685487,0.0001625,30.29844060290323
0.0009337430037313,0.0020240342685487,0.0001625,18.81331579272784
0.0009337430037313,0.0020240342685487,0.0001625,18.81331579272784
0.001810895522388,0.0020727842685487,0.0001625,16.069295995191453
0.0010752192164179,0.0021702842685487,0.0001625,28.245470970339973
0.0010752192164179,0.0021702842685487,0.0001625,28.245470970339973
0.0010752192164179,0.0021702842685487,0.0001625,28.245470970339973
0.0014147621268656,0.0021702842685487,0.0001625,13.757500108382692
0.0014147621268656,0.0021702842685487,0.0001625,13.757500108382692
0.0017543050373134,0.0021702842685487,0.0001625,19.7467765339492
0.0017543050373134,0.0021702842685487,0.0001625,19.7467765339492
0.0014713526119402,0.0022677842685487,0.0001625,14.693931502183675
0.0014713526119402,0.0022677842685487,0.0001625,14.693931502183675
0.0011884001865671,0.0023652842685487,0.0001625,11.717615409678215
0.0011884001865671,0.0023652842685487,0.0001625,11.717615409678215
0.0010469239738805,0.0013415342685487,0.000195,18.25409307590682
0.0015562383395522,0.0013415342685487,0.000195,22.247475505384116
0.0015562383395522,0.0013415342685487,0.000195,22.247475505384116
0.0016694193097014,0.0013415342685487,0.000195,15.52098061283704
0.0017826002798507,0.0013415342685487,0.000195,11.875185328222202
0.0017826002798507,0.0013415342685487,0.000195,11.875185328222202
0.0009337430037313,0.0014390342685487,0.000195,17.701377794121317
0.0009337430037313,0.0014390342685487,0.000195,17.701377794121317
0.0017826002798507,0.0014390342685487,0.000195,13.758803603143576
0.0017826002798507,0.0014390342685487,0.000195,13.758803603143576
0.0017826002798507,0.0015365342685487,0.000195,13.222160607212608
0.0017826002798507,0.0015365342685487,0.000195,13.222160607212608
0.0017826002798507,0.0020240342685487,0.000195,16.936430317720202
0.0017826002798507,0.0020240342685487,0.000195,16.936430317720202
0.001358171641791,0.0012927842685487,0.000195,11.322139330507827
0.001358171641791,0.0012927842685487,0.000195,11.322139330507827
0.001810895522388,0.0020727842685487,0.000195,13.142817548736463
0.001810895522388,0.0020727842685487,0.000195,13.142817548736463
0.0008488572761194,0.0021702842685487,0.000195,17.960840458801275
0.0017543050373134,0.0021702842685487,0.000195,15.151470755485168
0.0017543050373134,0.0021702842685487,0.000195,15.151470755485168
0.0014713526119402,0.0022677842685487,0.000195,12.941161409597855
0.0014713526119402,0.0022677842685487,0.000195,12.941161409597855
0.0011884001865671,0.0023652842685487,0.000195,21.524097377093675
0.0011884001865671,0.0023652842685487,0.000195,21.524097377093675
0.0011601049440298,0.0013415342685487,0.0002275,12.527536547094336
0.0011601049440298,0.0013415342685487,0.0002275,12.527536547094336
0.0013298763992537,0.0013415342685487,0.0002275,10.92826414088177
0.0013298763992537,0.0013415342685487,0.0002275,10.92826414088177
0.0013864668843283,0.0013415342685487,0.0002275,11.935266364972092
0.0013864668843283,0.0013415342685487,0.0002275,11.935266364972092
0.0014430573694029,0.0013415342685487,0.0002275,27.97339039311797
0.0015562383395522,0.0013415342685487,0.0002275,24.393189392741384
0.0017260097947761,0.0013415342685487,0.0002275,17.609900880300376
0.0009337430037313,0.0014390342685487,0.0002275,16.121668376178455
0.0009337430037313,0.0014390342685487,0.0002275,16.121668376178455
0.0017826002798507,0.0014390342685487,0.0002275,14.332388436520118
0.0017826002798507,0.0014390342685487,0.0002275,14.332388436520118
0.0017826002798507,0.0015365342685487,0.0002275,13.955588006994224
0.0017826002798507,0.0015365342685487,0.0002275,13.955588006994224
0.0009337430037313,0.0016340342685487,0.0002275,19.00168522169393
0.0009337430037313,0.0016340342685487,0.0002275,19.00168522169393
0.0009337430037313,0.0020240342685487,0.0002275,26.880170224130172
0.0009337430037313,0.0020240342685487,0.0002275,26.880170224130172
0.0017826002798507,0.0020240342685487,0.0002275,18.90712789244205
0.0017826002798507,0.0020240342685487,0.0002275,18.90712789244205
0.0017826002798507,0.0021215342685487,0.0002275,19.6251761730654
0.0011318097014925,0.0012927842685487,0.0002275,11.686352553679766
0.0008488572761194,0.0017802842685487,0.0002275,18.72699796428947
0.0010752192164179,0.0021702842685487,0.0002275,19.85036114463909
0.0010752192164179,0.0021702842685487,0.0002275,19.85036114463909
0.0014147621268656,0.0021702842685487,0.0002275,11.117412614617924
0.0014147621268656,0.0021702842685487,0.0002275,11.117412614617924
0.0016411240671641,0.0021702842685487,0.0002275,26.549408038256207
0.0016411240671641,0.0021702842685487,0.0002275,26.549408038256207
0.0016977145522388,0.0022677842685487,0.0002275,16.64739513847955
0.0016977145522388,0.0022677842685487,0.0002275,16.64739513847955
0.0011884001865671,0.0023652842685487,0.0002275,17.730563479687465
0.0011884001865671,0.0023652842685487,0.0002275,17.730563479687465
0.0011601049440298,0.0013415342685487,0.00026,12.918234174037613
0.0011601049440298,0.0013415342685487,0.00026,12.918234174037613
0.0016128288246268,0.0013415342685487,0.00026,25.75102752922273
0.0016128288246268,0.0013415342685487,0.00026,25.75102752922273
0.0017260097947761,0.0013415342685487,0.00026,20.303065852579127
0.0017260097947761,0.0013415342685487,0.00026,20.303065852579127
0.0009337430037313,0.0014390342685487,0.00026,16.512792179001647
0.0017826002798507,0.0014390342685487,0.00026,12.988976374959712
0.0017826002798507,0.0014390342685487,0.00026,12.988976374959712
0.0009337430037313,0.0016340342685487,0.00026,18.81750949871956
0.0009337430037313,0.0016340342685487,0.00026,18.81750949871956
0.0017826002798507,0.0021215342685487,0.00026,19.186199923827967
0.0017826002798507,0.0021215342685487,0.00026,19.186199923827967
0.001810895522388,0.0020727842685487,0.00026,17.849815519064403
0.001810895522388,0.0020727842685487,0.00026,17.849815519064403
0.0014147621268656,0.0021702842685487,0.00026,11.027210495516924
0.0014147621268656,0.0021702842685487,0.00026,11.027210495516924
0.0014713526119402,0.0022677842685487,0.00026,14.07411521491904
0.0014713526119402,0.0022677842685487,0.00026,14.07411521491904
0.0016694193097014,0.0013415342685487,0.0002925,13.519273856043933
0.0017826002798507,0.0014390342685487,0.0002925,13.332962616991948
0.0017826002798507,0.0014390342685487,0.0002925,13.332962616991948
0.0009337430037313,0.0015365342685487,0.0002925,21.146002905210523
0.0011318097014925,0.0012927842685487,0.0002925,18.376054302318067
0.0015845335820895,0.0012927842685487,0.0002925,23.201085681625763
0.0015845335820895,0.0012927842685487,0.0002925,23.201085681625763
0.001810895522388,0.0012927842685487,0.0002925,13.351627436476146
0.001810895522388,0.0012927842685487,0.0002925,13.351627436476146
0.001810895522388,0.0020727842685487,0.0002925,15.42102957758758
0.001810895522388,0.0020727842685487,0.0002925,15.42102957758758
0.0016411240671641,0.0021702842685487,0.0002925,18.497141286049143
0.0016411240671641,0.0021702842685487,0.0002925,18.497141286049143
0.0014713526119402,0.0022677842685487,0.0002925,13.695532521724138
0.0014713526119402,0.0022677842685487,0.0002925,13.695532521724138
0.0011884001865671,0.0023652842685487,0.0002925,14.303707940840908
0.0014430573694029,0.0013415342685487,0.000325,18.652248509695397
0.0014430573694029,0.0013415342685487,0.000325,18.652248509695397
0.0017826002798507,0.0013415342685487,0.000325,19.076196416548417
0.0017826002798507,0.0013415342685487,0.000325,19.076196416548417
0.0009337430037313,0.0015365342685487,0.000325,23.817842389062548
0.0009337430037313,0.0015365342685487,0.000325,23.817842389062548
0.0017826002798507,0.0016340342685487,0.000325,16.14099251008673
0.0017826002798507,0.0016340342685487,0.000325,16.14099251008673
0.0009337430037313,0.0018290342685487,0.000325,21.281791743411983
0.0009337430037313,0.0018290342685487,0.000325,21.281791743411983
0.0009337430037313,0.0020240342685487,0.000325,25.7838752399438
0.0009337430037313,0.0020240342685487,0.000325,25.7838752399438
0.0009337430037313,0.0021215342685487,0.000325,21.725328972556547
0.0009337430037313,0.0021215342685487,0.000325,21.725328972556547
0.001810895522388,0.0012927842685487,0.000325,16.571674291192785
0.0019240764925373,0.0014877842685487,0.000325,12.432790356472454
0.0019240764925373,0.0014877842685487,0.000325,12.432790356472454
0.0019240764925373,0.0018777842685487,0.000325,15.907832156680303
0.0019240764925373,0.0018777842685487,0.000325,15.907832156680303
0.0008488572761194,0.0021702842685487,0.000325,17.33078172849685
0.0014147621268656,0.0021702842685487,0.000325,11.56558253377141
0.0014147621268656,0.0021702842685487,0.000325,11.56558253377141
0.0014713526119402,0.0022677842685487,0.000325,12.201433295575844
0.0014713526119402,0.0022677842685487,0.000325,12.201433295575844
0.0011884001865671,0.0023652842685487,0.000325,14.24211081950004
0.0009903334888059,0.0013415342685487,0.0003574999999999,13.16333528296638
0.0009903334888059,0.0013415342685487,0.0003574999999999,13.16333528296638
0.0011601049440298,0.0013415342685487,0.0003574999999999,13.814317752838416
0.0013864668843283,0.0013415342685487,0.0003574999999999,14.395278857759944
0.0013864668843283,0.0013415342685487,0.0003574999999999,14.395278857759944
0.0014430573694029,0.0013415342685487,0.0003574999999999,19.16737175182548
0.0016694193097014,0.0013415342685487,0.0003574999999999,22.129524760140168
0.0016694193097014,0.0013415342685487,0.0003574999999999,22.129524760140168
0.0017826002798507,0.0013415342685487,0.0003574999999999,21.96392644126636
0.0017826002798507,0.0013415342685487,0.0003574999999999,21.96392644126636
0.0009337430037313,0.0014390342685487,0.0003574999999999,16.828973829040624
0.0009337430037313,0.0014390342685487,0.0003574999999999,16.828973829040624
0.0017826002798507,0.0014390342685487,0.0003574999999999,12.735025877461208
0.0017826002798507,0.0014390342685487,0.0003574999999999,12.735025877461208
0.0009337430037313,0.0015365342685487,0.0003574999999999,16.73145490836973
0.0009337430037313,0.0015365342685487,0.0003574999999999,16.73145490836973
0.0017826002798507,0.0016340342685487,0.0003574999999999,16.15057921592976
0.0017826002798507,0.0016340342685487,0.0003574999999999,16.15057921592976
0.0017826002798507,0.0021215342685487,0.0003574999999999,19.099205030949648
0.0017826002798507,0.0021215342685487,0.0003574999999999,19.099205030949648
0.0015845335820895,0.0012927842685487,0.0003574999999999,21.61913601551396
0.0015845335820895,0.0012927842685487,0.0003574999999999,21.61913601551396
0.001810895522388,0.0016827842685487,0.0003574999999999,18.017782237390808
0.001810895522388,0.0016827842685487,0.0003574999999999,18.017782237390808
0.0019240764925373,0.0018777842685487,0.0003574999999999,17.948140243212233
0.0019240764925373,0.0018777842685487,0.0003574999999999,17.948140243212233
0.001810895522388,0.0020727842685487,0.0003574999999999,14.741788045543874
0.001810895522388,0.0020727842685487,0.0003574999999999,14.741788045543874
0.0010752192164179,0.0021702842685487,0.0003574999999999,28.631429386373757
0.0010752192164179,0.0021702842685487,0.0003574999999999,28.631429386373757
0.0010752192164179,0.0021702842685487,0.0003574999999999,28.631429386373757
0.0013015811567164,0.0021702842685487,0.0003574999999999,11.819133025070808
0.0013015811567164,0.0021702842685487,0.0003574999999999,11.819133025070808
0.0014147621268656,0.0021702842685487,0.0003574999999999,11.453880363442687
0.0014147621268656,0.0021702842685487,0.0003574999999999,11.453880363442687
0.0015279430970149,0.0021702842685487,0.0003574999999999,14.62087123475889
0.0015279430970149,0.0021702842685487,0.0003574999999999,14.62087123475889
0.0017543050373134,0.0021702842685487,0.0003574999999999,25.178620062483425
0.0017543050373134,0.0021702842685487,0.0003574999999999,25.178620062483425
0.0014713526119402,0.0022677842685487,0.0003574999999999,12.363661528692806
0.0014713526119402,0.0022677842685487,0.0003574999999999,12.363661528692806
0.0009337430037313,0.0013415342685487,0.00039,16.477861052846198
0.0012166954291044,0.0013415342685487,0.00039,14.749542415683338
0.0013298763992537,0.0013415342685487,0.00039,14.889982976502866
0.0013298763992537,0.0013415342685487,0.00039,14.889982976502866
0.0013864668843283,0.0013415342685487,0.00039,14.89683732221259
0.0013864668843283,0.0013415342685487,0.00039,14.89683732221259
0.0014430573694029,0.0013415342685487,0.00039,18.91536235124975
0.0017826002798507,0.0013415342685487,0.00039,13.231764738084127
0.0017826002798507,0.0013415342685487,0.00039,13.231764738084127
0.0009337430037313,0.0014390342685487,0.00039,16.32633706396603
0.0009337430037313,0.0014390342685487,0.00039,16.32633706396603
0.0017826002798507,0.0014390342685487,0.00039,13.556701255670928
0.0017826002798507,0.0014390342685487,0.00039,13.556701255670928
0.0009337430037313,0.0018290342685487,0.00039,20.2892187350334
0.0009337430037313,0.0018290342685487,0.00039,20.2892187350334
0.0017826002798507,0.0020240342685487,0.00039,27.8093069427523
0.0017826002798507,0.0020240342685487,0.00039,27.8093069427523
0.0009337430037313,0.0021215342685487,0.00039,17.144012048880825
0.0009337430037313,0.0021215342685487,0.00039,17.144012048880825
0.0017826002798507,0.0021215342685487,0.00039,20.845727109048
0.0015845335820895,0.0012927842685487,0.00039,19.58728418936562
0.0015845335820895,0.0012927842685487,0.00039,19.58728418936562
0.0019240764925373,0.0014877842685487,0.00039,13.05203006736383
0.0019240764925373,0.0014877842685487,0.00039,13.05203006736383
0.001810895522388,0.0016827842685487,0.00039,16.542346138391494
0.001810895522388,0.0016827842685487,0.00039,16.542346138391494
0.001810895522388,0.0020727842685487,0.00039,25.48276727402493
0.001810895522388,0.0020727842685487,0.00039,25.48276727402493
0.0010752192164179,0.0021702842685487,0.00039,22.61191915237246
0.0010752192164179,0.0021702842685487,0.00039,22.61191915237246
0.0010752192164179,0.0021702842685487,0.00039,22.61191915237246
0.0015279430970149,0.0021702842685487,0.00039,15.67408366189775
0.0015279430970149,0.0021702842685487,0.00039,15.67408366189775
0.0017543050373134,0.0021702842685487,0.00039,20.327444605337
0.0017543050373134,0.0021702842685487,0.00039,20.327444605337
0.0014713526119402,0.0022677842685487,0.00039,14.135365581292486
0.0014713526119402,0.0022677842685487,0.00039,14.135365581292486
0.0016977145522388,0.0022677842685487,0.00039,17.071081628803174
0.0016977145522388,0.0022677842685487,0.00039,17.071081628803174
0.0011884001865671,0.0023652842685487,0.00039,16.393150481018896
0.0009337430037313,0.0013415342685487,0.0004224999999999,19.010653782527644
0.0012732859141791,0.0013415342685487,0.0004224999999999,13.236995558800356
0.0013298763992537,0.0013415342685487,0.0004224999999999,16.074270872745068
0.0013298763992537,0.0013415342685487,0.0004224999999999,16.074270872745068
0.0014996478544776,0.0013415342685487,0.0004224999999999,19.688693021318045
0.0017826002798507,0.0016340342685487,0.0004224999999999,15.588603526941872
0.0017826002798507,0.0016340342685487,0.0004224999999999,15.588603526941872
0.0009337430037313,0.0020240342685487,0.0004224999999999,23.249203619026453
0.0009337430037313,0.0020240342685487,0.0004224999999999,23.249203619026453
0.0017826002798507,0.0021215342685487,0.0004224999999999,20.022121155078604
0.001358171641791,0.0012927842685487,0.0004224999999999,16.653862503069664
0.001358171641791,0.0012927842685487,0.0004224999999999,16.653862503069664
0.001810895522388,0.0012927842685487,0.0004224999999999,13.83412205581856
0.001810895522388,0.0012927842685487,0.0004224999999999,13.83412205581856
0.001810895522388,0.0016827842685487,0.0004224999999999,15.734950843335843
0.001810895522388,0.0016827842685487,0.0004224999999999,15.734950843335843
0.0008488572761194,0.0017802842685487,0.0004224999999999,22.853098187210644
0.0019240764925373,0.0018777842685487,0.0004224999999999,15.376411054713556
0.0019240764925373,0.0018777842685487,0.0004224999999999,15.376411054713556
0.001810895522388,0.0020727842685487,0.0004224999999999,20.806703076966453
0.001810895522388,0.0020727842685487,0.0004224999999999,20.806703076966453
0.0010752192164179,0.0021702842685487,0.0004224999999999,18.01923323792241
0.0010752192164179,0.0021702842685487,0.0004224999999999,18.01923323792241
0.0010752192164179,0.0021702842685487,0.0004224999999999,18.01923323792241
0.0013015811567164,0.0021702842685487,0.0004224999999999,11.619845138314949
0.0013015811567164,0.0021702842685487,0.0004224999999999,11.619845138314949
0.0017543050373134,0.0021702842685487,0.0004224999999999,21.01192179308579
0.0017543050373134,0.0021702842685487,0.0004224999999999,21.01192179308579
0.0014713526119402,0.0022677842685487,0.0004224999999999,17.745903881542752
0.0014713526119402,0.0022677842685487,0.0004224999999999,17.745903881542752
0.0016977145522388,0.0022677842685487,0.0004224999999999,21.842881603339315
0.0016977145522388,0.0022677842685487,0.0004224999999999,21.842881603339315
0.0009337430037313,0.0013415342685487,0.000455,18.70269446750993
0.0009337430037313,0.0013415342685487,0.000455,18.70269446750993
0.0009903334888059,0.0013415342685487,0.000455,15.932324860755552
0.0011601049440298,0.0013415342685487,0.000455,22.84407248046601
0.0013864668843283,0.0013415342685487,0.000455,18.141056794883223
0.0013864668843283,0.0013415342685487,0.000455,18.141056794883223
0.0017826002798507,0.0014390342685487,0.000455,15.179317367667998
0.0017826002798507,0.0014390342685487,0.000455,15.179317367667998
0.0009337430037313,0.0015365342685487,0.000455,23.720546652937948
0.0009337430037313,0.0015365342685487,0.000455,23.720546652937948
0.0009337430037313,0.0016340342685487,0.000455,27.794970308704745
0.0009337430037313,0.0016340342685487,0.000455,27.794970308704745
0.0017826002798507,0.0016340342685487,0.000455,16.85420504810467
0.0017826002798507,0.0016340342685487,0.000455,16.85420504810467
0.0017826002798507,0.0017315342685487,0.000455,18.290013353671192
0.0017826002798507,0.0017315342685487,0.000455,18.290013353671192
0.0009337430037313,0.0018290342685487,0.000455,24.142031343371563
0.0009337430037313,0.0018290342685487,0.000455,24.142031343371563
0.0017826002798507,0.0019265342685487,0.000455,18.64775446779141
0.0017826002798507,0.0019265342685487,0.000455,18.64775446779141
0.0009337430037313,0.0020240342685487,0.000455,24.75250265424537
0.0009337430037313,0.0020240342685487,0.000455,24.75250265424537
0.0011318097014925,0.0012927842685487,0.000455,21.53421906942563
0.0015845335820895,0.0012927842685487,0.000455,20.988929944861123
0.0015845335820895,0.0012927842685487,0.000455,20.988929944861123
0.0019240764925373,0.0014877842685487,0.000455,19.79131648358293
0.001810895522388,0.0016827842685487,0.000455,17.813362279762945
0.001810895522388,0.0016827842685487,0.000455,17.813362279762945
0.001810895522388,0.0020727842685487,0.000455,15.437780590795995
0.0008488572761194,0.0021702842685487,0.000455,19.261883268431983
0.0010752192164179,0.0021702842685487,0.000455,17.683173636081012
0.0010752192164179,0.0021702842685487,0.000455,17.683173636081012
0.0010752192164179,0.0021702842685487,0.000455,17.683173636081012
0.0013015811567164,0.0021702842685487,0.000455,11.938693324980669
0.0013015811567164,0.0021702842685487,0.000455,11.938693324980669
0.0015279430970149,0.0021702842685487,0.000455,16.110409044266255
0.0015279430970149,0.0021702842685487,0.000455,16.110409044266255
0.0017543050373134,0.0021702842685487,0.000455,18.3845695877608
0.0017543050373134,0.0021702842685487,0.000455,18.3845695877608
0.0014713526119402,0.0022677842685487,0.000455,14.96032174189247
0.0014713526119402,0.0022677842685487,0.000455,14.96032174189247
0.0016977145522388,0.0022677842685487,0.000455,17.131304509151683
0.0011884001865671,0.0023652842685487,0.000455,13.201081283959487
0.0009337430037313,0.0013415342685487,0.0004875,21.556208692001423
0.0012732859141791,0.0013415342685487,0.0004875,15.09080989784627
0.0012732859141791,0.0013415342685487,0.0004875,15.09080989784627
0.0013298763992537,0.0013415342685487,0.0004875,18.265073425250296
0.0013298763992537,0.0013415342685487,0.0004875,18.265073425250296
0.0013864668843283,0.0013415342685487,0.0004875,18.068569833107794
0.0013864668843283,0.0013415342685487,0.0004875,18.068569833107794
0.0014430573694029,0.0013415342685487,0.0004875,16.651707219155213
0.0014430573694029,0.0013415342685487,0.0004875,16.651707219155213
0.0015562383395522,0.0013415342685487,0.0004875,23.66941183363404
0.0015562383395522,0.0013415342685487,0.0004875,23.66941183363404
0.0009337430037313,0.0014390342685487,0.0004875,22.88741952028096
0.0009337430037313,0.0014390342685487,0.0004875,22.88741952028096
0.0017826002798507,0.0015365342685487,0.0004875,14.26355775043192
0.0017826002798507,0.0015365342685487,0.0004875,14.26355775043192
0.0009337430037313,0.0016340342685487,0.0004875,24.990858434639964
0.0009337430037313,0.0016340342685487,0.0004875,24.990858434639964
0.0017826002798507,0.0016340342685487,0.0004875,16.22024886961815
0.0017826002798507,0.0016340342685487,0.0004875,16.22024886961815
0.0017826002798507,0.0017315342685487,0.0004875,17.456550393362416
0.0017826002798507,0.0017315342685487,0.0004875,17.456550393362416
0.0017826002798507,0.0018290342685487,0.0004875,13.732954196705208
0.0017826002798507,0.0018290342685487,0.0004875,13.732954196705208
0.0009337430037313,0.0019265342685487,0.0004875,23.689003774230866
0.0009337430037313,0.0019265342685487,0.0004875,23.689003774230866
0.0009337430037313,0.0020240342685487,0.0004875,22.478738894279328
0.0009337430037313,0.0020240342685487,0.0004875,22.478738894279328
0.0017826002798507,0.0020240342685487,0.0004875,21.712569512935666
0.0017826002798507,0.0020240342685487,0.0004875,21.712569512935666
0.0017826002798507,0.0021215342685487,0.0004875,16.64949986599627
0.001810895522388,0.0012927842685487,0.0004875,17.473620976128
0.001810895522388,0.0012927842685487,0.0004875,17.473620976128
0.001810895522388,0.0016827842685487,0.0004875,15.656657925373478
0.001810895522388,0.0016827842685487,0.0004875,15.656657925373478
0.0008488572761194,0.0017802842685487,0.0004875,22.30405607285521
0.0008488572761194,0.0021702842685487,0.0004875,16.330814876204325
0.0010752192164179,0.0021702842685487,0.0004875,18.2049210889837
0.0010752192164179,0.0021702842685487,0.0004875,18.2049210889837
0.0010752192164179,0.0021702842685487,0.0004875,18.2049210889837
0.0013015811567164,0.0021702842685487,0.0004875,11.55799702045156
0.0013015811567164,0.0021702842685487,0.0004875,11.55799702045156
0.0015279430970149,0.0021702842685487,0.0004875,15.083645394105982
0.0015279430970149,0.0021702842685487,0.0004875,15.083645394105982
0.0016411240671641,0.0021702842685487,0.0004875,17.64283784594723
0.0016411240671641,0.0021702842685487,0.0004875,17.64283784594723
0.0017543050373134,0.0021702842685487,0.0004875,17.810558705099737
0.0017543050373134,0.0021702842685487,0.0004875,17.810558705099737
0.0014713526119402,0.0022677842685487,0.0004875,17.208285031332508
0.0014713526119402,0.0022677842685487,0.0004875,17.208285031332508
0.0009903334888059,0.0013415342685487,0.00052,23.539733183118862
0.0009903334888059,0.0013415342685487,0.00052,23.539733183118862
0.0010469239738805,0.0013415342685487,0.00052,30.25463665096325
0.0014430573694029,0.0013415342685487,0.00052,23.84886223694833
0.0014430573694029,0.0013415342685487,0.00052,23.84886223694833
0.0016128288246268,0.0013415342685487,0.00052,22.583456618271608
0.0016128288246268,0.0013415342685487,0.00052,22.583456618271608
0.0017260097947761,0.0013415342685487,0.00052,15.221888828243
0.0017260097947761,0.0013415342685487,0.00052,15.221888828243
0.0017826002798507,0.0013415342685487,0.00052,15.678250664517606
0.0017826002798507,0.0013415342685487,0.00052,15.678250664517606
0.0009337430037313,0.0014390342685487,0.00052,24.661376563606492
0.0009337430037313,0.0014390342685487,0.00052,24.661376563606492
0.0017826002798507,0.0014390342685487,0.00052,13.927965877364857
0.0017826002798507,0.0014390342685487,0.00052,13.927965877364857
0.0017826002798507,0.0015365342685487,0.00052,17.455298012155115
0.0017826002798507,0.0015365342685487,0.00052,17.455298012155115
0.0017826002798507,0.0018290342685487,0.00052,15.05382626881912
0.0017826002798507,0.0018290342685487,0.00052,15.05382626881912
0.0017826002798507,0.0019265342685487,0.00052,14.61305733072516
0.0017826002798507,0.0019265342685487,0.00052,14.61305733072516
0.0009337430037313,0.0020240342685487,0.00052,21.740266088771623
0.0009337430037313,0.0020240342685487,0.00052,21.740266088771623
0.0017826002798507,0.0020240342685487,0.00052,27.105442185566357
0.0009337430037313,0.0021215342685487,0.00052,17.458838934385373
0.0009337430037313,0.0021215342685487,0.00052,17.458838934385373
0.001358171641791,0.0012927842685487,0.00052,18.424660187349104
0.001358171641791,0.0012927842685487,0.00052,18.424660187349104
0.0015845335820895,0.0012927842685487,0.00052,21.918635465401973
0.0015845335820895,0.0012927842685487,0.00052,21.918635465401973
0.001810895522388,0.0016827842685487,0.00052,20.70159618580861
0.001810895522388,0.0016827842685487,0.00052,20.70159618580861
0.0010752192164179,0.0021702842685487,0.00052,31.55776020977144
0.0010752192164179,0.0021702842685487,0.00052,31.55776020977144
0.0016411240671641,0.0021702842685487,0.00052,17.362188422088906
0.0016411240671641,0.0021702842685487,0.00052,17.362188422088906
0.0014713526119402,0.0022677842685487,0.00052,15.967212199925171
0.0014713526119402,0.0022677842685487,0.00052,15.967212199925171
0.0011035144589552,0.0013415342685487,0.0005524999999999,26.01508191014024
0.0012732859141791,0.0013415342685487,0.0005524999999999,22.28521479876947
0.0012732859141791,0.0013415342685487,0.0005524999999999,22.28521479876947
0.0013864668843283,0.0013415342685487,0.0005524999999999,21.18627072092644
0.0014996478544776,0.0013415342685487,0.0005524999999999,25.881713074718803
0.0014996478544776,0.0013415342685487,0.0005524999999999,25.881713074718803
0.0016128288246268,0.0013415342685487,0.0005524999999999,23.068198196736823
0.0016128288246268,0.0013415342685487,0.0005524999999999,23.068198196736823
0.0017826002798507,0.0013415342685487,0.0005524999999999,16.334242037437285
0.0017826002798507,0.0013415342685487,0.0005524999999999,16.334242037437285
0.0009337430037313,0.0014390342685487,0.0005524999999999,21.313662990355542
0.0009337430037313,0.0014390342685487,0.0005524999999999,21.313662990355542
0.0017826002798507,0.0015365342685487,0.0005524999999999,17.700555870759022
0.0017826002798507,0.0015365342685487,0.0005524999999999,17.700555870759022
0.0009337430037313,0.0016340342685487,0.0005524999999999,25.17927963640333
0.0009337430037313,0.0016340342685487,0.0005524999999999,25.17927963640333
0.0017826002798507,0.0016340342685487,0.0005524999999999,20.819435756236228
0.0017826002798507,0.0016340342685487,0.0005524999999999,20.819435756236228
0.0009337430037313,0.0017315342685487,0.0005524999999999,24.213387242181845
0.0009337430037313,0.0017315342685487,0.0005524999999999,24.213387242181845
0.0017826002798507,0.0017315342685487,0.0005524999999999,25.709563031357547
0.0017826002798507,0.0017315342685487,0.0005524999999999,25.709563031357547
0.0009337430037313,0.0019265342685487,0.0005524999999999,23.90297457028
0.0009337430037313,0.0019265342685487,0.0005524999999999,23.90297457028
0.0017826002798507,0.0019265342685487,0.0005524999999999,15.026054922217316
0.0017826002798507,0.0019265342685487,0.0005524999999999,15.026054922217316
0.0017826002798507,0.0020240342685487,0.0005524999999999,22.909578734241453
0.0017826002798507,0.0020240342685487,0.0005524999999999,22.909578734241453
0.0009337430037313,0.0021215342685487,0.0005524999999999,23.7878362066705
0.0009337430037313,0.0021215342685487,0.0005524999999999,23.7878362066705
0.0017826002798507,0.0021215342685487,0.0005524999999999,20.30316468457382
0.001358171641791,0.0012927842685487,0.0005524999999999,20.113699149057744
0.001810895522388,0.0016827842685487,0.0005524999999999,21.69167219833639
0.001810895522388,0.0016827842685487,0.0005524999999999,21.69167219833639
0.0008488572761194,0.0017802842685487,0.0005524999999999,24.735240119198195
0.0008488572761194,0.0017802842685487,0.0005524999999999,24.735240119198195
0.0014147621268656,0.0021702842685487,0.0005524999999999,16.21345842935571
0.0014147621268656,0.0021702842685487,0.0005524999999999,16.21345842935571
0.0016411240671641,0.0021702842685487,0.0005524999999999,17.057024074245458
0.0016411240671641,0.0021702842685487,0.0005524999999999,17.057024074245458
0.0016977145522388,0.0022677842685487,0.0005524999999999,22.14546892098646
0.0009903334888059,0.0013415342685487,0.000585,17.139593593278544
0.0009903334888059,0.0013415342685487,0.000585,17.139593593278544
0.0012166954291044,0.0013415342685487,0.000585,23.282497366560225
0.0013298763992537,0.0013415342685487,0.000585,22.251225002492937
0.0013298763992537,0.0013415342685487,0.000585,22.251225002492937
0.0013864668843283,0.0013415342685487,0.000585,21.73242096933229
0.0014430573694029,0.0013415342685487,0.000585,31.391964170524325
0.0014430573694029,0.0013415342685487,0.000585,31.391964170524325
0.0017260097947761,0.0013415342685487,0.000585,15.66229874156549
0.0017260097947761,0.0013415342685487,0.000585,15.66229874156549
0.0017826002798507,0.0013415342685487,0.000585,17.868541705848102
0.0017826002798507,0.0013415342685487,0.000585,17.868541705848102
0.0017826002798507,0.0014390342685487,0.000585,18.829171382187777
0.0017826002798507,0.0014390342685487,0.000585,18.829171382187777
0.0009337430037313,0.0015365342685487,0.000585,22.82020621030136
0.0009337430037313,0.0015365342685487,0.000585,22.82020621030136
0.0009337430037313,0.0016340342685487,0.000585,25.48662693457785
0.0009337430037313,0.0016340342685487,0.000585,25.48662693457785
0.0017826002798507,0.0016340342685487,0.000585,20.93818485717672
0.0017826002798507,0.0016340342685487,0.000585,20.93818485717672
0.0009337430037313,0.0017315342685487,0.000585,25.06451613170073
0.0009337430037313,0.0017315342685487,0.000585,25.06451613170073
0.0017826002798507,0.0017315342685487,0.000585,20.32654023877365
0.0017826002798507,0.0018290342685487,0.000585,14.181533115281155
0.0017826002798507,0.0018290342685487,0.000585,14.181533115281155
0.0009337430037313,0.0019265342685487,0.000585,23.817848323720614
0.0009337430037313,0.0019265342685487,0.000585,23.817848323720614
0.0017826002798507,0.0019265342685487,0.000585,15.004025655234845
0.0017826002798507,0.0019265342685487,0.000585,15.004025655234845
0.0009337430037313,0.0020240342685487,0.000585,23.873411296366573
0.0009337430037313,0.0020240342685487,0.000585,23.873411296366573
0.0017826002798507,0.0020240342685487,0.000585,18.915158015088608
0.0017826002798507,0.0020240342685487,0.000585,18.915158015088608
0.0009337430037313,0.0021215342685487,0.000585,25.99868474101449
0.0009337430037313,0.0021215342685487,0.000585,25.99868474101449
0.0010752192164179,0.0021702842685487,0.000585,20.713910819698597
0.0010752192164179,0.0021702842685487,0.000585,20.713910819698597
0.0010752192164179,0.0021702842685487,0.000585,20.713910819698597
0.0014147621268656,0.0021702842685487,0.000585,16.381436006888485
0.0014147621268656,0.0021702842685487,0.000585,16.381436006888485
0.0015279430970149,0.0021702842685487,0.000585,17.130078238602795
0.0015279430970149,0.0021702842685487,0.000585,17.130078238602795
0.0016411240671641,0.0021702842685487,0.000585,16.946912058118844
0.0016411240671641,0.0021702842685487,0.000585,16.946912058118844
0.0017543050373134,0.0021702842685487,0.000585,16.250278598366553
0.0014713526119402,0.0022677842685487,0.000585,20.80817480495114
0.0014713526119402,0.0022677842685487,0.000585,20.80817480495114
0.0010469239738805,0.0013415342685487,0.0006175,17.169708895646682
0.0010469239738805,0.0013415342685487,0.0006175,17.169708895646682
0.0011601049440298,0.0013415342685487,0.0006175,22.69959680109144
0.0013864668843283,0.0013415342685487,0.0006175,23.565431820013853
0.0013864668843283,0.0013415342685487,0.0006175,23.565431820013853
0.0016128288246268,0.0013415342685487,0.0006175,25.06492329464776
0.0017260097947761,0.0013415342685487,0.0006175,20.53555396316885
0.0017826002798507,0.0014390342685487,0.0006175,19.59809126905288
0.0017826002798507,0.0014390342685487,0.0006175,19.59809126905288
0.0009337430037313,0.0015365342685487,0.0006175,22.43716094874819
0.0009337430037313,0.0015365342685487,0.0006175,22.43716094874819
0.0017826002798507,0.0015365342685487,0.0006175,20.980790943333727
0.0017826002798507,0.0015365342685487,0.0006175,20.980790943333727
0.0009337430037313,0.0016340342685487,0.0006175,24.94531957814907
0.0009337430037313,0.0016340342685487,0.0006175,24.94531957814907
0.0017826002798507,0.0016340342685487,0.0006175,20.975411602433333
0.0017826002798507,0.0016340342685487,0.0006175,20.975411602433333
0.0017826002798507,0.0017315342685487,0.0006175,20.509962867226893
0.0017826002798507,0.0017315342685487,0.0006175,20.509962867226893
0.0009337430037313,0.0018290342685487,0.0006175,24.10378636179781
0.0009337430037313,0.0018290342685487,0.0006175,24.10378636179781
0.0009337430037313,0.0019265342685487,0.0006175,23.586637218942137
0.0009337430037313,0.0019265342685487,0.0006175,23.586637218942137
0.0009337430037313,0.0020240342685487,0.0006175,30.00107002782181
0.0017826002798507,0.0020240342685487,0.0006175,18.94431723422709
0.0017826002798507,0.0020240342685487,0.0006175,18.94431723422709
0.0009337430037313,0.0021215342685487,0.0006175,27.242747320396987
0.0009337430037313,0.0021215342685487,0.0006175,27.242747320396987
0.0011318097014925,0.0012927842685487,0.0006175,23.80257761775911
0.0015845335820895,0.0012927842685487,0.0006175,21.84391464196201
0.001810895522388,0.0012927842685487,0.0006175,18.39695666944809
0.0019240764925373,0.0014877842685487,0.0006175,21.68079954866202
0.0008488572761194,0.0017802842685487,0.0006175,23.959384332426374
0.0010752192164179,0.0021702842685487,0.0006175,21.041510158890432
0.0010752192164179,0.0021702842685487,0.0006175,21.041510158890432
0.0010752192164179,0.0021702842685487,0.0006175,21.041510158890432
0.0015279430970149,0.0021702842685487,0.0006175,17.21709050312397
0.0015279430970149,0.0021702842685487,0.0006175,17.21709050312397
0.0016411240671641,0.0021702842685487,0.0006175,17.3633636536683
0.0016411240671641,0.0021702842685487,0.0006175,17.3633636536683
0.0012166954291044,0.0013415342685487,0.00065,23.39454301581045
0.0013298763992537,0.0013415342685487,0.00065,24.18274337318377
0.0013298763992537,0.0013415342685487,0.00065,24.18274337318377
0.0013864668843283,0.0013415342685487,0.00065,24.42940052596644
0.0016694193097014,0.0013415342685487,0.00065,22.418897912393888
0.0017826002798507,0.0013415342685487,0.00065,22.89650138982575
0.0017826002798507,0.0013415342685487,0.00065,22.89650138982575
0.0009337430037313,0.0014390342685487,0.00065,21.254058866285053
0.0009337430037313,0.0014390342685487,0.00065,21.254058866285053
0.0017826002798507,0.0014390342685487,0.00065,23.906122989951054
0.0017826002798507,0.0014390342685487,0.00065,23.906122989951054
0.0009337430037313,0.0015365342685487,0.00065,22.333558070822704
0.0009337430037313,0.0015365342685487,0.00065,22.333558070822704
0.0017826002798507,0.0015365342685487,0.00065,22.698211441372187
0.0017826002798507,0.0015365342685487,0.00065,22.698211441372187
0.0009337430037313,0.0016340342685487,0.00065,25.306596024667968
0.0009337430037313,0.0016340342685487,0.00065,25.306596024667968
0.0017826002798507,0.0016340342685487,0.00065,21.94135055499686
0.0017826002798507,0.0018290342685487,0.00065,18.8280302574486
0.0017826002798507,0.0018290342685487,0.00065,18.8280302574486
0.0017826002798507,0.0020240342685487,0.00065,16.524206958152398
0.0017826002798507,0.0020240342685487,0.00065,16.524206958152398
0.0009337430037313,0.0021215342685487,0.00065,27.466036796645238
0.0017826002798507,0.0021215342685487,0.00065,15.689423763035077
0.0011318097014925,0.0012927842685487,0.00065,18.679406906469445
0.0015845335820895,0.0012927842685487,0.00065,24.87259548330657
0.001810895522388,0.0020727842685487,0.00065,16.34833614664568
0.0010752192164179,0.0021702842685487,0.00065,19.54885575009467
0.0010752192164179,0.0021702842685487,0.00065,19.54885575009467
0.0013015811567164,0.0021702842685487,0.00065,19.903044971918604
0.0013015811567164,0.0021702842685487,0.00065,19.903044971918604
0.0015279430970149,0.0021702842685487,0.00065,19.122184567308253
0.0015279430970149,0.0021702842685487,0.00065,19.122184567308253
0.0016411240671641,0.0021702842685487,0.00065,17.365787279720845
0.0016411240671641,0.0021702842685487,0.00065,17.365787279720845
0.0014713526119402,0.0022677842685487,0.00065,21.75242548794841
0.0014713526119402,0.0022677842685487,0.00065,21.75242548794841
0.0009337430037313,0.0013415342685487,0.0006825,15.66674289058254
0.0010469239738805,0.0013415342685487,0.0006825,22.169426547881063
0.0010469239738805,0.0013415342685487,0.0006825,22.169426547881063
0.0012166954291044,0.0013415342685487,0.0006825,23.47178967390041
0.0013298763992537,0.0013415342685487,0.0006825,24.49802909371088
0.0014430573694029,0.0013415342685487,0.0006825,27.35373564708805
0.0016128288246268,0.0013415342685487,0.0006825,27.36202911750675
0.0009337430037313,0.0014390342685487,0.0006825,20.416796782769797
0.0009337430037313,0.0014390342685487,0.0006825,20.416796782769797
0.0017826002798507,0.0014390342685487,0.0006825,24.959442919268856
0.0017826002798507,0.0014390342685487,0.0006825,24.959442919268856
0.0009337430037313,0.0015365342685487,0.0006825,21.798343399907584
0.0009337430037313,0.0015365342685487,0.0006825,21.798343399907584
0.0017826002798507,0.0015365342685487,0.0006825,24.16040121025355
0.0017826002798507,0.0015365342685487,0.0006825,24.16040121025355
0.0009337430037313,0.0016340342685487,0.0006825,24.404134372729683
0.0009337430037313,0.0016340342685487,0.0006825,24.404134372729683
0.0009337430037313,0.0017315342685487,0.0006825,26.01868649694376
0.0017826002798507,0.0017315342685487,0.0006825,22.54603851380373
0.0017826002798507,0.0018290342685487,0.0006825,19.71304228913557
0.0017826002798507,0.0018290342685487,0.0006825,19.71304228913557
0.0009337430037313,0.0019265342685487,0.0006825,24.258856343107603
0.0009337430037313,0.0019265342685487,0.0006825,24.258856343107603
0.0017826002798507,0.0020240342685487,0.0006825,15.778233518727092
0.0009337430037313,0.0021215342685487,0.0006825,32.157621671358044
0.0010752192164179,0.0021702842685487,0.0006825,22.479903461105312
0.0010752192164179,0.0021702842685487,0.0006825,22.479903461105312
0.0016411240671641,0.0021702842685487,0.0006825,18.195642776292853
0.0016411240671641,0.0021702842685487,0.0006825,18.195642776292853
0.0017543050373134,0.0021702842685487,0.0006825,14.81817377083654
0.0014713526119402,0.0022677842685487,0.0006825,21.04630861388236
0.0014713526119402,0.0022677842685487,0.0006825,21.04630861388236
0.0009620382462686,0.0023652842685487,0.0006825,19.66433918093838
0.0009903334888059,0.0013415342685487,0.0007149999999999,20.245676189091427
0.0009903334888059,0.0013415342685487,0.0007149999999999,20.245676189091427
0.0010469239738805,0.0013415342685487,0.0007149999999999,21.404089340494924
0.0010469239738805,0.0013415342685487,0.0007149999999999,21.404089340494924
0.0012166954291044,0.0013415342685487,0.0007149999999999,23.73928278981856
0.0012732859141791,0.0013415342685487,0.0007149999999999,23.669914140335877
0.0012732859141791,0.0013415342685487,0.0007149999999999,23.669914140335877
0.0015562383395522,0.0013415342685487,0.0007149999999999,27.56010621015809
0.0015562383395522,0.0013415342685487,0.0007149999999999,27.56010621015809
0.0016128288246268,0.0013415342685487,0.0007149999999999,27.29855396545039
0.0009337430037313,0.0014390342685487,0.0007149999999999,20.34268865621934
0.0009337430037313,0.0014390342685487,0.0007149999999999,20.34268865621934
0.0017826002798507,0.0014390342685487,0.0007149999999999,28.76382205375296
0.0017826002798507,0.0014390342685487,0.0007149999999999,28.76382205375296
0.0009337430037313,0.0015365342685487,0.0007149999999999,21.68059585477716
0.0017826002798507,0.0015365342685487,0.0007149999999999,30.911680650433
0.0017826002798507,0.0015365342685487,0.0007149999999999,30.911680650433
0.0017826002798507,0.0016340342685487,0.0007149999999999,24.51298963786805
0.0009337430037313,0.0017315342685487,0.0007149999999999,25.17461104006669
0.0009337430037313,0.0017315342685487,0.0007149999999999,25.17461104006669
0.0017826002798507,0.0017315342685487,0.0007149999999999,23.42175709058766
0.0017826002798507,0.0017315342685487,0.0007149999999999,23.42175709058766
0.0009337430037313,0.0019265342685487,0.0007149999999999,24.46474120768174
0.0009337430037313,0.0019265342685487,0.0007149999999999,24.46474120768174
0.0017826002798507,0.0019265342685487,0.0007149999999999,22.67558781103131
0.0017826002798507,0.0019265342685487,0.0007149999999999,22.67558781103131
0.0009337430037313,0.0020240342685487,0.0007149999999999,30.20512630843755
0.0017826002798507,0.0020240342685487,0.0007149999999999,18.608959800857576
0.0017826002798507,0.0020240342685487,0.0007149999999999,18.608959800857576
0.0017826002798507,0.0021215342685487,0.0007149999999999,16.821133170326902
0.001358171641791,0.0012927842685487,0.0007149999999999,25.392166767928515
0.0015845335820895,0.0012927842685487,0.0007149999999999,27.924115994182017
0.0019240764925373,0.0014877842685487,0.0007149999999999,26.7944588890661
0.001810895522388,0.0016827842685487,0.0007149999999999,24.003723918550637
0.0010752192164179,0.0021702842685487,0.0007149999999999,23.957414672589216
0.0010752192164179,0.0021702842685487,0.0007149999999999,23.957414672589216
0.0010752192164179,0.0021702842685487,0.0007149999999999,23.957414672589216
0.0013015811567164,0.0021702842685487,0.0007149999999999,19.76375551271805
0.0013015811567164,0.0021702842685487,0.0007149999999999,19.76375551271805
0.0014147621268656,0.0021702842685487,0.0007149999999999,14.955955196267096
0.0014147621268656,0.0021702842685487,0.0007149999999999,14.955955196267096
0.0015279430970149,0.0021702842685487,0.0007149999999999,18.828714510716136
0.0015279430970149,0.0021702842685487,0.0007149999999999,18.828714510716136
0.0016411240671641,0.0021702842685487,0.0007149999999999,18.394447682283808
0.0016411240671641,0.0021702842685487,0.0007149999999999,18.394447682283808
0.0014713526119402,0.0022677842685487,0.0007149999999999,19.02499937553303
0.0014713526119402,0.0022677842685487,0.0007149999999999,19.02499937553303
0.0009337430037313,0.0013415342685487,0.0007475,15.977625802272488
0.0012166954291044,0.0013415342685487,0.0007475,23.82517572982026
0.0013298763992537,0.0013415342685487,0.0007475,25.612248028709057
0.0014430573694029,0.0013415342685487,0.0007475,27.88504783365665
0.0014996478544776,0.0013415342685487,0.0007475,31.09767866800141
0.0009337430037313,0.0014390342685487,0.0007475,19.63321329984564
0.0009337430037313,0.0014390342685487,0.0007475,19.63321329984564
0.0009337430037313,0.0015365342685487,0.0007475,20.86258102449605
0.0009337430037313,0.0015365342685487,0.0007475,20.86258102449605
0.0017826002798507,0.0016340342685487,0.0007475,24.649129451309346
0.0017826002798507,0.0016340342685487,0.0007475,24.649129451309346
0.0009337430037313,0.0017315342685487,0.0007475,23.888826133076588
0.0017826002798507,0.0017315342685487,0.0007475,23.900993127214846
0.0017826002798507,0.0017315342685487,0.0007475,23.900993127214846
0.0009337430037313,0.0018290342685487,0.0007475,24.75632691813999
0.0017826002798507,0.0018290342685487,0.0007475,24.60133885375665
0.0017826002798507,0.0018290342685487,0.0007475,24.60133885375665
0.0009337430037313,0.0019265342685487,0.0007475,25.40819856099005
0.0017826002798507,0.0019265342685487,0.0007475,24.45261816226864
0.0017826002798507,0.0019265342685487,0.0007475,24.45261816226864
0.0017826002798507,0.0020240342685487,0.0007475,19.24278424113248
0.0017826002798507,0.0020240342685487,0.0007475,19.24278424113248
0.0009337430037313,0.0021215342685487,0.0007475,26.60063185934843
0.0009337430037313,0.0021215342685487,0.0007475,26.60063185934843
0.0013015811567164,0.0021702842685487,0.0007475,19.64094050122381
0.0013015811567164,0.0021702842685487,0.0007475,19.64094050122381
0.0014147621268656,0.0021702842685487,0.0007475,17.79122663720287
0.0014147621268656,0.0021702842685487,0.0007475,17.79122663720287
0.0015279430970149,0.0021702842685487,0.0007475,19.047744938607572
0.0015279430970149,0.0021702842685487,0.0007475,19.047744938607572
0.0016411240671641,0.0021702842685487,0.0007475,19.499312389359638
0.0016411240671641,0.0021702842685487,0.0007475,19.499312389359638
0.0009337430037313,0.0013415342685487,0.00078,15.827638455628128
0.0009903334888059,0.0013415342685487,0.00078,18.898657444935147
0.0009903334888059,0.0013415342685487,0.00078,18.898657444935147
0.0011601049440298,0.0013415342685487,0.00078,22.033615195656164
0.0011601049440298,0.0013415342685487,0.00078,22.033615195656164
0.0012166954291044,0.0013415342685487,0.00078,23.746122869350973
0.0017260097947761,0.0013415342685487,0.00078,27.301567170895044
0.0017826002798507,0.0013415342685487,0.00078,28.12514487447321
0.0009337430037313,0.0014390342685487,0.00078,19.5853347488622
0.0009337430037313,0.0014390342685487,0.00078,19.5853347488622
0.0009337430037313,0.0015365342685487,0.00078,20.942490914860787
0.0009337430037313,0.0015365342685487,0.00078,20.942490914860787
0.0009337430037313,0.0016340342685487,0.00078,23.198049107551338
0.0009337430037313,0.0016340342685487,0.00078,23.198049107551338
0.0017826002798507,0.0016340342685487,0.00078,25.20204654923525
0.0017826002798507,0.0016340342685487,0.00078,25.20204654923525
0.0009337430037313,0.0017315342685487,0.00078,23.557287764557294
0.0009337430037313,0.0017315342685487,0.00078,23.557287764557294
0.0017826002798507,0.0018290342685487,0.00078,23.991045951880057
0.0017826002798507,0.0018290342685487,0.00078,23.991045951880057
0.0017826002798507,0.0019265342685487,0.00078,25.725941801192523
0.0009337430037313,0.0020240342685487,0.00078,30.299905124082557
0.0009337430037313,0.0020240342685487,0.00078,30.299905124082557
0.0017826002798507,0.0020240342685487,0.00078,15.760859330603212
0.0015845335820895,0.0012927842685487,0.00078,27.97623125712607
0.0010752192164179,0.0021702842685487,0.00078,23.87809672742354
0.0010752192164179,0.0021702842685487,0.00078,23.87809672742354
0.0010752192164179,0.0021702842685487,0.00078,23.87809672742354
0.0013015811567164,0.0021702842685487,0.00078,20.10649760868996
0.0013015811567164,0.0021702842685487,0.00078,20.10649760868996
0.0014147621268656,0.0021702842685487,0.00078,18.62652017195038
0.0014147621268656,0.0021702842685487,0.00078,18.62652017195038
0.0015279430970149,0.0021702842685487,0.00078,19.761644739907464
0.0015279430970149,0.0021702842685487,0.00078,19.761644739907464
0.0016411240671641,0.0021702842685487,0.00078,19.65699068405969
0.0016411240671641,0.0021702842685487,0.00078,19.65699068405969
0.0014713526119402,0.0022677842685487,0.00078,19.89039119434912
0.0009903334888059,0.0013415342685487,0.0008125,18.49894966544265
0.0009903334888059,0.0013415342685487,0.0008125,18.49894966544265
0.0011035144589552,0.0013415342685487,0.0008125,22.197241581654943
0.0013298763992537,0.0013415342685487,0.0008125,25.63943795073293
0.0013298763992537,0.0013415342685487,0.0008125,25.63943795073293
0.0017826002798507,0.0013415342685487,0.0008125,27.811472999996123
0.0009337430037313,0.0014390342685487,0.0008125,19.641066050873107
0.0009337430037313,0.0014390342685487,0.0008125,19.641066050873107
0.0017826002798507,0.0015365342685487,0.0008125,28.91614595636472
0.0017826002798507,0.0015365342685487,0.0008125,28.91614595636472
0.0009337430037313,0.0016340342685487,0.0008125,22.33288791956325
0.0017826002798507,0.0016340342685487,0.0008125,25.350069775750264
0.0017826002798507,0.0016340342685487,0.0008125,25.350069775750264
0.0017826002798507,0.0017315342685487,0.0008125,25.148728612271675
0.0009337430037313,0.0018290342685487,0.0008125,25.1606844750942
0.0017826002798507,0.0019265342685487,0.0008125,28.243711565038694
0.0017826002798507,0.0019265342685487,0.0008125,28.243711565038694
0.0017826002798507,0.0020240342685487,0.0008125,15.580493307230356
0.0009337430037313,0.0021215342685487,0.0008125,24.856195348344603
0.0017826002798507,0.0021215342685487,0.0008125,18.228053524456936
0.001358171641791,0.0012927842685487,0.0008125,26.05992864296221
0.0008488572761194,0.0017802842685487,0.0008125,24.95647551035976
0.0010752192164179,0.0021702842685487,0.0008125,27.31195540687182
0.0010752192164179,0.0021702842685487,0.0008125,27.31195540687182
0.0010752192164179,0.0021702842685487,0.0008125,27.31195540687182
0.0013015811567164,0.0021702842685487,0.0008125,20.08458900024442
0.0013015811567164,0.0021702842685487,0.0008125,20.08458900024442
0.0014147621268656,0.0021702842685487,0.0008125,20.433866886784525
0.0014147621268656,0.0021702842685487,0.0008125,20.433866886784525
0.0016411240671641,0.0021702842685487,0.0008125,20.083576341073087
0.0014713526119402,0.0022677842685487,0.0008125,20.471282539282992
0.0009620382462686,0.0023652842685487,0.0008125,23.093736630600525
0.0009337430037313,0.0013415342685487,0.0008449999999999,16.578046336985793
0.0009903334888059,0.0013415342685487,0.0008449999999999,20.05228197881364
0.0013864668843283,0.0013415342685487,0.0008449999999999,25.5801659307347
0.0014996478544776,0.0013415342685487,0.0008449999999999,29.78630148230769
0.0014996478544776,0.0013415342685487,0.0008449999999999,29.78630148230769
0.0017260097947761,0.0013415342685487,0.0008449999999999,27.27869716811005
0.0017826002798507,0.0013415342685487,0.0008449999999999,29.010617449866213
0.0009337430037313,0.0014390342685487,0.0008449999999999,19.5479632090528
0.0009337430037313,0.0015365342685487,0.0008449999999999,20.92682501402225
0.0009337430037313,0.0016340342685487,0.0008449999999999,22.40859200623625
0.0017826002798507,0.0016340342685487,0.0008449999999999,25.632794967300747
0.0009337430037313,0.0018290342685487,0.0008449999999999,25.250449646179256
0.0017826002798507,0.0018290342685487,0.0008449999999999,24.575382243818407
0.0017826002798507,0.0018290342685487,0.0008449999999999,24.575382243818407
0.0017826002798507,0.0019265342685487,0.0008449999999999,25.05284974164848
0.0017826002798507,0.0019265342685487,0.0008449999999999,25.05284974164848
0.0009337430037313,0.0020240342685487,0.0008449999999999,25.367792177042
0.0017826002798507,0.0020240342685487,0.0008449999999999,19.910799189338697
0.0017826002798507,0.0020240342685487,0.0008449999999999,19.910799189338697
0.001358171641791,0.0012927842685487,0.0008449999999999,25.466589446946244
0.001810895522388,0.0016827842685487,0.0008449999999999,25.46266024315769
0.001810895522388,0.0020727842685487,0.0008449999999999,19.11561416876025
0.0010752192164179,0.0021702842685487,0.0008449999999999,25.982600968988937
0.0010752192164179,0.0021702842685487,0.0008449999999999,25.982600968988937
0.0010752192164179,0.0021702842685487,0.0008449999999999,25.982600968988937
0.0014147621268656,0.0021702842685487,0.0008449999999999,20.45876260754192
0.0014147621268656,0.0021702842685487,0.0008449999999999,20.45876260754192
0.0015279430970149,0.0021702842685487,0.0008449999999999,20.812935821007944
0.0015279430970149,0.0021702842685487,0.0008449999999999,20.812935821007944
0.0017543050373134,0.0021702842685487,0.0008449999999999,19.659251056304644
0.0009903334888059,0.0013415342685487,0.0008774999999999,20.142548045208237
0.0011035144589552,0.0013415342685487,0.0008774999999999,22.378459406942454
0.0013864668843283,0.0013415342685487,0.0008774999999999,25.73852248691037
0.0014430573694029,0.0013415342685487,0.0008774999999999,28.9376427979734
0.0014996478544776,0.0013415342685487,0.0008774999999999,27.83890341944289
0.0015562383395522,0.0013415342685487,0.0008774999999999,29.03687922275788
0.0009337430037313,0.0014390342685487,0.0008774999999999,19.49996747084325
0.0009337430037313,0.0014390342685487,0.0008774999999999,19.49996747084325
0.0017826002798507,0.0014390342685487,0.0008774999999999,28.8697098035324
0.0017826002798507,0.0014390342685487,0.0008774999999999,28.8697098035324
0.0017826002798507,0.0015365342685487,0.0008774999999999,30.11958275273318
0.0017826002798507,0.0015365342685487,0.0008774999999999,30.11958275273318
0.0017826002798507,0.0017315342685487,0.0008774999999999,24.48944023765213
0.0017826002798507,0.0018290342685487,0.0008774999999999,24.34620740972803
0.0009337430037313,0.0019265342685487,0.0008774999999999,24.793502416392048
0.0009337430037313,0.0019265342685487,0.0008774999999999,24.793502416392048
0.0017826002798507,0.0019265342685487,0.0008774999999999,24.22079303708547
0.0009337430037313,0.0020240342685487,0.0008774999999999,24.247947393559876
0.0017826002798507,0.0020240342685487,0.0008774999999999,19.76185193892941
0.001810895522388,0.0016827842685487,0.0008774999999999,24.890141627425574
0.0010752192164179,0.0021702842685487,0.0008774999999999,23.416370620297247
0.0010752192164179,0.0021702842685487,0.0008774999999999,23.416370620297247
0.0010752192164179,0.0021702842685487,0.0008774999999999,23.416370620297247
0.0013015811567164,0.0021702842685487,0.0008774999999999,16.729547379385533
0.0013015811567164,0.0021702842685487,0.0008774999999999,16.729547379385533
0.0014147621268656,0.0021702842685487,0.0008774999999999,20.70615890459424
0.0014147621268656,0.0021702842685487,0.0008774999999999,20.70615890459424
0.0015279430970149,0.0021702842685487,0.0008774999999999,20.826013919134045
0.0009903334888059,0.0013415342685487,0.00091,20.853311294470814
0.0011601049440298,0.0013415342685487,0.00091,23.19715042356444
0.0014430573694029,0.0013415342685487,0.00091,26.95931566006517
0.0014996478544776,0.0013415342685487,0.00091,27.12794449556787
0.0014996478544776,0.0013415342685487,0.00091,27.12794449556787
0.0016694193097014,0.0013415342685487,0.00091,28.43380346336209
0.0017826002798507,0.0013415342685487,0.00091,28.06618484784964
0.0017826002798507,0.0013415342685487,0.00091,28.06618484784964
0.0017826002798507,0.0014390342685487,0.00091,27.584616910222525
0.0017826002798507,0.0014390342685487,0.00091,27.584616910222525
0.0009337430037313,0.0015365342685487,0.00091,20.420761388895
0.0017826002798507,0.0015365342685487,0.00091,27.076397809714425
0.0017826002798507,0.0015365342685487,0.00091,27.076397809714425
0.0009337430037313,0.0017315342685487,0.00091,22.943507990459214
0.0017826002798507,0.0017315342685487,0.00091,24.287618651470083
0.0017826002798507,0.0017315342685487,0.00091,24.287618651470083
0.0017826002798507,0.0018290342685487,0.00091,23.134534659736435
0.0009337430037313,0.0019265342685487,0.00091,24.73052452095914
0.0017826002798507,0.0019265342685487,0.00091,22.34951457373508
0.0009337430037313,0.0020240342685487,0.00091,24.187941769568027
0.0009337430037313,0.0021215342685487,0.00091,23.699613780865253
0.000905447761194,0.0012927842685487,0.00091,17.056045831413623
0.001810895522388,0.0020727842685487,0.00091,18.68521319363037
0.001810895522388,0.0020727842685487,0.00091,18.68521319363037
0.0010752192164179,0.0021702842685487,0.00091,22.749887725332567
0.0010752192164179,0.0021702842685487,0.00091,22.749887725332567
0.0010752192164179,0.0021702842685487,0.00091,22.749887725332567
0.0014147621268656,0.0021702842685487,0.00091,20.68265784982491
0.0014147621268656,0.0021702842685487,0.00091,20.68265784982491
0.0015279430970149,0.0021702842685487,0.00091,20.68130145631873
0.0015279430970149,0.0021702842685487,0.00091,20.68130145631873
0.0016411240671641,0.0021702842685487,0.00091,20.075184815249397
0.0012166954291044,0.0013415342685487,0.0009425,24.73765934592937
0.0017826002798507,0.0014390342685487,0.0009425,27.69969199387456
0.0017826002798507,0.0014390342685487,0.0009425,27.69969199387456
0.0009337430037313,0.0015365342685487,0.0009425,20.69979506725953
0.0009337430037313,0.0015365342685487,0.0009425,20.69979506725953
0.0017826002798507,0.0015365342685487,0.0009425,26.802197389321996
0.0017826002798507,0.0015365342685487,0.0009425,26.802197389321996
0.0009337430037313,0.0016340342685487,0.0009425,22.012009013534765
0.0017826002798507,0.0016340342685487,0.0009425,25.26457018448274
0.0017826002798507,0.0016340342685487,0.0009425,25.26457018448274
0.0017826002798507,0.0018290342685487,0.0009425,22.857982213824
0.0009337430037313,0.0019265342685487,0.0009425,23.691414439838407
0.0017826002798507,0.0019265342685487,0.0009425,22.06535145658505
0.0017826002798507,0.0019265342685487,0.0009425,22.06535145658505
0.0009337430037313,0.0020240342685487,0.0009425,22.86308858800072
0.0009337430037313,0.0020240342685487,0.0009425,22.86308858800072
0.0017826002798507,0.0020240342685487,0.0009425,17.736216844610237
0.0009337430037313,0.0021215342685487,0.0009425,22.553608573052383
0.0009337430037313,0.0021215342685487,0.0009425,22.553608573052383
0.000905447761194,0.0012927842685487,0.0009425,18.609993423030605
0.001810895522388,0.0016827842685487,0.0009425,24.71067501538498
0.0010752192164179,0.0021702842685487,0.0009425,22.18391865248944
0.0010752192164179,0.0021702842685487,0.0009425,22.18391865248944
0.0013015811567164,0.0021702842685487,0.0009425,20.81638024077193
0.0013015811567164,0.0021702842685487,0.0009425,20.81638024077193
0.0014147621268656,0.0021702842685487,0.0009425,20.670022725089787
0.0014147621268656,0.0021702842685487,0.0009425,20.670022725089787
0.0015279430970149,0.0021702842685487,0.0009425,20.64008477571747
0.0016411240671641,0.0021702842685487,0.0009425,20.14458424153701
0.0016411240671641,0.0021702842685487,0.0009425,20.14458424153701
0.0009903334888059,0.0013415342685487,0.000975,21.525566455652207
0.0010469239738805,0.0013415342685487,0.000975,21.36376214195564
0.0010469239738805,0.0013415342685487,0.000975,21.36376214195564
0.0012166954291044,0.0013415342685487,0.000975,24.820630355621446
0.0013298763992537,0.0013415342685487,0.000975,25.100792025897498
0.0014996478544776,0.0013415342685487,0.000975,26.47982100141302
0.0016694193097014,0.0013415342685487,0.000975,27.414957595816382
0.0009337430037313,0.0014390342685487,0.000975,20.115863068964227
0.0017826002798507,0.0014390342685487,0.000975,26.608482575284544
0.0017826002798507,0.0015365342685487,0.000975,25.805513656017716
0.0009337430037313,0.0016340342685487,0.000975,21.938517325899436
0.0017826002798507,0.0017315342685487,0.000975,23.730113908639854
0.0009337430037313,0.0018290342685487,0.000975,23.450460377368145
0.0009337430037313,0.0019265342685487,0.000975,23.49373407647912
0.0009337430037313,0.0019265342685487,0.000975,23.49373407647912
0.0017826002798507,0.0019265342685487,0.000975,20.951237143373238
0.0017826002798507,0.0019265342685487,0.000975,20.951237143373238
0.0009337430037313,0.0021215342685487,0.000975,22.28368414120196
0.0009337430037313,0.0021215342685487,0.000975,22.28368414120196
0.0017826002798507,0.0021215342685487,0.000975,18.117507502671547
0.000905447761194,0.0012927842685487,0.000975,19.884420917845137
0.0013015811567164,0.0021702842685487,0.000975,21.056160019857472
0.0013015811567164,0.0021702842685487,0.000975,21.056160019857472
0.0014147621268656,0.0021702842685487,0.000975,20.688462817471933
0.0014147621268656,0.0021702842685487,0.000975,20.688462817471933
0.0015279430970149,0.0021702842685487,0.000975,20.57698003660508
0.0015279430970149,0.0021702842685487,0.000975,20.57698003660508
0.0016411240671641,0.0021702842685487,0.000975,20.071696281476576
0.0016977145522388,0.0022677842685487,0.000975,20.4128703791413
0.0013864668843283,0.0013415342685487,0.0010075,25.023590270798216
0.0014996478544776,0.0013415342685487,0.0010075,26.10863044940134
0.0015562383395522,0.0013415342685487,0.0010075,25.722873790654525
0.0015562383395522,0.0013415342685487,0.0010075,25.722873790654525
0.0017260097947761,0.0013415342685487,0.0010075,27.0097929495515
0.0017260097947761,0.0013415342685487,0.0010075,27.0097929495515
0.0017826002798507,0.0013415342685487,0.0010075,27.667598272654807
0.0009337430037313,0.0014390342685487,0.0010075,20.52501486285309
0.0009337430037313,0.0014390342685487,0.0010075,20.52501486285309
0.0017826002798507,0.0014390342685487,0.0010075,26.28159322818708
0.0017826002798507,0.0014390342685487,0.0010075,26.28159322818708
0.0009337430037313,0.0019265342685487,0.0010075,22.58528447137453
0.0017826002798507,0.0019265342685487,0.0010075,20.9880120347527
0.0017826002798507,0.0019265342685487,0.0010075,20.9880120347527
0.0017826002798507,0.0020240342685487,0.0010075,19.71902804500343
0.0017826002798507,0.0020240342685487,0.0010075,19.71902804500343
0.0009337430037313,0.0021215342685487,0.0010075,21.54449917032188
0.0009337430037313,0.0021215342685487,0.0010075,21.54449917032188
0.0011318097014925,0.0012927842685487,0.0010075,23.44044230636167
0.0015845335820895,0.0012927842685487,0.0010075,26.027167049872094
0.001810895522388,0.0020727842685487,0.0010075,18.28782652073284
0.0013015811567164,0.0021702842685487,0.0010075,21.15732570765722
0.0013015811567164,0.0021702842685487,0.0010075,21.15732570765722
0.0014147621268656,0.0021702842685487,0.0010075,20.779087903446136
0.0014147621268656,0.0021702842685487,0.0010075,20.779087903446136
0.0015279430970149,0.0021702842685487,0.0010075,20.672053635959568
0.0012166954291044,0.0013415342685487,0.00104,23.81644444282043
0.0012166954291044,0.0013415342685487,0.00104,23.81644444282043
0.0017826002798507,0.0015365342685487,0.00104,24.790601248894863
0.0017826002798507,0.0015365342685487,0.00104,24.790601248894863
0.0009337430037313,0.0017315342685487,0.00104,21.69857382795148
0.0009337430037313,0.0019265342685487,0.00104,22.414805973823736
0.0009337430037313,0.0019265342685487,0.00104,22.414805973823736
0.0009337430037313,0.0020240342685487,0.00104,21.814571705611534
0.0009337430037313,0.0020240342685487,0.00104,21.814571705611534
0.0017826002798507,0.0020240342685487,0.00104,18.12877257334459
0.0009337430037313,0.0021215342685487,0.00104,21.434472152221144
0.0011318097014925,0.0012927842685487,0.00104,23.13922618582332
0.001358171641791,0.0012927842685487,0.00104,24.80489802777586
0.001358171641791,0.0012927842685487,0.00104,24.80489802777586
0.001810895522388,0.0016827842685487,0.00104,23.35501976247244
0.001810895522388,0.0016827842685487,0.00104,23.35501976247244
0.0010752192164179,0.0021702842685487,0.00104,21.155211563182178
0.0010752192164179,0.0021702842685487,0.00104,21.155211563182178
0.0014147621268656,0.0021702842685487,0.00104,20.79656641888695
0.0014147621268656,0.0021702842685487,0.00104,20.79656641888695
0.0016411240671641,0.0021702842685487,0.00104,20.04409517124181
0.0017543050373134,0.0021702842685487,0.00104,18.99750298113162
0.0016977145522388,0.0022677842685487,0.00104,20.20515647323144
0.0012166954291044,0.0013415342685487,0.0010724999999999,23.76332676500514
0.0013298763992537,0.0013415342685487,0.0010724999999999,24.623031529973836
0.0013864668843283,0.0013415342685487,0.0010724999999999,24.491400471195696
0.0014996478544776,0.0013415342685487,0.0010724999999999,25.167916293892105
0.0015562383395522,0.0013415342685487,0.0010724999999999,25.41258394106164
0.0016694193097014,0.0013415342685487,0.0010724999999999,25.90808984695926
0.0017260097947761,0.0013415342685487,0.0010724999999999,25.491917095461467
0.0017826002798507,0.0013415342685487,0.0010724999999999,25.997485720687127
0.0009337430037313,0.0014390342685487,0.0010724999999999,20.78082085871306
0.0009337430037313,0.0016340342685487,0.0010724999999999,21.20878265246212
0.0017826002798507,0.0017315342685487,0.0010724999999999,22.475517752006088
0.0017826002798507,0.0017315342685487,0.0010724999999999,22.475517752006088
0.0017826002798507,0.0018290342685487,0.0010724999999999,21.17789978964068
0.0009337430037313,0.0019265342685487,0.0010724999999999,21.62595542381059
0.0009337430037313,0.0019265342685487,0.0010724999999999,21.62595542381059
0.000905447761194,0.0012927842685487,0.0010724999999999,21.082988571514168
0.001810895522388,0.0012927842685487,0.0010724999999999,26.05282662061565
0.001810895522388,0.0016827842685487,0.0010724999999999,23.1534813793137
0.0010752192164179,0.0021702842685487,0.0010724999999999,20.99919067604766
0.0013015811567164,0.0021702842685487,0.0010724999999999,20.819180042210157
0.0015279430970149,0.0021702842685487,0.0010724999999999,20.426305125362838
0.0016411240671641,0.0021702842685487,0.0010724999999999,20.04727304701288
0.0016411240671641,0.0021702842685487,0.0010724999999999,20.04727304701288
0.0010469239738805,0.0014390342685487,0.0011049999999999,21.776588538458
0.0010469239738805,0.0014390342685487,0.0011049999999999,21.776588538458
0.0011601049440298,0.0014390342685487,0.0011049999999999,22.40004046869296
0.0011601049440298,0.0014390342685487,0.0011049999999999,22.40004046869296
0.0013864668843283,0.0014390342685487,0.0011049999999999,23.715693906944036
0.0014996478544776,0.0014390342685487,0.0011049999999999,24.19709701321604
0.0016128288246268,0.0014390342685487,0.0011049999999999,24.33463259873484
0.0016128288246268,0.0014390342685487,0.0011049999999999,24.33463259873484
0.0011601049440298,0.0015365342685487,0.0011049999999999,22.19554092555842
0.0011601049440298,0.0015365342685487,0.0011049999999999,22.19554092555842
0.0012732859141791,0.0015365342685487,0.0011049999999999,22.8784867726205
0.0012732859141791,0.0015365342685487,0.0011049999999999,22.8784867726205
0.0014996478544776,0.0015365342685487,0.0011049999999999,23.748802450327425
0.0014996478544776,0.0015365342685487,0.0011049999999999,23.748802450327425
0.0017260097947761,0.0015365342685487,0.0011049999999999,24.620831302210217
0.0010469239738805,0.0016340342685487,0.0011049999999999,21.60917095881123
0.0010469239738805,0.0016340342685487,0.0011049999999999,21.60917095881123
0.0011601049440298,0.0016340342685487,0.0011049999999999,21.992866131361623
0.0012732859141791,0.0016340342685487,0.0011049999999999,22.36077725544861
0.0012732859141791,0.0016340342685487,0.0011049999999999,22.36077725544861
0.0013864668843283,0.0016340342685487,0.0011049999999999,22.7234995290402
0.0013864668843283,0.0016340342685487,0.0011049999999999,22.7234995290402
0.0014996478544776,0.0016340342685487,0.0011049999999999,22.96393513023089
0.0014996478544776,0.0016340342685487,0.0011049999999999,22.96393513023089
0.0016128288246268,0.0016340342685487,0.0011049999999999,23.326931418280004
0.0016128288246268,0.0016340342685487,0.0011049999999999,23.326931418280004
0.0017260097947761,0.0016340342685487,0.0011049999999999,23.41011714881637
0.0011601049440298,0.0017315342685487,0.0011049999999999,21.8718248328018
0.0012732859141791,0.0017315342685487,0.0011049999999999,22.174794770761373
0.0012732859141791,0.0017315342685487,0.0011049999999999,22.174794770761373
0.0013864668843283,0.0017315342685487,0.0011049999999999,22.494777654929223
0.0014996478544776,0.0017315342685487,0.0011049999999999,22.48823075163786
0.0014996478544776,0.0017315342685487,0.0011049999999999,22.48823075163786
0.0016128288246268,0.0017315342685487,0.0011049999999999,22.63027840677728
0.0016128288246268,0.0017315342685487,0.0011049999999999,22.63027840677728
0.0017260097947761,0.0017315342685487,0.0011049999999999,22.41724850615648
0.0017260097947761,0.0017315342685487,0.0011049999999999,22.41724850615648
0.0010469239738805,0.0018290342685487,0.0011049999999999,21.603274353582687
0.0010469239738805,0.0018290342685487,0.0011049999999999,21.603274353582687
0.0011601049440298,0.0018290342685487,0.0011049999999999,21.792514116869324
0.0011601049440298,0.0018290342685487,0.0011049999999999,21.792514116869324
0.0012732859141791,0.0018290342685487,0.0011049999999999,22.01748225946873
0.0012732859141791,0.0018290342685487,0.0011049999999999,22.01748225946873
0.0013864668843283,0.0018290342685487,0.0011049999999999,22.141064387300958
0.0013864668843283,0.0018290342685487,0.0011049999999999,22.141064387300958
0.0014996478544776,0.0018290342685487,0.0011049999999999,22.05758977754329
0.0016128288246268,0.0018290342685487,0.0011049999999999,22.08621126339265
0.0016128288246268,0.0018290342685487,0.0011049999999999,22.08621126339265
0.0017260097947761,0.0018290342685487,0.0011049999999999,21.75367168770073
0.0010469239738805,0.0019265342685487,0.0011049999999999,21.478055649548292
0.0010469239738805,0.0019265342685487,0.0011049999999999,21.478055649548292
0.0011601049440298,0.0019265342685487,0.0011049999999999,21.74496089659563
0.0011601049440298,0.0019265342685487,0.0011049999999999,21.74496089659563
0.0012732859141791,0.0019265342685487,0.0011049999999999,21.62107273946392
0.0013864668843283,0.0019265342685487,0.0011049999999999,21.9275109713995
0.0013864668843283,0.0019265342685487,0.0011049999999999,21.9275109713995
0.0014996478544776,0.0019265342685487,0.0011049999999999,21.51330875613264
0.0014996478544776,0.0019265342685487,0.0011049999999999,21.51330875613264
0.0016128288246268,0.0019265342685487,0.0011049999999999,21.39955159077913
0.0017260097947761,0.0019265342685487,0.0011049999999999,20.939403617777565
0.0017260097947761,0.0019265342685487,0.0011049999999999,20.939403617777565
0.0010469239738805,0.0020240342685487,0.0011049999999999,21.44023255247214
0.0010469239738805,0.0020240342685487,0.0011049999999999,21.44023255247214
0.0012732859141791,0.0020240342685487,0.0011049999999999,21.31109829024811
0.0012732859141791,0.0020240342685487,0.0011049999999999,21.31109829024811
0.0013864668843283,0.0020240342685487,0.0011049999999999,21.28858768469652
0.0014996478544776,0.0020240342685487,0.0011049999999999,21.156194239193404
0.0014996478544776,0.0020240342685487,0.0011049999999999,21.156194239193404
0.0016128288246268,0.0020240342685487,0.0011049999999999,20.82855974108136
0.0016128288246268,0.0020240342685487,0.0011049999999999,20.82855974108136
0.0017260097947761,0.0020240342685487,0.0011049999999999,19.88825891548802
0.0017260097947761,0.0020240342685487,0.0011049999999999,19.88825891548802
0.0010469239738805,0.0021215342685487,0.0011049999999999,21.26346893121045
0.0011601049440298,0.0021215342685487,0.0011049999999999,21.196078095808453
0.0011601049440298,0.0021215342685487,0.0011049999999999,21.196078095808453
0.0012732859141791,0.0021215342685487,0.0011049999999999,21.088559418606188
0.0012732859141791,0.0021215342685487,0.0011049999999999,21.088559418606188
0.0013864668843283,0.0021215342685487,0.0011049999999999,20.92859166496991
0.0014996478544776,0.0021215342685487,0.0011049999999999,20.774996427344465
0.001358171641791,0.0012927842685487,0.0011049999999999,24.263584374485227
0.001810895522388,0.0012927842685487,0.0011049999999999,25.52475285368461
0.0011884001865671,0.0013902842685487,0.0011049999999999,22.7310472352644
0.0014147621268656,0.0013902842685487,0.0011049999999999,24.2776436513384
0.0016411240671641,0.0013902842685487,0.0011049999999999,25.002445033655444
0.0013015811567164,0.0015852842685487,0.0011049999999999,22.76897067333752
0.0013015811567164,0.0015852842685487,0.0011049999999999,22.76897067333752
0.0015279430970149,0.0015852842685487,0.0011049999999999,23.55572918640525
0.0015279430970149,0.0015852842685487,0.0011049999999999,23.55572918640525
0.0011884001865671,0.0017802842685487,0.0011049999999999,21.929161579443424
0.0011884001865671,0.0017802842685487,0.0011049999999999,21.929161579443424
0.0014147621268656,0.0017802842685487,0.0011049999999999,22.30259240013132
0.0016411240671641,0.0017802842685487,0.0011049999999999,22.589762070007207
0.0016411240671641,0.0017802842685487,0.0011049999999999,22.589762070007207
0.0014713526119402,0.0018777842685487,0.0011049999999999,21.792745346964907
0.0016977145522388,0.0018777842685487,0.0011049999999999,21.42153576213482
0.0016977145522388,0.0018777842685487,0.0011049999999999,21.42153576213482
0.0019240764925373,0.0018777842685487,0.0011049999999999,19.887334673368013
0.0013015811567164,0.0019752842685487,0.0011049999999999,21.46353664734301
0.0015279430970149,0.0019752842685487,0.0011049999999999,21.374364603812445
0.0015279430970149,0.0019752842685487,0.0011049999999999,21.374364603812445
0.0017543050373134,0.0019752842685487,0.0011049999999999,20.0925476058456
0.0017543050373134,0.0019752842685487,0.0011049999999999,20.0925476058456
0.0010186287313432,0.0020727842685487,0.0011049999999999,21.340725611247592
0.0010186287313432,0.0020727842685487,0.0011049999999999,21.340725611247592
0.0015845335820895,0.0020727842685487,0.0011049999999999,20.658949757468104
0.001358171641791,0.0012927842685487,0.0011375,24.02247039157083
0.0010186287313432,0.0014877842685487,0.0011375,21.540987404007783
0.0010186287313432,0.0014877842685487,0.0011375,21.540987404007783
0.0012449906716417,0.0014877842685487,0.0011375,22.71714358600529
0.0012449906716417,0.0014877842685487,0.0011375,22.71714358600529
0.0011318097014925,0.0016827842685487,0.0011375,21.723294627733985
0.001358171641791,0.0016827842685487,0.0011375,22.434696557239107
0.0015845335820895,0.0016827842685487,0.0011375,22.585627054843638
0.0012449906716417,0.0018777842685487,0.0011375,21.800391423088723
0.0014713526119402,0.0018777842685487,0.0011375,21.8932643717856
0.001358171641791,0.0020727842685487,0.0011375,21.140213729183305
0.001358171641791,0.0020727842685487,0.0011375,21.140213729183305
0.0015845335820895,0.0020727842685487,0.0011375,20.64015679867274
0.0015845335820895,0.0012927842685487,0.00117,24.329450082698564
0.0012449906716417,0.0014877842685487,0.00117,22.41561949916349
0.0012449906716417,0.0014877842685487,0.00117,22.41561949916349
0.0011318097014925,0.0016827842685487,0.00117,21.658945718473664
0.0015845335820895,0.0016827842685487,0.00117,22.66473063463824
0.0015845335820895,0.0016827842685487,0.00117,22.66473063463824
0.0016977145522388,0.0018777842685487,0.00117,21.17596101497136
0.0009620382462686,0.0019752842685487,0.00117,21.107124296889587
0.001358171641791,0.0020727842685487,0.00117,21.086187536017164
0.0016977145522388,0.0018777842685487,0.0012025,21.24704271352141
